datetime,hour,irradiance_W_m2,temperature_C,cloud_cover_percent,energy_generated_kWh
2024-01-01 00:00:00,0,39.73713224089862,21.560392614659207,2.3690188224112347,0.1939787604931264
2024-01-01 01:00:00,1,119.4650481263568,25.847903607509146,0.0,0.597325240631784
2024-01-01 02:00:00,2,310.6341281505762,27.060215461845022,71.21653127805317,0.4470563855795668
2024-01-01 03:00:00,3,504.5258208777318,24.27492630586818,19.419506987224445,2.032746969200146
2024-01-01 04:00:00,4,481.26773002213304,27.210015021505395,26.28526473163003,1.7738261655895444
2024-01-01 05:00:00,5,590.0304724527862,23.0417237410462,7.74471843357891,2.7216713684450125
2024-01-01 06:00:00,6,833.4438064271388,18.82805276433714,48.96678558658377,2.1266658237464977
2024-01-01 07:00:00,7,854.748118623468,23.900430344560558,14.368802815508301,3.659655234445975
2024-01-01 08:00:00,8,828.4674529096424,25.36183000109765,20.17473944677356,3.3066315144190033
2024-01-01 09:00:00,9,967.2843359981638,24.344613681868978,35.99040838832321,3.0957737659807205
2024-01-01 10:00:00,10,928.8524108640714,21.69632377057989,8.71908145508855,4.2393250628163965
2024-01-01 11:00:00,11,954.1864810881897,19.725186633921894,26.42835460971549,3.5100534711411857
2024-01-01 12:00:00,12,1019.3569817252827,23.629867148454654,58.0441917900654,2.1383973011361883
2024-01-01 13:00:00,13,838.3824418011864,27.86510087650758,38.565087950337265,2.5752975788018686
2024-01-01 14:00:00,14,827.9323996880258,28.940725879799395,32.610845848567166,2.7896832054771035
2024-01-01 15:00:00,15,878.896530172009,28.73527371397371,34.2972941892773,2.887294007997824
2024-01-01 16:00:00,16,784.9989141576848,22.72440495611269,22.217298080468723,3.0529668273541453
2024-01-01 17:00:00,17,818.4931268988572,21.711014590667254,69.92304639509851,1.230888990183384
2024-01-01 18:00:00,18,634.4648551448508,26.662037406498033,13.756857389318654,2.7359121491861327
2024-01-01 19:00:00,19,495.7771329018974,27.077433596352122,34.2185232392786,1.6306475973241623
2024-01-01 20:00:00,20,617.2519015137242,26.37264237715984,32.300511326856146,2.089381905750244
2024-01-01 21:00:00,21,364.62132832616703,19.129943738845057,50.175250142662705,0.9083583238250662
2024-01-01 22:00:00,22,264.22130147755496,22.57147980690795,52.063478775872795,0.6332925013072663
2024-01-01 23:00:00,23,16.54633732297546,25.08306719070041,29.359623910258584,0.05844197457013558
2024-01-02 00:00:00,0,0.0,26.80587070011874,35.81332986226099,0.0
2024-01-02 01:00:00,1,139.39999939684085,27.64613820403492,36.570695078278966,0.44210225339149734
2024-01-02 02:00:00,2,166.7395589087366,25.776976683073578,0.0,0.833697794543683
2024-01-02 03:00:00,3,412.73927383274355,26.336567535842164,0.0,2.0636963691637176
2024-01-02 04:00:00,4,451.9489048064955,25.59881249131077,17.898726185560587,1.855279039182705
2024-01-02 05:00:00,5,585.4259290252585,27.401074238882906,18.768026472462623,2.377765178445688
2024-01-02 06:00:00,6,658.9702522081958,26.28281307070019,6.014351560717355,3.0966873227992453
2024-01-02 07:00:00,7,941.5355950519504,25.54142909636932,44.9916514274726,2.589615910302985
2024-01-02 08:00:00,8,864.9456258054038,24.539109718815315,30.04236842034945,3.025477371326236
2024-01-02 09:00:00,9,839.2626581948145,25.5880903913549,25.706109052263255,3.117604420221661
2024-01-02 10:00:00,10,1031.7294192573236,26.797990252745283,4.876894509852264,4.907065319265163
2024-01-02 11:00:00,11,893.7773693761285,26.14664228292164,29.10910271510423,3.1680339844003735
2024-01-02 12:00:00,12,1016.7090876003805,26.486695371263217,0.0,5.083545438001903
2024-01-02 13:00:00,13,834.6712514634282,29.372381700281014,26.74087378388318,3.0573643279961735
2024-01-02 14:00:00,14,859.670942377194,26.13970788446722,31.263673376155122,2.9545311342133673
2024-01-02 15:00:00,15,939.6284313808167,23.397220554807983,34.83829968642997,3.0613893125873335
2024-01-02 16:00:00,16,925.1027301840716,27.995036474209964,0.0,4.625513650920357
2024-01-02 17:00:00,17,807.0628027864329,21.245621103220707,34.49633473382949,2.643278584124994
2024-01-02 18:00:00,18,697.8549185954885,22.099975974009595,9.17137460270915,3.169260149138326
2024-01-02 19:00:00,19,584.6731333615776,26.351757910387665,13.75060335415332,2.5213852493736355
2024-01-02 20:00:00,20,381.7182407706057,26.893406119587194,44.3586277164533,1.0619663371068895
2024-01-02 21:00:00,21,325.0958956935132,21.609062445715473,70.28227446719488,0.48305553000306334
2024-01-02 22:00:00,22,221.96794342573804,24.19576367326721,31.0271751760536,0.7654878039217538
2024-01-02 23:00:00,23,215.09597031756525,23.52596461956848,13.658090827195355,0.9285898366297752
2024-01-03 00:00:00,0,27.489463165476913,24.05616770358775,33.77340895019997,0.09102667176192904
2024-01-03 01:00:00,1,0.0,28.346990001051378,48.78058314998291,0.0
2024-01-03 02:00:00,2,284.7457626541044,27.635713062874295,42.419951317454704,0.8197837437885909
2024-01-03 03:00:00,3,351.8768499317845,25.458830132671416,84.86225744927492,0.26633105819137376
2024-01-03 04:00:00,4,445.8462399755232,23.878310890887754,15.693248618106665,1.8793924054084197
2024-01-03 05:00:00,5,657.69553211599,21.467247661572117,35.04462959838596,2.136042845004038
2024-01-03 06:00:00,6,789.5867429862236,29.776751488578384,60.978359068364064,1.5405485184594165
2024-01-03 07:00:00,7,867.8557498205312,27.292538373087293,59.72318474037064,1.7477232853764324
2024-01-03 08:00:00,8,798.8880019266273,23.396189360013118,0.0,3.994440009633137
2024-01-03 09:00:00,9,899.1425424431894,27.674995165107212,29.932847599200375,3.1500178775704706
2024-01-03 10:00:00,10,992.4269008013534,25.305525810508662,59.690415316974,2.00021580997826
2024-01-03 11:00:00,11,1069.488471543599,24.65486815764551,87.81285980798275,0.6517002968224048
2024-01-03 12:00:00,12,961.6660609723768,26.821831257101344,44.07591767501637,2.689014598148096
2024-01-03 13:00:00,13,976.5921432407049,23.291701922494365,22.642734126070327,3.777324903753101
2024-01-03 14:00:00,14,877.4190283685862,24.48492711370221,9.815936951252201,3.9564606487281804
2024-01-03 15:00:00,15,828.1830025848332,25.880579864831176,74.37486715061698,1.0611149732418637
2024-01-03 16:00:00,16,931.0274695759746,24.0178430935769,44.57483172931518,2.580117708293914
2024-01-03 17:00:00,17,901.8525425769012,27.52345230303511,13.03866146229165,3.921315213306147
2024-01-03 18:00:00,18,701.345971460121,31.12339618326732,25.936872673324377,2.597193799215097
2024-01-03 19:00:00,19,689.0440608400827,23.253302274411112,36.20373033657408,2.1979220357667986
2024-01-03 20:00:00,20,528.9308820038107,20.520820783320406,40.876133077762354,1.5636219539327543
2024-01-03 21:00:00,21,331.07385199668,19.510976169803754,12.0076268490842,1.456598696270147
2024-01-03 22:00:00,22,287.73069354319415,25.064792247747594,17.716191637490148,1.1837788623760122
2024-01-03 23:00:00,23,253.56911753732953,23.52670290185399,0.0,1.2678455876866477
2024-01-04 00:00:00,0,0.0,26.31160577122444,50.795245792095635,0.0
2024-01-04 01:00:00,1,255.69768468517208,26.085817284101502,23.167630664593677,0.9822929473969706
2024-01-04 02:00:00,2,49.23943677534126,20.87837372818091,39.32643298366584,0.14937661335176083
2024-01-04 03:00:00,3,448.4356327151077,20.24337277957898,58.44517017152654,0.9317333203250063
2024-01-04 04:00:00,4,506.9637654590536,26.575823989061483,34.397402847478915,1.6629069838167738
2024-01-04 05:00:00,5,584.8408409714511,26.09431077218307,27.74059048101864,2.113012691559077
2024-01-04 06:00:00,6,714.4476433093878,24.410570272923543,33.878429537678684,2.362020009436055
2024-01-04 07:00:00,7,634.3478271231639,20.716593512626286,31.263872077004535,2.1801306696406
2024-01-04 08:00:00,8,848.4516527574375,27.102198056318173,54.923299957558896,1.9122700325930204
2024-01-04 09:00:00,9,952.4485382322263,29.503722904295028,36.2167679507758,3.037512306450524
2024-01-04 10:00:00,10,1084.1573498683897,26.521971588679964,19.11197960842175,4.384767091191687
2024-01-04 11:00:00,11,949.9832439119184,23.145602596328004,50.956981137795005,2.329502307497545
2024-01-04 12:00:00,12,935.320511768545,25.82168076473665,54.60968712716704,2.122724533277625
2024-01-04 13:00:00,13,951.3042978870473,21.589682025222146,3.2333874635907307,4.602724719892839
2024-01-04 14:00:00,14,1039.1579957052345,28.861906409539575,60.65567769536211,2.0442483554234134
2024-01-04 15:00:00,15,950.1796212840616,25.933557271611814,37.29423546416971,2.979086979949138
2024-01-04 16:00:00,16,823.6445874830756,20.383553532763504,35.66539900293197,2.6494422949559175
2024-01-04 17:00:00,17,834.4147349403038,24.78600118669215,50.1324926319303,2.0805091471330766
2024-01-04 18:00:00,18,714.8729851343909,27.077928798725893,18.660472179914425,2.9073715531083204
2024-01-04 19:00:00,19,686.2530282513519,24.68888140509663,49.08329028381848,1.7470873115662302
2024-01-04 20:00:00,20,443.8357524898117,24.860337103702676,22.464490605242894,1.7206515578451442
2024-01-04 21:00:00,21,356.47046063726845,22.014817646881383,0.5009864057932347,1.773422960444036
2024-01-04 22:00:00,22,227.45039285194844,27.38764722926817,10.044874417861315,1.0230164326351898
2024-01-04 23:00:00,23,13.44499636948251,23.742616667965788,41.34043665806453,0.039433880808387584
2024-01-05 00:00:00,0,23.689622165166085,19.390311856359368,11.090633200106836,0.10531146532168154
2024-01-05 01:00:00,1,151.4106139944427,24.745875875363286,62.20152246379298,0.28615453459061274
2024-01-05 02:00:00,2,259.2281216339177,28.803097134085526,53.785669068792856,0.5990027099932544
2024-01-05 03:00:00,3,363.91646169507806,24.698859647574622,56.6687833206593,0.7884471527444209
2024-01-05 04:00:00,4,386.77034063596676,31.073602942745026,32.49557159354824,1.3054355384599792
2024-01-05 05:00:00,5,575.1098031874919,27.146551833020016,35.15723234589919,1.8645855671841096
2024-01-05 06:00:00,6,679.689619864406,26.875922474215564,6.12576291511445,3.190267225964349
2024-01-05 07:00:00,7,729.1711587535058,25.474453189621638,49.91567020314981,1.8260024396680996
2024-01-05 08:00:00,8,853.1225468511577,25.654789364081594,37.59666910074171,2.661884429438539
2024-01-05 09:00:00,9,956.2036010564497,25.069377082015954,41.346112505845205,2.804252921893533
2024-01-05 10:00:00,10,1116.8206983859109,24.952839811126886,63.76623622905764,2.023330867990698
2024-01-05 11:00:00,11,1005.4110864003574,27.45224947357591,17.8807403210498,4.128180704410319
2024-01-05 12:00:00,12,1020.6040312578211,23.05215429800277,27.477169002453635,3.7008546837162744
2024-01-05 13:00:00,13,985.4891881125169,22.63196650120169,36.533418430843355,3.12728149714325
2024-01-05 14:00:00,14,812.4241290651452,22.490062834748333,11.291291890825864,3.603454746304499
2024-01-05 15:00:00,15,921.7584224753494,31.99661163040593,26.248023574463204,3.3990752722220976
2024-01-05 16:00:00,16,870.8438205797208,27.450676692386207,39.85899620933939,2.6186710757279177
2024-01-05 17:00:00,17,990.4127092900583,26.7731245924149,23.491574572543378,3.788745845556185
2024-01-05 18:00:00,18,691.7179040040579,22.68710397649417,56.179788194582244,1.515561253152872
2024-01-05 19:00:00,19,632.8852163954097,27.72967488939895,0.0,3.164426081977048
2024-01-05 20:00:00,20,497.2230584235804,25.50993394801448,52.45542480466683,1.1820129545036728
2024-01-05 21:00:00,21,289.18918935552733,26.502154810769714,43.2237094963201,0.8209544712686558
2024-01-05 22:00:00,22,350.2448702637227,22.929787039783797,18.623428248868183,1.4250863407740844
2024-01-05 23:00:00,23,190.68083483499393,26.340454559627197,11.51182863540004,0.8436499194411963
2024-01-06 00:00:00,0,63.28255576344375,24.7595163598549,0.0,0.3164127788172188
2024-01-06 01:00:00,1,57.77519583647245,23.734183503383782,14.09649975172332,0.24815457749413222
2024-01-06 02:00:00,2,371.04258997740874,28.233335981896094,50.94353310005994,0.9101019266847393
2024-01-06 03:00:00,3,270.53534734170734,21.41789354888434,28.878285474426516,0.9620468871356885
2024-01-06 04:00:00,4,546.9485675040215,27.725345767416798,53.25961760783683,1.278229259699192
2024-01-06 05:00:00,5,783.9978790735189,28.084475375133337,17.602578587508958,3.2299701814259967
2024-01-06 06:00:00,6,627.8638751760925,23.392085947820625,44.14212320213126,1.7535571492709305
2024-01-06 07:00:00,7,748.0495219230136,23.570031591076944,15.650027958311568,3.15489781300023
2024-01-06 08:00:00,8,873.9975129914498,25.361939930675142,10.68849987580322,3.902901449504177
2024-01-06 09:00:00,9,883.6014801819906,26.87712560586101,27.857455656586474,3.187262948296754
2024-01-06 10:00:00,10,841.8727518037778,25.57245199903167,16.70066977360007,3.506371818055545
2024-01-06 11:00:00,11,996.9298993582925,27.331704355049986,0.0,4.984649496791462
2024-01-06 12:00:00,12,915.0157029019116,31.319955932086543,26.353705985660135,3.369375774182602
2024-01-06 13:00:00,13,1029.3322558246248,24.507866667025205,32.12870832862578,3.493105488091335
2024-01-06 14:00:00,14,892.3718875503642,20.885477062364085,55.36717222992135,1.99145403819477
2024-01-06 15:00:00,15,1047.87428491269,28.508787723566307,48.7361135426612,2.685905418166461
2024-01-06 16:00:00,16,803.3651403975398,31.080960702256938,54.39886398465663,1.8317181518626817
2024-01-06 17:00:00,17,767.5884189947813,27.20932206362772,44.40714996787017,2.1336213931788257
2024-01-06 18:00:00,18,772.1881585761213,22.767770948413343,36.652255178999496,2.44581892116392
2024-01-06 19:00:00,19,510.2922836940043,25.659339884768745,5.4211018705621505,2.413144095786671
2024-01-06 20:00:00,20,518.1967947683303,22.67544652183945,32.99744395870549,1.7360254890942117
2024-01-06 21:00:00,21,487.25485270768417,27.95958345636319,41.93587554661629,1.4146013204067063
2024-01-06 22:00:00,22,130.22038633762284,21.977145766379046,59.148758987408726,0.26598321935154895
2024-01-06 23:00:00,23,145.29690090263634,25.130630613989748,43.72577083463627,0.40882355492060507
2024-01-07 00:00:00,0,20.790623539873884,23.18906697011181,54.807668692108436,0.04697883735558149
2024-01-07 01:00:00,1,193.0720219622364,26.582554504398413,9.36004217269522,0.8750019964144784
2024-01-07 02:00:00,2,159.86298823227426,25.103055417580254,23.471647477038097,0.6117025559406798
2024-01-07 03:00:00,3,277.0469033183477,26.73236675874432,38.587014273225414,0.8507138759568391
2024-01-07 04:00:00,4,541.7553252493517,26.269132113892624,53.21905381485123,1.2671913358003846
2024-01-07 05:00:00,5,632.5202028673755,23.242103365821198,27.095427083221608,2.3056807625640015
2024-01-07 06:00:00,6,727.1462092142177,28.082711639580594,28.351080817016932,2.604961998910099
2024-01-07 07:00:00,7,821.0691970509934,26.05578349346418,43.742806120059576,2.3095524503672373
2024-01-07 08:00:00,8,811.6234260581592,23.236493425395825,7.482583457097512,3.7544651292300166
2024-01-07 09:00:00,9,942.4598282841669,32.924860117610905,62.14809099646858,1.7836951829848062
2024-01-07 10:00:00,10,989.3716241529629,27.6313709491449,12.417278137846303,4.3325929888248105
2024-01-07 11:00:00,11,934.2967479317008,25.742298788795612,0.0,4.671483739658504
2024-01-07 12:00:00,12,1149.2619608915804,30.447694029098997,30.201340170451612,4.010847233165558
2024-01-07 13:00:00,13,1029.3514950467531,31.72752727715335,63.9691740475113,1.8544192280981795
2024-01-07 14:00:00,14,870.6215465128566,25.766032182051873,41.7290626066722,2.5365966815066447
2024-01-07 15:00:00,15,976.4038212019932,27.244272908297813,45.02181086007266,2.6840456979495486
2024-01-07 16:00:00,16,788.0508701662529,23.238071994984704,30.827715246142287,2.7255639595832704
2024-01-07 17:00:00,17,856.3201085906314,25.760502196689494,26.95245005457646,3.127604295077233
2024-01-07 18:00:00,18,799.79442750714,25.60489278771392,0.0,3.9989721375357004
2024-01-07 19:00:00,19,543.1068435405839,26.75656154985849,0.0,2.7155342177029196
2024-01-07 20:00:00,20,577.0700903395457,27.20036188490456,33.92544676881727,1.906482420113187
2024-01-07 21:00:00,21,415.70590652000976,27.881565795477705,56.25098388680452,0.9093362201347222
2024-01-07 22:00:00,22,324.58385790208024,26.915008417893404,36.88267409656131,1.0243432571100515
2024-01-07 23:00:00,23,282.2696308323678,22.569852569106033,42.47199054104027,0.8119204996250762
2024-01-08 00:00:00,0,0.0,23.557386403909394,61.6743509127908,0.0
2024-01-08 01:00:00,1,70.2272990714524,24.73356486274163,36.57533702882116,0.22270713874915246
2024-01-08 02:00:00,2,187.65789073247896,25.526065945362962,27.546897993847608,0.6798198149749849
2024-01-08 03:00:00,3,317.41860956785473,29.52511059254899,13.629503886998698,1.3707801391937338
2024-01-08 04:00:00,4,493.83186324687154,22.88397076057391,70.44425125944173,0.7297785235103135
2024-01-08 05:00:00,5,636.0535869940521,25.30054257662055,40.530955583073606,1.8912749508247322
2024-01-08 06:00:00,6,729.2420451329491,29.2318162157748,11.127965681613382,3.240461203073295
2024-01-08 07:00:00,7,859.5280002141172,25.473155297642812,6.576646643975263,4.014999404170039
2024-01-08 08:00:00,8,867.0655551346711,27.75403467066112,55.06127453857825,1.9482410469626112
2024-01-08 09:00:00,9,1040.1622586838719,25.95416159234894,9.251166071833488,4.719675603582464
2024-01-08 10:00:00,10,944.7532796300319,27.143137493106817,67.07668315004442,1.5552205785147115
2024-01-08 11:00:00,11,1209.0583947009798,25.68737008970403,0.0,6.0452919735048996
2024-01-08 12:00:00,12,1050.0533878212004,28.373984139317713,58.45190395579954,2.1813859504366655
2024-01-08 13:00:00,13,922.8722568605076,21.737618498913342,39.73789622323929,2.7807111857810636
2024-01-08 14:00:00,14,880.2544264441794,25.282851695967015,32.37188846113748,2.976497226707221
2024-01-08 15:00:00,15,962.4773257307417,27.262505751215574,26.490831299164743,3.5375454053934927
2024-01-08 16:00:00,16,848.1483809583706,27.97387346515123,67.81459697188059,1.3648998734396056
2024-01-08 17:00:00,17,850.4733798186027,30.85164558939413,44.14117716802407,2.375322092329955
2024-01-08 18:00:00,18,744.9657911524313,25.19971372053592,11.935927822090974,3.2802360601060405
2024-01-08 19:00:00,19,602.9351159961709,30.81123300671527,0.0,3.0146755799808544
2024-01-08 20:00:00,20,432.2565025545275,24.395716241153636,33.545944262946165,1.4362598856731261
2024-01-08 21:00:00,21,261.49565439022075,30.35872695576658,29.978577329251717,0.9155148871310782
2024-01-08 22:00:00,22,223.09784893715937,28.825189101227767,0.0,1.115489244685797
2024-01-08 23:00:00,23,199.03809576592977,23.63241198223598,28.892129490353287,0.7076587570105197
2024-01-09 00:00:00,0,17.127499530416316,27.464205918398275,18.521307338515996,0.06977631351492512
2024-01-09 01:00:00,1,30.86708992309252,26.389380700046235,30.18580136613389,0.10774805735700942
2024-01-09 02:00:00,2,272.67351917061535,28.419841987667812,44.51847223296804,0.7564171712599409
2024-01-09 03:00:00,3,413.50882274339676,25.87327344134288,59.85219894928071,0.8300734974109522
2024-01-09 04:00:00,4,429.29140510390926,25.621349529657614,48.177780727385745,1.112341666357173
2024-01-09 05:00:00,5,621.0594374843628,30.650371954931366,15.57118500339589,2.621765617463114
2024-01-09 06:00:00,6,711.7634786622275,26.24692552327579,37.37830257658389,2.2285918598912047
2024-01-09 07:00:00,7,701.9157164647854,29.02235517921811,31.26214242984048,2.412409127230645
2024-01-09 08:00:00,8,894.6483926123011,25.86703375151021,3.3574209073819787,4.323056402155895
2024-01-09 09:00:00,9,968.7422946207454,31.54307798432538,37.96465569384545,3.0048130895366074
2024-01-09 10:00:00,10,1052.5699257430906,24.50808431863633,67.13344675835428,1.7297172752495185
2024-01-09 11:00:00,11,1075.7490255366024,24.700657612901256,30.64853208374008,3.730238701522478
2024-01-09 12:00:00,12,889.7864505634327,31.11663974999052,0.0,4.448932252817164
2024-01-09 13:00:00,13,916.4188581806004,25.208249033957053,30.60537342217238,3.1797272226160964
2024-01-09 14:00:00,14,1007.1286476657613,31.34631112513599,5.725756020534995,4.74731459243753
2024-01-09 15:00:00,15,964.9824085842636,29.21860994542725,47.272110137725754,2.5440743079431587
2024-01-09 16:00:00,16,907.2292186889225,26.07913908696031,40.49729983450258,2.6991294090512725
2024-01-09 17:00:00,17,1101.571859543613,21.103207790591334,26.581798930505133,4.043771213823517
2024-01-09 18:00:00,18,752.778022042001,26.485133293827303,23.376714682883577,2.8840162581689395
2024-01-09 19:00:00,19,699.6066802231686,26.847978367243083,25.755313967689066,2.5971039159638254
2024-01-09 20:00:00,20,576.3201410794561,30.04474140655593,30.16548988684641,2.012351736031369
2024-01-09 21:00:00,21,434.79473246955376,31.308429735363145,14.555299573169156,1.8575452831512542
2024-01-09 22:00:00,22,233.5975055312934,24.488126669211567,2.2449383799712628,1.1417669273748294
2024-01-09 23:00:00,23,191.2437298595134,28.94663349860736,52.77397893389296,0.4515840207553132
2024-01-10 00:00:00,0,0.0,29.00913790985482,22.291980470060835,0.0
2024-01-10 01:00:00,1,111.58070368085086,29.93316954904611,33.34086208338288,0.37189367577475124
2024-01-10 02:00:00,2,219.98996127619253,28.209001178221406,35.70563902334989,0.70720569907654
2024-01-10 03:00:00,3,389.2333635159956,20.885438368929464,36.44040959310428,1.2369756578887514
2024-01-10 04:00:00,4,685.1726853338805,26.246664144231495,6.523640058031518,3.202372427833746
2024-01-10 05:00:00,5,459.3802136013808,23.24580871706403,0.0,2.2969010680069037
2024-01-10 06:00:00,6,762.0075964165086,26.105114123060552,18.22614950616016,3.115614763226691
2024-01-10 07:00:00,7,664.3360705960632,29.652944150216456,37.914230648339064,2.062290802550796
2024-01-10 08:00:00,8,828.2708545212838,27.62838394943969,15.44100265051374,3.5018876496060978
2024-01-10 09:00:00,9,1010.9955802686759,30.157204041007073,22.901572926015326,3.8973084508732665
2024-01-10 10:00:00,10,971.0682278167054,27.738193203955394,72.54594827499136,1.3329878677496154
2024-01-10 11:00:00,11,905.2252791394658,22.817953622808066,0.0,4.526126395697329
2024-01-10 12:00:00,12,942.7757032592026,19.15039042209657,14.899320081790028,4.011542667886336
2024-01-10 13:00:00,13,1045.8126812885844,27.159357726853546,67.93208137147857,1.676851798211907
2024-01-10 14:00:00,14,907.4964957516976,26.071152042761277,29.10802656009553,3.2167108736817864
2024-01-10 15:00:00,15,941.1962196778449,23.782094223669127,15.880296690021789,3.958657337788669
2024-01-10 16:00:00,16,869.6711509767438,21.61104969286064,53.375378340222404,2.0274044191357
2024-01-10 17:00:00,17,741.2253124827699,24.508701801396647,31.104608729622225,2.5533503961504236
2024-01-10 18:00:00,18,878.6223083325738,26.129456987220447,23.03383209911988,3.3812096052291873
2024-01-10 19:00:00,19,659.4749507941616,28.710564912933943,33.84737854075022,2.1812998390871776
2024-01-10 20:00:00,20,337.9885930673913,27.278824686518714,16.837823812344677,1.4053933463044068
2024-01-10 21:00:00,21,397.59977754664413,31.537133183332962,9.650178742238431,1.7961534416732527
2024-01-10 22:00:00,22,205.87612792105,23.60611927367859,27.728061447305034,0.7439533433288447
2024-01-10 23:00:00,23,198.72085900374992,29.356108117987073,9.780060798479859,0.8964291908696087
2024-01-11 00:00:00,0,0.0,27.024163327818627,30.213866235929608,0.0
2024-01-11 01:00:00,1,121.34727690269965,28.966274470788196,37.08813134948678,0.3817091972800048
2024-01-11 02:00:00,2,299.2180274209574,25.572722508635813,47.06120912103222,0.7920120290427656
2024-01-11 03:00:00,3,451.9438478986995,30.097308220104214,52.55849971033655,1.0720447095498884
2024-01-11 04:00:00,4,403.97628743553776,27.767941373468172,21.885269967354965,1.5778249316308626
2024-01-11 05:00:00,5,582.0013301414447,24.843932143679194,39.98829215878139,1.7463446893824497
2024-01-11 06:00:00,6,669.111156293671,26.846195011692878,39.85046892412713,2.0123361144349694
2024-01-11 07:00:00,7,741.0870016853384,26.163599521621144,36.556374316319676,2.3508623166982785
2024-01-11 08:00:00,8,1007.2617430069263,28.349802150345823,20.41081178099083,4.008357222499275
2024-01-11 09:00:00,9,956.278069388163,23.342936850308917,9.438643750717787,4.330091945761862
2024-01-11 10:00:00,10,865.0551099422647,26.79421199208536,40.04003778133119,2.5934335854602293
2024-01-11 11:00:00,11,1064.8738171381924,28.068188856380434,0.0,5.324369085690962
2024-01-11 12:00:00,12,1169.7724957610108,26.981337020011544,24.643211348633777,4.407514936662184
2024-01-11 13:00:00,13,1074.042082217902,30.92309083159943,0.0,5.37021041108951
2024-01-11 14:00:00,14,844.3762290127474,29.2043354206456,3.2719515328347306,4.083743240223363
2024-01-11 15:00:00,15,885.1408066819868,26.859824708210205,12.457321231051509,3.8743798652324553
2024-01-11 16:00:00,16,967.3782957193686,27.532334390925463,51.93448415258568,2.3248768401671986
2024-01-11 17:00:00,17,736.7397830417328,27.76926375287844,43.76216048808538,2.0716326840371884
2024-01-11 18:00:00,18,742.612335438246,28.092165910932916,18.921306323155154,3.010501903282195
2024-01-11 19:00:00,19,670.7321532830676,21.40529311143862,44.58739590259501,1.858350763263729
2024-01-11 20:00:00,20,425.8455622737532,25.977688211124402,47.75245926760793,1.112469168030316
2024-01-11 21:00:00,21,377.92140388014593,22.428949893852163,26.78670303250557,1.3834435986324765
2024-01-11 22:00:00,22,0.0,30.717109940810904,2.3124371157261976,0.0
2024-01-11 23:00:00,23,48.57518091330881,26.69971853842366,25.841753798677715,0.1801125112721463
2024-01-12 00:00:00,0,0.0,26.471022149647325,28.042151896557275,0.0
2024-01-12 01:00:00,1,30.70353766286361,29.7414369947859,5.350912183395483,0.1453030916266401
2024-01-12 02:00:00,2,389.41194941705163,28.31801939103582,37.34093585859936,1.220009415797545
2024-01-12 03:00:00,3,268.2721221282392,23.66514145554857,35.596237086047104,0.8638867074985066
2024-01-12 04:00:00,4,464.7964410642412,26.83832891110409,38.900853997883736,1.419933280692405
2024-01-12 05:00:00,5,619.2206751916079,26.04554407900704,35.57846194334887,1.994557414616069
2024-01-12 06:00:00,6,822.4086443118368,21.81744633286803,44.596860702299665,2.278201034022079
2024-01-12 07:00:00,7,678.4843681968802,24.98021629897458,26.41343944253937,2.4963665523805068
2024-01-12 08:00:00,8,959.0785039568352,26.500424032636797,34.035702147419066,3.16324700495082
2024-01-12 09:00:00,9,924.6981773928535,26.706192204210666,22.04519431508936,3.6042333367925465
2024-01-12 10:00:00,10,887.4051342052323,22.604350727654268,18.310015687560995,3.624605574600163
2024-01-12 11:00:00,11,1028.4131393148718,30.506041747828622,56.76499261524151,2.2231724836430575
2024-01-12 12:00:00,12,1015.9247756458776,26.744735822011876,0.0,5.079623878229388
2024-01-12 13:00:00,13,943.4275112011067,27.163704228667882,47.53519978308528,2.474836794715357
2024-01-12 14:00:00,14,971.50999308827,28.252969913705705,17.589182491086788,4.003146637424148
2024-01-12 15:00:00,15,893.054444762346,24.68681623697518,14.99923644713758,3.7955154849538504
2024-01-12 16:00:00,16,875.1067914045385,28.420112918084282,35.23154968130814,2.833965537131735
2024-01-12 17:00:00,17,846.323794252919,25.949821060631646,0.2078077529799458,4.222825338965737
2024-01-12 18:00:00,18,833.9881264781758,24.361288376744618,13.67953856107594,3.5995119956089945
2024-01-12 19:00:00,19,509.7361891025728,28.77138747875239,13.01720706974016,2.2169138692884434
2024-01-12 20:00:00,20,670.6426699725012,31.52606657509162,25.5720348362981,2.495728463900267
2024-01-12 21:00:00,21,226.51640840328977,29.22553311914369,13.91724623678623,0.9749578103953979
2024-01-12 22:00:00,22,246.6762374996744,29.819977694107486,62.02237371278538,0.4684088980849415
2024-01-12 23:00:00,23,177.59156873881813,25.4891531789993,65.94033032995908,0.30243550837142547
2024-01-13 00:00:00,0,22.479349418802613,22.426355942536283,0.0,0.11239674709401307
2024-01-13 01:00:00,1,80.71023063440407,31.689627696341176,40.886454095314726,0.23855339617922902
2024-01-13 02:00:00,2,242.1692650739388,33.38275979825593,47.17326878155149,0.6396505337715087
2024-01-13 03:00:00,3,343.2433575923832,31.8476354513507,40.859704047822106,1.0149756875816383
2024-01-13 04:00:00,4,452.85081944446296,26.211857313102406,16.83773013816611,1.8830051026896522
2024-01-13 05:00:00,5,676.7295967704026,23.755312113855123,25.11808875682917,2.533740280049404
2024-01-13 06:00:00,6,735.6680200637513,24.022167036582953,15.03450690444609,3.1253198039673236
2024-01-13 07:00:00,7,737.920572670383,22.16801742719951,21.594719376823427,2.8928434788918267
2024-01-13 08:00:00,8,937.9933938190985,26.897079274811517,5.800699426656479,4.417916082008793
2024-01-13 09:00:00,9,948.4634941814153,32.03624900428902,27.704223567308993,3.4284952364954266
2024-01-13 10:00:00,10,1030.9547957961852,26.794227234424923,0.0,5.154773978980925
2024-01-13 11:00:00,11,1041.8151687276993,28.12618383108648,25.997308915437248,3.854856304928377
2024-01-13 12:00:00,12,933.6803991262342,31.346006022954278,5.0283662180047095,4.433657646762196
2024-01-13 13:00:00,13,946.6303781580526,26.006929194544455,34.13632723582808,3.117427672781315
2024-01-13 14:00:00,14,1025.7093146989293,33.325809500200435,16.411608781142185,4.286869573694032
2024-01-13 15:00:00,15,972.709153745964,33.19549835253402,35.811606957490746,3.1218318738346245
2024-01-13 16:00:00,16,864.3532762673069,26.825881114000207,51.63161456729564,2.0903686208258945
2024-01-13 17:00:00,17,802.7395309559379,25.486612337984017,61.78893872209416,1.533676470377737
2024-01-13 18:00:00,18,809.3199728496216,29.310929269212593,0.0,4.046599864248108
2024-01-13 19:00:00,19,561.4357179018543,26.17664030248508,13.316118122524344,2.4333713726200044
2024-01-13 20:00:00,20,543.7677904936029,23.749549478839647,23.938278457759722,2.067995713208184
2024-01-13 21:00:00,21,366.50802017037836,31.062931090610594,39.20655636762966,1.1140642332519775
2024-01-13 22:00:00,22,241.40454884434342,30.868557291872893,0.0,1.2070227442217172
2024-01-13 23:00:00,23,218.4283403790272,27.685749941332336,10.358151863995687,0.9790160058428108
2024-01-14 00:00:00,0,66.03330791904239,23.59813339887497,32.6071440531422,0.2225086604141264
2024-01-14 01:00:00,1,195.60696310010263,23.698148906407344,31.697764830533345,0.6680196397224198
2024-01-14 02:00:00,2,363.25734967486716,27.708415525316962,37.55236812840186,1.1342280623574252
2024-01-14 03:00:00,3,384.36373969571054,25.887114556544407,38.873514537762325,1.1747402273360577
2024-01-14 04:00:00,4,554.556237703597,26.363448863634677,36.77188866231725,1.7531771770264748
2024-01-14 05:00:00,5,583.9400884812441,30.452617125239513,33.87310633262985,1.9307072069556968
2024-01-14 06:00:00,6,733.0400893856229,29.586265612327175,31.114795466527358,2.524780824428185
2024-01-14 07:00:00,7,782.9418959418206,31.521155701552342,43.29526179448725,2.2198257619754367
2024-01-14 08:00:00,8,873.7850809838559,24.41485798992773,0.0,4.368925404919279
2024-01-14 09:00:00,9,971.4920945462396,26.357152953999368,60.88666973942469,1.8999145569762559
2024-01-14 10:00:00,10,900.4681716303905,29.66367274643984,0.0,4.502340858151952
2024-01-14 11:00:00,11,1158.835843428647,28.730962683098177,8.41676366191016,5.3064968462887725
2024-01-14 12:00:00,12,919.5186094800239,31.98386880782237,25.464784066997105,3.426825905600407
2024-01-14 13:00:00,13,894.3097723507917,28.64833777777171,43.45225782179685,2.5285599217170063
2024-01-14 14:00:00,14,1058.5746961690738,32.93105497237616,0.0,5.292873480845369
2024-01-14 15:00:00,15,987.2125480283216,29.006781065228925,29.43751352116331,3.4830086035993184
2024-01-14 16:00:00,16,915.9549891486112,30.573230002825483,45.84790078831469,2.480044272290687
2024-01-14 17:00:00,17,843.6209810323777,26.41618281970613,49.89036232056954,2.1136770849149062
2024-01-14 18:00:00,18,706.1270393587945,27.42958929571147,16.053406830050825,2.96384796496767
2024-01-14 19:00:00,19,536.9810792898542,30.119560871577928,23.983294260899356,2.040976634592076
2024-01-14 20:00:00,20,506.06436465549797,32.225662171838664,17.677037422147443,2.0830358876759645
2024-01-14 21:00:00,21,328.510495444121,29.57443850799176,22.146506929478313,1.278784479032626
2024-01-14 22:00:00,22,336.82862377594114,27.137212344255644,9.3634689854313,1.5264489002731292
2024-01-14 23:00:00,23,118.7616016998809,31.518732748644528,12.214956750581642,0.5212746170797121
2024-01-15 00:00:00,0,0.0,20.977596982322225,38.68753844056736,0.0
2024-01-15 01:00:00,1,104.8153248878121,23.28682944664125,32.632307465454836,0.3530583289975293
2024-01-15 02:00:00,2,291.85356144457074,29.598435622167038,39.83173015180947,0.8780161920576194
2024-01-15 03:00:00,3,337.5854681407718,27.595858019921245,34.280287794016736,1.1093009905566829
2024-01-15 04:00:00,4,434.2223683546854,29.370073904534365,44.08677202295191,1.2139387137274635
2024-01-15 05:00:00,5,628.2564059280736,27.746755518457697,47.56427996309989,1.6471538506316772
2024-01-15 06:00:00,6,726.7041068752453,29.266370034973487,0.0,3.6335205343762267
2024-01-15 07:00:00,7,752.7978862615449,25.110324488182297,12.913806991712747,3.277915100960179
2024-01-15 08:00:00,8,828.3423393349726,29.264991209400943,25.372480850199224,3.0908566895655714
2024-01-15 09:00:00,9,942.4435274998975,30.536776535784625,29.546449490253178,3.3199246333649
2024-01-15 10:00:00,10,850.0790789692825,31.215184762955566,16.59818852363933,3.544906754209721
2024-01-15 11:00:00,11,878.8477594236858,33.59419583510797,48.24047341976612,2.2744371981934632
2024-01-15 12:00:00,12,942.5244622998051,28.28582828166903,69.59896736581197,1.432685846844845
2024-01-15 13:00:00,13,974.3690892368625,28.375266211703405,33.72323911163468,3.228901357218291
2024-01-15 14:00:00,14,990.7984315369089,22.984015558640326,31.686820643964225,3.3842295479629896
2024-01-15 15:00:00,15,1041.908029867251,25.959298747746594,46.98912510208662,2.7616228113212125
2024-01-15 16:00:00,16,934.6381736406003,26.974286729142033,0.0,4.673190868203002
2024-01-15 17:00:00,17,780.5582578941612,30.704491607990935,30.56937880876821,2.709732236076866
2024-01-15 18:00:00,18,705.5854845543325,25.720529578892982,49.58071650935034,1.7787557286316151
2024-01-15 19:00:00,19,528.559079837696,29.942553010408368,17.136920055977765,2.189901664386492
2024-01-15 20:00:00,20,498.5189491206087,27.54866780027173,5.4687884019606905,2.3562800132476225
2024-01-15 21:00:00,21,359.59074125147885,27.022028605817585,26.283887798004436,1.3253815714446384
2024-01-15 22:00:00,22,284.6365299295682,28.300214858561638,28.786291335961586,1.0135011458773562
2024-01-15 23:00:00,23,64.34771673586616,26.38006383440334,11.82695436169083,0.28368670822362585
2024-01-16 00:00:00,0,41.547721139293785,26.43246983106306,71.92322552101902,0.058326299827177124
2024-01-16 01:00:00,1,253.14530526025777,22.605223857970714,20.426072379841088,1.0071883099081391
2024-01-16 02:00:00,2,250.1182332259722,26.975718953357386,6.926812971468625,1.163965055014337
2024-01-16 03:00:00,3,414.8203701330051,26.279677136894875,28.12757361858777,1.4907073256947287
2024-01-16 04:00:00,4,555.2115193368888,26.17163860729382,48.15721275408983,1.4391856336730435
2024-01-16 05:00:00,5,576.6637912578537,28.970200763111176,30.34828497996462,2.00828110255326
2024-01-16 06:00:00,6,725.0341797313808,29.695477433712586,39.711878400880046,2.185547439558184
2024-01-16 07:00:00,7,794.3607323537789,28.416165089268038,12.569788113336855,3.47255635720679
2024-01-16 08:00:00,8,873.839491668345,30.70582714668948,59.75376892807027,1.7584373050730913
2024-01-16 09:00:00,9,862.0387498028492,29.44626735283215,41.23422055836887,2.532918952052684
2024-01-16 10:00:00,10,967.8866402297838,26.83441300592413,50.9540313775522,2.3735468893398197
2024-01-16 11:00:00,11,1031.2847246734461,26.33101271819792,37.303212649503386,3.2329119540333253
2024-01-16 12:00:00,12,1116.0914886236033,28.658048285641595,46.49768075457568,2.9856741565720446
2024-01-16 13:00:00,13,1068.1865274606268,29.44088290504676,12.538948806455451,4.6712358281244235
2024-01-16 14:00:00,14,1138.180422889993,31.91311449643555,20.17179166620875,4.54294519599525
2024-01-16 15:00:00,15,862.4917274802428,31.293100710161344,56.9296119111206,1.857392671301103
2024-01-16 16:00:00,16,935.811054722093,26.09516255581955,61.19483894567928,1.8157149347452282
2024-01-16 17:00:00,17,808.0207007503035,27.41356273495927,7.058688005618464,3.7549252023176374
2024-01-16 18:00:00,18,882.2910158439614,29.73263499009437,34.99472135727624,2.8676786664454257
2024-01-16 19:00:00,19,544.0975661803086,30.923574909517974,21.38112399029545,2.138816954635585
2024-01-16 20:00:00,20,432.82225262553777,30.536489981455432,16.059370612702768,1.8165686149107698
2024-01-16 21:00:00,21,334.73202072956815,27.527948076847018,35.696793907109,1.076217105743164
2024-01-16 22:00:00,22,88.90738715773648,23.957513618055508,52.81925864730816,0.20973582189164003
2024-01-16 23:00:00,23,88.46579048559111,24.72277244660428,39.03324946568388,0.2696735889678055
2024-01-17 00:00:00,0,0.0,28.70272487176433,23.6097510016193,0.0
2024-01-17 01:00:00,1,142.55769513814818,28.911501067079126,40.2972235987032,0.4255545098558548
2024-01-17 02:00:00,2,286.15952316469355,24.588786208502935,22.800476528381978,1.1045689412589892
2024-01-17 03:00:00,3,532.7770995023607,28.018533161473904,38.242286014612034,1.6451547864515685
2024-01-17 04:00:00,4,576.0339070548839,29.778497399721438,57.92931400911466,1.2117070811904425
2024-01-17 05:00:00,5,562.6091365557284,24.43114435628466,0.0,2.8130456827786414
2024-01-17 06:00:00,6,635.2336074786789,31.199815934219334,45.94504597080067,1.7168761725031219
2024-01-17 07:00:00,7,832.7068740117558,26.752230883126614,0.0,4.163534370058779
2024-01-17 08:00:00,8,760.4067472227871,31.657663666536042,54.56655421088923,1.727394936381028
2024-01-17 09:00:00,9,1070.396233779635,26.28446699147839,17.259487802542786,4.428256631857807
2024-01-17 10:00:00,10,1060.2810359467712,24.804947880153552,5.646572447870319,5.002057495505033
2024-01-17 11:00:00,11,953.9108092054338,26.510413359280932,43.90538454177495,2.675463001191155
2024-01-17 12:00:00,12,862.9492376727299,27.59937995957413,37.283401262848216,2.7060620534825808
2024-01-17 13:00:00,13,1099.7546513070433,26.719384608491648,10.016261940766839,4.948001723631815
2024-01-17 14:00:00,14,956.762638668859,27.23682006408675,4.940004856632125,4.547492589260878
2024-01-17 15:00:00,15,1022.9048374691638,28.88671977783466,26.250370250174356,3.7719426516328203
2024-01-17 16:00:00,16,738.4711910808893,27.37128621941689,5.918260996576066,3.473832693040992
2024-01-17 17:00:00,17,745.4033384549335,27.686487146950068,8.770540541527446,3.400137182289223
2024-01-17 18:00:00,18,707.5262771640023,22.7571451311983,32.31241580842867,2.394537222664372
2024-01-17 19:00:00,19,612.5198765099001,29.05991837683751,10.682567314898066,2.7354351419229976
2024-01-17 20:00:00,20,463.99476228166037,27.617214435731086,38.53078580053086,1.4260696715061572
2024-01-17 21:00:00,21,432.5114269528898,32.7157032702547,59.802871917669535,0.8692858613148415
2024-01-17 22:00:00,22,173.4094107519135,25.066128827044217,27.028891701988353,0.6326938445936132
2024-01-17 23:00:00,23,119.13583341834851,22.45993834330755,32.603021239711694,0.401469761724284
2024-01-18 00:00:00,0,9.623650536951908,29.903417728353016,70.36193465670974,0.014261319172758555
2024-01-18 01:00:00,1,171.6812989447515,29.088793301501894,6.247977652453063,0.8047734487662114
2024-01-18 02:00:00,2,315.748235349632,25.023913184969455,53.82470390361483,0.7289884129590184
2024-01-18 03:00:00,3,292.71206501806023,23.459965381550617,51.41715195824965,0.7110392887379684
2024-01-18 04:00:00,4,377.2708663411501,32.66140243861576,47.08634678347566,0.998138989513666
2024-01-18 05:00:00,5,710.9755747606014,32.291543418383235,55.83495701465262,1.570013341041701
2024-01-18 06:00:00,6,733.6919021449149,20.586841970444503,35.61149931917238,2.3620660770387785
2024-01-18 07:00:00,7,733.474417366711,26.67454315879339,18.34141008801465,2.994724332934032
2024-01-18 08:00:00,8,990.1175618262403,33.04178841091459,51.89146582441135,2.381655228048409
2024-01-18 09:00:00,9,933.1335032547153,26.621024573229292,52.656844234257896,2.20887423974103
2024-01-18 10:00:00,10,1060.2696010141744,26.577375544482933,52.106278029865756,2.5390128742179012
2024-01-18 11:00:00,11,996.8463398866189,27.200934263674785,30.89004164638473,3.4446004517259023
2024-01-18 12:00:00,12,1164.8598339905589,24.686521325258415,15.676109727733468,4.911275641199525
2024-01-18 13:00:00,13,1131.8721287692665,22.93488501387876,33.827245082232224,3.744954848765038
2024-01-18 14:00:00,14,946.0086944107426,31.206854178767138,48.84460035135672,2.41967264168364
2024-01-18 15:00:00,15,1001.6052085876353,22.520401527819864,50.48703579719931,2.4796221419069155
2024-01-18 16:00:00,16,917.6554797512505,28.791026602889158,21.4064774585081,3.6060888316576736
2024-01-18 17:00:00,17,902.8438648938233,30.70895072483584,36.3074579225478,2.8752210427059706
2024-01-18 18:00:00,18,629.9129043401393,23.695533349859417,3.824433910280881,3.0291115081065993
2024-01-18 19:00:00,19,663.6455458085959,25.276407038777677,49.699002060117024,1.6691016616265348
2024-01-18 20:00:00,20,584.6739589479669,31.68874981173766,14.33382486549873,2.5043390881909366
2024-01-18 21:00:00,21,241.98427345124077,29.64788740724401,45.70510719143095,0.656925509419729
2024-01-18 22:00:00,22,164.15836408925904,26.19735512592623,7.013908452196766,0.7632222335770729
2024-01-18 23:00:00,23,0.0,31.655959256646405,50.62831812868016,0.0
2024-01-19 00:00:00,0,0.0,31.832303787286552,36.43670380045541,0.0
2024-01-19 01:00:00,1,187.92957268372857,29.019854695970764,14.372846087661076,0.8045937222434856
2024-01-19 02:00:00,2,379.00760927020303,25.512215933302656,43.82712762161051,1.0644973032986813
2024-01-19 03:00:00,3,388.6110147986718,26.972350506508256,18.192766163893385,1.5895596079460819
2024-01-19 04:00:00,4,630.2892436457032,29.071856848789814,44.99110074890257,1.7335758751378443
2024-01-19 05:00:00,5,498.35331235152927,27.64691212948118,24.517770492385573,1.8808409549398997
2024-01-19 06:00:00,6,570.8361860381351,31.029568151628197,0.0,2.8541809301906755
2024-01-19 07:00:00,7,788.9095243795058,23.623374376595635,10.351675190381261,3.5362208643487887
2024-01-19 08:00:00,8,896.7506396995831,23.72990602972493,21.391705826254313,3.524601904299973
2024-01-19 09:00:00,9,921.2639526637591,28.75530995137094,57.363780474971556,1.9639606063133723
2024-01-19 10:00:00,10,800.5304582858782,26.73806337550293,48.0228726105845,2.0804636804716132
2024-01-19 11:00:00,11,984.3152582127872,26.331550772830422,62.47722824644284,1.8467118383731045
2024-01-19 12:00:00,12,895.6424399596117,22.908526459400452,63.07270432059716,1.6536826601705192
2024-01-19 13:00:00,13,1045.0186652802133,28.27133415131819,19.3049839081817,4.2163899005518655
2024-01-19 14:00:00,14,995.2536859768163,28.054431292921347,26.23026280482341,3.6709801428520272
2024-01-19 15:00:00,15,848.6891496050984,30.173133562778865,21.774401513389233,3.3194608328475783
2024-01-19 16:00:00,16,824.9160503975032,28.41941501628656,16.56978789397847,3.441146052716262
2024-01-19 17:00:00,17,708.6162585401192,27.814884382202155,0.0,3.543081292700596
2024-01-19 18:00:00,18,702.092453404694,31.743698527294654,29.70504563966315,2.467677848440994
2024-01-19 19:00:00,19,685.1728146488198,24.275294706577995,4.288688125777789,3.278939447529592
2024-01-19 20:00:00,20,421.1419162931564,29.82186427346637,29.316562369313452,1.4883879186987565
2024-01-19 21:00:00,21,423.0071536065175,23.199255122537597,72.31541619125969,0.585538849785816
2024-01-19 22:00:00,22,216.39843563272578,25.697610976921222,19.81309807338583,0.8676160067577057
2024-01-19 23:00:00,23,67.09636563906446,24.574725219053704,33.895480112561344,0.22176865183811964
2024-01-20 00:00:00,0,0.0,30.721056602296887,48.13296771618566,0.0
2024-01-20 01:00:00,1,47.70680642650164,28.17899829515495,35.60582583931814,0.15360202008390417
2024-01-20 02:00:00,2,214.52710067474624,28.334719262162203,35.84968375884592,0.6880990675291435
2024-01-20 03:00:00,3,286.8532009579819,25.05503003275278,22.751951326238398,1.1079425014913256
2024-01-20 04:00:00,4,657.178010633311,27.476148508142465,25.36244049877535,2.45250814357701
2024-01-20 05:00:00,5,611.5825131664589,26.0848330860138,10.799789556243436,2.7276644439084827
2024-01-20 06:00:00,6,651.1287405471408,29.52559404050378,46.920900177788155,1.7280663708306379
2024-01-20 07:00:00,7,810.471733149973,25.40195558994629,0.0,4.052358665749865
2024-01-20 08:00:00,8,857.0391598091721,32.36461209155636,49.421766767644044,2.1673763257045344
2024-01-20 09:00:00,9,906.2019645486288,23.34848764706885,1.926032305095152,4.443741109810077
2024-01-20 10:00:00,10,1015.0591622925424,25.95566949857145,49.25214548153305,2.575603734782944
2024-01-20 11:00:00,11,1052.0454781775945,33.406830525839425,22.923649475756378,4.054391302173089
2024-01-20 12:00:00,12,957.5599081911578,27.06981275205503,5.362626237338397,4.531047746581327
2024-01-20 13:00:00,13,945.3794021222358,24.430593002727896,41.585972901592726,2.761170900692217
2024-01-20 14:00:00,14,943.9216905169369,29.03244368355414,48.5753507015155,2.4270420950033054
2024-01-20 15:00:00,15,739.72583933244,26.949052269297507,21.238427037929263,2.9130985333255497
2024-01-20 16:00:00,16,744.8101188085545,25.867618229086215,44.41221097357867,2.070117387453687
2024-01-20 17:00:00,17,902.7032816867973,25.08761656354498,0.0,4.513516408433986
2024-01-20 18:00:00,18,838.7041982666503,36.68034981281896,3.5880742050679935,4.043054346359112
2024-01-20 19:00:00,19,588.8385458442104,27.620573295388724,55.84817860937458,1.2999147152014592
2024-01-20 20:00:00,20,546.1245570444612,22.5985269149425,25.526614516041676,2.033587232951407
2024-01-20 21:00:00,21,407.5834447285728,32.856358272957735,0.0,2.037917223642864
2024-01-20 22:00:00,22,505.1295097789401,30.208441711272844,16.022676391160125,2.120971215354035
2024-01-20 23:00:00,23,220.09218513481812,26.07582970288177,11.531990549498385,0.9735558757244321
2024-01-21 00:00:00,0,0.0,25.73740395570529,26.680765370541504,0.0
2024-01-21 01:00:00,1,54.08295697201751,30.557179610238407,22.584980323847052,0.20934165890666342
2024-01-21 02:00:00,2,130.30333948191503,27.79600623929535,33.578634578763214,0.4327462863667874
2024-01-21 03:00:00,3,398.96052323446764,22.75882776642841,28.610678967748505,1.424076043619022
2024-01-21 04:00:00,4,439.4919403772556,33.898481115577724,57.194785100740376,0.9406273477170514
2024-01-21 05:00:00,5,494.9811322409067,27.234789835115844,38.490971994393384,1.52229041626264
2024-01-21 06:00:00,6,655.3809504471454,33.023476431210995,39.15343222387172,1.9938840710282801
2024-01-21 07:00:00,7,706.8295000020837,32.37206609566086,53.30314247789043,1.6503358227010623
2024-01-21 08:00:00,8,1000.9967345902437,25.533732588315274,22.224624991408366,3.892644820756594
2024-01-21 09:00:00,9,994.4107130672426,31.63633081485316,4.7624511328302965,4.73526194398893
2024-01-21 10:00:00,10,965.288014983739,26.582433572172672,54.13940649264498,2.2134340636345438
2024-01-21 11:00:00,11,1109.8403924850122,22.93665946135189,32.71683496216225,3.733678714661385
2024-01-21 12:00:00,12,1006.1894646118095,27.26296672369729,32.78702415797857,3.381449408872501
2024-01-21 13:00:00,13,922.5421252675492,29.729673727092553,17.33340156939527,3.813170970240457
2024-01-21 14:00:00,14,1087.775752470641,27.1485512777747,17.662893337928452,4.4782154077795155
2024-01-21 15:00:00,15,966.9923360060595,27.615616198988413,46.93444677541687,2.5656991637046764
2024-01-21 16:00:00,16,783.0457114383222,31.967459356549554,49.6931159627522,1.9696294900595934
2024-01-21 17:00:00,17,778.1262460445466,28.85624316263399,45.67646811493317,2.113528296880414
2024-01-21 18:00:00,18,637.0573209157671,26.006866287908856,45.8592321089095,1.7245386272510252
2024-01-21 19:00:00,19,498.1374505315738,30.642852192765694,41.38059074519518,1.4600261538927706
2024-01-21 20:00:00,20,574.0942038025312,29.129787922626452,32.63045460156313,1.9338232763027046
2024-01-21 21:00:00,21,535.4367636027004,20.971946817377585,26.49240631358039,1.9679334031839404
2024-01-21 22:00:00,22,146.93363919698976,29.821819963078063,54.206476998831064,0.3364304493106404
2024-01-21 23:00:00,23,175.56373115529766,29.71224734491202,22.525582590191327,0.6800848894774482
2024-01-22 00:00:00,0,0.0,28.757608817649313,37.39958427761494,0.0
2024-01-22 01:00:00,1,91.55616151887588,31.372347172115457,13.91974004091507,0.3940589092200402
2024-01-22 02:00:00,2,211.4275311634113,26.680064675927227,16.81401926299099,0.8793903267316452
2024-01-22 03:00:00,3,313.5641707907045,29.706744795369435,25.27690864285547,1.1715242090160543
2024-01-22 04:00:00,4,503.881730235586,23.996367315404676,13.921232465456729,2.1686759160926226
2024-01-22 05:00:00,5,542.2854196958376,29.91851657910323,45.95703650956601,1.4653355569008415
2024-01-22 06:00:00,6,728.7433272489346,34.55642451552642,3.0393149690994115,3.532972611087723
2024-01-22 07:00:00,7,789.3342915353044,25.71267637150411,31.984592467621457,2.684344675902751
2024-01-22 08:00:00,8,846.9095600351257,26.417839032943405,32.650161936843624,2.851961086125236
2024-01-22 09:00:00,9,851.2744395479588,26.567199100232077,0.0,4.256372197739794
2024-01-22 10:00:00,10,919.7841198436017,29.08724010631152,21.179523589527825,3.6248911260429764
2024-01-22 11:00:00,11,1051.8761594398707,25.508136610345577,35.11399076096286,3.412602309986918
2024-01-22 12:00:00,12,1040.0733750099505,29.960987564979675,38.57455986588136,3.1943482415882216
2024-01-22 13:00:00,13,913.2404417899261,31.237765265314227,25.913855827996684,3.382923151707623
2024-01-22 14:00:00,14,973.8724107234066,30.300287069268087,43.537764089614306,2.749350690044051
2024-01-22 15:00:00,15,983.99050238103,23.391999151992515,27.813674855279185,3.5515329172097103
2024-01-22 16:00:00,16,732.4729812947289,31.682748424382552,30.273058241501136,2.5536550453205797
2024-01-22 17:00:00,17,836.8221556816301,31.509347671667772,35.033077379731075,2.718288011754755
2024-01-22 18:00:00,18,654.0968804708799,31.187729545945647,48.539992574683374,1.682991516295396
2024-01-22 19:00:00,19,654.4093224961734,29.81577217487421,16.48563995168936,2.7326287888958234
2024-01-22 20:00:00,20,438.93926747659856,29.35781337152213,20.263562549634052,1.7499726722828624
2024-01-22 21:00:00,21,238.29286431192838,31.794413623285923,16.622070165415707,0.993418286034104
2024-01-22 22:00:00,22,128.61565007186803,34.4677858917171,23.356045677161333,0.4928806004655228
2024-01-22 23:00:00,23,134.37298795296255,25.838124038812182,58.52468516159529,0.2786580990563142
2024-01-23 00:00:00,0,20.77780013771855,32.091010249820386,41.45450638659644,0.06082232826316884
2024-01-23 01:00:00,1,58.18086221169888,28.597982768413715,7.378205096623162,0.26944079435368007
2024-01-23 02:00:00,2,309.9064418047107,28.46761490635027,17.991060688226508,1.2707549289145093
2024-01-23 03:00:00,3,249.761827383573,24.247041991289958,37.455344485528045,0.7810633727185291
2024-01-23 04:00:00,4,494.7136161082146,28.002265833889886,11.869844381344592,2.1799593987142347
2024-01-23 05:00:00,5,511.88013302772407,25.864839188530826,15.493199183704862,2.162867622179627
2024-01-23 06:00:00,6,654.9598925623748,27.465070773918235,56.899193323482976,1.4114649855101637
2024-01-23 07:00:00,7,797.1452339965484,25.56207491110162,17.732487430536267,3.278957777874958
2024-01-23 08:00:00,8,797.1923345617223,27.509908900497052,49.09333632058774,2.029120103166955
2024-01-23 09:00:00,9,893.1150889729006,27.63830299136586,55.10646379061877,2.0047547292974826
2024-01-23 10:00:00,10,1046.4292510262237,29.146898817752472,15.330758176620714,4.430018565309849
2024-01-23 11:00:00,11,945.2935118119583,24.01238447556208,12.200748868857172,4.149803121810903
2024-01-23 12:00:00,12,1066.8553689652113,24.520079619200104,24.477358270376698,4.028586790384236
2024-01-23 13:00:00,13,901.0683130012007,29.94237687462765,8.227445586527502,4.134667039257928
2024-01-23 14:00:00,14,1008.3101605222911,26.464319711225777,32.42067757005485,3.4070458723662833
2024-01-23 15:00:00,15,1039.2050221639188,32.080223433125866,25.88696176293227,3.8509320771893667
2024-01-23 16:00:00,16,668.2938437742555,29.532443228481213,37.21160031772603,2.0980550484050555
2024-01-23 17:00:00,17,729.6017198535972,30.676920513055293,57.93886912465642,1.5343936712818953
2024-01-23 18:00:00,18,753.2725513609909,33.08871102369876,46.34969961540638,2.020664932599319
2024-01-23 19:00:00,19,592.5177981252813,27.927501627016355,39.78479550824713,1.7839290189558479
2024-01-23 20:00:00,20,529.6916698697046,27.133173946187245,0.0,2.648458349348523
2024-01-23 21:00:00,21,334.36461742782427,31.471741819232513,38.867519642047505,1.0220269203650383
2024-01-23 22:00:00,22,265.74622810035305,30.38517475422513,64.45255321409098,0.472329995097667
2024-01-23 23:00:00,23,118.07201338868563,28.29464313297217,0.0,0.5903600669434281
2024-01-24 00:00:00,0,93.42256493278458,33.18925379292756,43.78765085951251,0.2625750918800775
2024-01-24 01:00:00,1,150.8798596841486,28.37814696253994,26.812828504870716,0.5521235082932413
2024-01-24 02:00:00,2,285.827258068537,29.113200804727075,13.004099939541106,1.243289978874272
2024-01-24 03:00:00,3,349.7332750752924,29.078547844562507,46.022571678239075,0.9438851393555645
2024-01-24 04:00:00,4,460.9915020742004,26.21109820736432,64.19411801214662,0.8253103660336045
2024-01-24 05:00:00,5,574.156773983151,29.247636060518904,45.504614576755074,1.5644447345789367
2024-01-24 06:00:00,6,738.6629525768113,33.205160424255205,22.576160974769472,2.859506076710427
2024-01-24 07:00:00,7,759.6745818256143,30.34978483818826,11.130603511836874,3.375591080712002
2024-01-24 08:00:00,8,889.2073923361515,29.108070171256525,32.892552675790874,2.9836219120747822
2024-01-24 09:00:00,9,1089.9115964029218,28.529578048562726,47.46338584763176,2.8630132500206
2024-01-24 10:00:00,10,1035.6158025636037,30.007480977278785,22.258939475325448,4.025493539370327
2024-01-24 11:00:00,11,965.362978800383,31.264179777527286,24.192340166984067,3.6590954156143205
2024-01-24 12:00:00,12,1096.0971137731156,30.842596384728992,86.44000499676797,0.7431535692910247
2024-01-24 13:00:00,13,958.7988315320861,28.019285306593794,51.573038919194516,2.3215856849463052
2024-01-24 14:00:00,14,802.8758634748401,29.989224674390076,53.002573567872645,1.8866549663894763
2024-01-24 15:00:00,15,843.2326276378944,30.454699115504567,0.7942818788237602,4.182674918401187
2024-01-24 16:00:00,16,716.3620501023703,25.993294929478797,15.856226414130791,3.013870307466147
2024-01-24 17:00:00,17,765.2322615679307,29.519571515610814,31.49363278908478,2.6211641156305894
2024-01-24 18:00:00,18,708.5802515217118,22.530968233152645,9.977248842297008,3.1894171829000832
2024-01-24 19:00:00,19,742.8764139907433,30.46248102152329,62.00794597778589,1.411170042608251
2024-01-24 20:00:00,20,526.1541899011329,30.995909055747777,58.206246131812904,1.0994979354721663
2024-01-24 21:00:00,21,365.1553900603808,31.25751826941911,19.329093252318927,1.4728708209987043
2024-01-24 22:00:00,22,325.1714915972002,27.82973933555103,65.67837213214969,0.558020746391646
2024-01-24 23:00:00,23,0.0,29.942020397131834,29.91495806560116,0.0
2024-01-25 00:00:00,0,18.849164648685274,33.44379756274667,81.78779434778097,0.01716424314771965
2024-01-25 01:00:00,1,192.1954077310089,33.41324497099694,32.89372261050073,0.6448759172092497
2024-01-25 02:00:00,2,140.5321454401335,29.08441792844349,41.52385500656844,0.41088890564976294
2024-01-25 03:00:00,3,474.1837558216441,29.58989491831185,57.998068823391165,0.9958316738543292
2024-01-25 04:00:00,4,527.079712599553,32.50466946032647,55.552666996156184,1.1713643752741314
2024-01-25 05:00:00,5,575.5383958966565,24.669529980336645,40.21464132271787,1.7204384715614611
2024-01-25 06:00:00,6,757.7293304750503,28.202708798092097,27.177193611123283,2.7589988164178885
2024-01-25 07:00:00,7,975.008768915587,33.17864739273344,40.28265399986238,2.9112468003250163
2024-01-25 08:00:00,8,880.574704189118,32.09753765117747,13.676316562477698,3.8007226003755634
2024-01-25 09:00:00,9,943.7371794153134,30.279727359072883,33.04267437728232,3.159505881218814
2024-01-25 10:00:00,10,929.1769543258488,24.65443881013131,7.813849350040101,4.28286233459768
2024-01-25 11:00:00,11,923.4573118166269,29.022205326999686,0.0,4.6172865590831345
2024-01-25 12:00:00,12,1066.4268653235397,27.40218983737337,31.008535282788863,3.678717572622753
2024-01-25 13:00:00,13,922.9581553011009,30.16505273457481,55.24555781343345,2.0653238701021612
2024-01-25 14:00:00,14,971.6511252666198,26.743895971738528,48.516092831921185,2.5012198166492987
2024-01-25 15:00:00,15,885.6669367700774,26.094765841199347,28.361754085487835,3.1723812907343754
2024-01-25 16:00:00,16,904.34378984415,22.977340193072244,64.93979396350993,1.5853239799878087
2024-01-25 17:00:00,17,820.0463087141912,32.83735008105327,18.618772183068526,3.3368187734951658
2024-01-25 18:00:00,18,790.1099767271796,27.972624491793997,0.0,3.9505498836358983
2024-01-25 19:00:00,19,567.960117100341,29.643373377230773,0.0,2.839800585501705
2024-01-25 20:00:00,20,478.4100051765302,29.165221676700625,6.37618118808566,2.2395285821227233
2024-01-25 21:00:00,21,304.3823351025053,25.96963422724167,46.33249486524458,0.8167720266021273
2024-01-25 22:00:00,22,223.2755842964321,25.39474129177859,17.303946330652273,0.9232004851016361
2024-01-25 23:00:00,23,160.71023166364017,26.155990648131464,39.21917283714604,0.48840504070249663
2024-01-26 00:00:00,0,60.55908933162815,27.158250609016136,62.92566767167954,0.1122593901690614
2024-01-26 01:00:00,1,56.75296628584154,30.427574666545727,7.998060748443876,0.2610691478287803
2024-01-26 02:00:00,2,328.3875187109736,26.94060293494248,39.569994635917794,0.992222975860089
2024-01-26 03:00:00,3,491.13446106948584,34.56722782028818,40.779261453114444,1.454267275518078
2024-01-26 04:00:00,4,533.074792257896,32.409209033183764,12.785240230537937,2.324599497296415
2024-01-26 05:00:00,5,758.9050940133659,31.75283457450144,57.08421850490166,1.6284502595097337
2024-01-26 06:00:00,6,645.2036452582618,28.968779218084862,24.24585888901047,2.4438423994109595
2024-01-26 07:00:00,7,693.780964026322,33.87059813266576,22.324940381739815,2.6944738871379292
2024-01-26 08:00:00,8,723.7277838720962,28.67373903214094,72.23226436835945,1.0048140885916728
2024-01-26 09:00:00,9,1043.5630774304213,29.233971683041574,40.45533484733436,3.1069307005639866
2024-01-26 10:00:00,10,1018.275078797393,29.83767954475212,48.50581099370996,2.6217624683993916
2024-01-26 11:00:00,11,986.9980877009738,31.433225047134346,57.097858630436775,2.117216574501787
2024-01-26 12:00:00,12,1022.3974901055856,31.23848016251327,16.99052001081566,4.243434199795596
2024-01-26 13:00:00,13,901.4057375899401,27.902380090170503,54.996421941073585,2.0283241737196507
2024-01-26 14:00:00,14,1161.5859846584146,27.72877476722645,19.962117700046598,4.648544116068283
2024-01-26 15:00:00,15,934.217227069305,31.247464796960568,19.10753221323405,3.7785568473272786
2024-01-26 16:00:00,16,874.7769873528301,31.473465677178012,24.560000553837277,3.29965877207067
2024-01-26 17:00:00,17,851.4146702031306,28.147702551035696,17.558703301100905,3.5095864720005805
2024-01-26 18:00:00,18,745.5875197254848,24.56619171646895,46.44312865314326,1.99656674358799
2024-01-26 19:00:00,19,626.6721509510512,28.70580763747958,35.344213102901115,2.0258990523118876
2024-01-26 20:00:00,20,436.76204356437495,31.198333321981888,20.17551170765774,1.743215331652196
2024-01-26 21:00:00,21,420.40090093596956,34.74400646476366,43.490100663096435,1.18784062965176
2024-01-26 22:00:00,22,409.38100482052374,25.733882038482328,24.49635125227308,1.5454879795980165
2024-01-26 23:00:00,23,238.1597959124502,28.048042167012593,23.438592592706467,0.9116924581445491
2024-01-27 00:00:00,0,127.45493013115177,28.314082732827973,30.973677698030873,0.43988725431039194
2024-01-27 01:00:00,1,89.62893810555676,33.54970943569861,39.26920711332434,0.27216182383706194
2024-01-27 02:00:00,2,179.65065948183434,29.377468916028207,37.796952987548394,0.5587409208783238
2024-01-27 03:00:00,3,372.62047875711795,26.76031373928731,22.73501635494339,1.439525759849094
2024-01-27 04:00:00,4,504.45799298309544,31.15837926616956,46.94222414878804,1.3382709559024668
2024-01-27 05:00:00,5,696.2967504863965,28.268377857281266,25.55211697840688,2.5918909514263326
2024-01-27 06:00:00,6,571.709610809362,25.809131597330243,16.90031022782562,2.375444564901427
2024-01-27 07:00:00,7,915.7173658480845,26.803973495575654,0.6395670246529725,4.549303697685497
2024-01-27 08:00:00,8,853.3847718981193,34.68441928067196,49.66356961998042,2.1478171579009286
2024-01-27 09:00:00,9,889.729046915493,30.63492108235249,30.247801523880153,3.1030278535209206
2024-01-27 10:00:00,10,884.9574762682549,29.805573583761735,34.21744717021029,2.9107380967366923
2024-01-27 11:00:00,11,859.0563276245487,28.732612209967964,50.916058313990305,2.108293534506049
2024-01-27 12:00:00,12,1065.853646716953,30.3587399437605,20.45187536804368,4.239332936423265
2024-01-27 13:00:00,13,997.3102987488826,30.323001255411587,2.5120150305174285,4.861288570717061
2024-01-27 14:00:00,14,862.7289543097842,30.35879990202608,31.39561404430437,2.9593495078311065
2024-01-27 15:00:00,15,820.2732307461976,29.826828688237363,36.159231041605906,2.6183436903411743
2024-01-27 16:00:00,16,839.1626278412284,32.08868843232075,24.743018676792545,3.157642310529051
2024-01-27 17:00:00,17,926.8750623143867,29.551606455406297,59.47475156152338,1.878092108585951
2024-01-27 18:00:00,18,686.3394730774593,26.54847691074619,0.0,3.431697365387296
2024-01-27 19:00:00,19,488.5099927592722,27.6450247447015,52.401132757995654,1.1626261145870551
2024-01-27 20:00:00,20,480.34055487312435,23.545237336934967,45.82307300728452,1.301168758650085
2024-01-27 21:00:00,21,360.86554678527625,35.56274476553128,39.135415554009185,1.0981965772980546
2024-01-27 22:00:00,22,43.06811366719532,32.07055719326216,0.0,0.2153405683359766
2024-01-27 23:00:00,23,126.18260289862702,26.992081932016394,55.67777566540536,0.27963468163980093
2024-01-28 00:00:00,0,0.0,28.78996816083721,9.471317787282295,0.0
2024-01-28 01:00:00,1,186.22270140512504,27.724873286409206,19.846160432332265,0.7463232266142041
2024-01-28 02:00:00,2,406.7355326981484,34.263144343150856,26.588146704198625,1.4929604628313047
2024-01-28 03:00:00,3,472.8086347289104,25.37587121621572,38.14836069303951,1.4621994568234502
2024-01-28 04:00:00,4,478.4889047556134,29.978930885484846,42.788560843851,1.3687519430659072
2024-01-28 05:00:00,5,520.239356309387,29.309919181333964,47.85681108638593,1.3563469518168674
2024-01-28 06:00:00,6,912.9755654465364,32.11601860115585,46.317070201570324,2.4505601593774027
2024-01-28 07:00:00,7,798.0908150123944,29.32347502585442,35.058544084262515,2.5914589739941207
2024-01-28 08:00:00,8,867.1397471374742,24.3608760790622,38.31845318115182,2.6743260455772146
2024-01-28 09:00:00,9,921.9495255424863,28.882149205101186,8.184925683555072,4.2324432101847265
2024-01-28 10:00:00,10,981.7726071504968,26.719016055198534,14.979463863619555,4.173541671197363
2024-01-28 11:00:00,11,979.8960284198948,29.874241348698188,47.909204473496644,2.552178182682673
2024-01-28 12:00:00,12,954.1070394495811,33.93803381858949,46.744189734573624,2.540587173291729
2024-01-28 13:00:00,13,947.6961460745789,24.417226976331673,44.47598832888842,2.6309945937656196
2024-01-28 14:00:00,14,963.3055646717886,27.234834502828797,19.71166476686945,3.8671100054154346
2024-01-28 15:00:00,15,880.4055508205856,27.97742384767802,48.209842638873916,2.279817100930351
2024-01-28 16:00:00,16,808.9977411702655,28.490609422788875,6.77511095039284,3.770936233099041
2024-01-28 17:00:00,17,801.867758506587,31.85587970134424,51.547196197245455,1.9426370589337112
2024-01-28 18:00:00,18,686.7086037928792,29.114869456344344,24.782583975082197,2.582622336968972
2024-01-28 19:00:00,19,729.0808680953357,30.882910886189844,63.68340812681265,1.3238866164583727
2024-01-28 20:00:00,20,287.92241532855894,27.75818357783318,0.0,1.4396120766427947
2024-01-28 21:00:00,21,470.00398051888686,30.32527574528232,65.26808091837043,0.816207010971289
2024-01-28 22:00:00,22,358.50586050233136,31.968895601661654,22.770713416730764,1.3843575921258044
2024-01-28 23:00:00,23,0.0,27.438604059817244,22.410414879765117,0.0
2024-01-29 00:00:00,0,0.0,32.13141276057743,33.89677637971194,0.0
2024-01-29 01:00:00,1,100.81092294038825,29.944456707340592,16.058421743986067,0.4231113988530795
2024-01-29 02:00:00,2,146.21810952509512,32.923719122604645,28.55341997395386,0.5223391931720944
2024-01-29 03:00:00,3,320.4580973578198,29.183078700926966,15.247474694582909,1.3579816502822217
2024-01-29 04:00:00,4,411.1539323627336,30.93107236664418,15.978729380416258,1.7272837908677636
2024-01-29 05:00:00,5,748.9430644826105,29.665519706122296,39.73771900601144,2.2566508700174985
2024-01-29 06:00:00,6,781.9610526383444,29.49870161503615,11.96869009392968,3.4418527879641534
2024-01-29 07:00:00,7,895.077747890768,30.564129685834956,14.636115299890356,3.8203656834290665
2024-01-29 08:00:00,8,923.7591689078973,31.397760808832597,2.5441750050718213,4.501285595127417
2024-01-29 09:00:00,9,833.5553908139083,26.03864366538587,19.921386400773212,3.337498002726972
2024-01-29 10:00:00,10,923.9642049866865,34.08823922761152,56.232040594478434,2.022001390800615
2024-01-29 11:00:00,11,1030.5948262720437,24.20834927950849,13.081327197940631,4.478896724811749
2024-01-29 12:00:00,12,902.2297752886443,27.732902071941197,15.367334696255174,3.817905529953837
2024-01-29 13:00:00,13,1048.4847357876013,29.504531188863183,33.87843892963071,3.4663723744364945
2024-01-29 14:00:00,14,946.6997944364177,31.02440630841573,22.58407132400947,3.6644821881832303
2024-01-29 15:00:00,15,893.893867907319,34.51585598438202,74.563088666993,1.1368949529538575
2024-01-29 16:00:00,16,922.902201240718,24.212463936482564,26.749440706474864,3.3801551207054037
2024-01-29 17:00:00,17,828.8944052101185,28.264256015988753,36.70436692434743,2.623269806532047
2024-01-29 18:00:00,18,678.2294879210212,23.406837937760088,48.87537569598644,1.733711388093286
2024-01-29 19:00:00,19,701.5078132778606,29.88220432288863,48.49155731725701,1.8066787495859529
2024-01-29 20:00:00,20,413.5149337920081,30.602389154657978,34.665751631147586,1.3508343694298313
2024-01-29 21:00:00,21,431.958280920631,34.55972562767165,26.777450266279978,1.5814543353801551
2024-01-29 22:00:00,22,306.26714573999175,30.14924268383825,70.48057072758513,0.4520415673568031
2024-01-29 23:00:00,23,105.76247707493278,32.91941378948503,28.004794493714666,0.3807195635931788
2024-01-30 00:00:00,0,26.090641779369438,31.689266746216948,21.166197911430388,0.1028412245199288
2024-01-30 01:00:00,1,30.43710610922733,28.632010910584267,17.08302023411963,0.12618764556953782
2024-01-30 02:00:00,2,332.7412066390729,25.710873261223654,0.0,1.6637060331953646
2024-01-30 03:00:00,3,367.8912614496507,30.762762396475203,46.43231504474326,0.9853541595563439
2024-01-30 04:00:00,4,458.1821583584767,25.461449450163677,0.0,2.290910791792384
2024-01-30 05:00:00,5,692.6821670756717,33.8233767196087,29.885543181901586,2.428351694604701
2024-01-30 06:00:00,6,650.7592859431268,29.4515691954893,25.9027873145723,2.4109724608772467
2024-01-30 07:00:00,7,680.6764365821506,33.52328773613402,74.79930384462895,0.8576760029213734
2024-01-30 08:00:00,8,741.4950699025262,28.497112199202572,0.0,3.707475349512631
2024-01-30 09:00:00,9,972.3603286189377,30.744307860802746,11.97793426031286,4.279458238417996
2024-01-30 10:00:00,10,863.4914780893657,30.565802073603837,27.278070826367014,3.1397383055825254
2024-01-30 11:00:00,11,1131.8283959325595,29.802623147566997,26.049413250616634,4.184968698941308
2024-01-30 12:00:00,12,833.4456473693023,28.639776961409993,19.009108183799103,3.3750753130385336
2024-01-30 13:00:00,13,1127.1613708370132,31.11512355701133,28.38024181195665,4.036351240912517
2024-01-30 14:00:00,14,982.807223665278,27.159265711150145,4.808745422605174,4.677732631421205
2024-01-30 15:00:00,15,916.1424835616555,26.309449514722594,37.14385757989878,2.8792591211928333
2024-01-30 16:00:00,16,822.4318768397227,33.66623618158025,0.0,4.1121593841986135
2024-01-30 17:00:00,17,825.284229439401,32.11925946827607,29.484612882454858,2.9097618460462154
2024-01-30 18:00:00,18,704.0960049925598,30.13543032740649,17.992866114728535,2.887044767475481
2024-01-30 19:00:00,19,697.0255795700424,34.933182649231114,50.32575885513271,1.7312108361851586
2024-01-30 20:00:00,20,509.13821189296306,29.134458945425237,65.10622141266609,0.8882878018072075
2024-01-30 21:00:00,21,394.70757328204013,33.90586516156671,23.378956624992846,1.5121453046443507
2024-01-30 22:00:00,22,229.73006812541257,30.464477756377235,57.81451858282862,0.48456367599350536
2024-01-30 23:00:00,23,125.9705423223666,26.863503251370602,23.677674387391786,0.4807182374362253
2024-01-31 00:00:00,0,24.624141511364734,35.630830013833595,10.677469537418197,0.10997453151319007
2024-01-31 01:00:00,1,0.0,33.0588419783933,64.91807264371239,0.0
2024-01-31 02:00:00,2,150.96421133406378,29.72364634549235,40.415528894680136,0.4497561344085962
2024-01-31 03:00:00,3,442.144559886907,32.268223217122895,30.088770452196286,1.5455434909783101
2024-01-31 04:00:00,4,513.6692350502352,28.875599136527324,43.74354950197297,1.4448603946981486
2024-01-31 05:00:00,5,594.0427621005063,32.57415654369967,35.48430070260335,1.9162542104735596
2024-01-31 06:00:00,6,708.581495831779,22.913473742669165,28.61561184116964,2.5290828270310177
2024-01-31 07:00:00,7,821.159876720169,27.027305437437263,3.471303453840072,3.963274627790164
2024-01-31 08:00:00,8,822.8446293596895,33.02448867138193,24.589265256774667,3.1025659039765547
2024-01-31 09:00:00,9,861.6151544791015,29.337742823864286,42.46510846916945,2.478646722713746
2024-01-31 10:00:00,10,981.5934466968829,30.70933632318727,27.544571486263788,3.5560886903348963
2024-01-31 11:00:00,11,913.1750391646077,26.04635245217474,48.04651522260772,2.3721312748166525
2024-01-31 12:00:00,12,1032.6602204571577,35.63031042562736,37.67310047733578,3.2181254900742777
2024-01-31 13:00:00,13,855.238173034783,33.65829836967407,12.437273638291863,3.7443493059765953
2024-01-31 14:00:00,14,1048.25827727512,29.484653783395053,3.616560843357526,5.051736894409669
2024-01-31 15:00:00,15,961.6873311043303,28.872621867931066,26.85643000139664,3.5170622309699815
2024-01-31 16:00:00,16,886.5077825295488,33.17552252278012,19.51543103790825,3.5675098379215253
2024-01-31 17:00:00,17,871.9686190068765,36.034120789027824,36.726436192433724,2.7586281026463526
2024-01-31 18:00:00,18,840.3447367435538,32.94799020595511,15.637246824745404,3.544689780401036
2024-01-31 19:00:00,19,689.9110342101711,36.60211744071085,17.692153484902455,2.839254575642149
2024-01-31 20:00:00,20,352.73006149346827,27.31965545133529,51.061394351898244,0.8631058689829763
2024-01-31 21:00:00,21,280.3172750262338,27.628548947024672,32.964059372557955,0.9395666102752478
2024-01-31 22:00:00,22,208.83355888686674,26.519886084360998,15.945458691454142,0.8776704501033392
2024-01-31 23:00:00,23,132.6134762369187,31.41199138746948,30.352836174700393,0.4618076252457576
2024-02-01 00:00:00,0,41.41272163752984,30.760966723068613,57.57822486003365,0.08784005826206549
2024-02-01 01:00:00,1,72.46668716777432,29.778302703239543,35.87573376549445,0.2323436570539494
2024-02-01 02:00:00,2,273.7603862606871,32.6619319580254,41.85901618850259,0.7958349092905943
2024-02-01 03:00:00,3,322.25279777682397,33.9311418892995,14.95530926945115,1.3702944761992049
2024-02-01 04:00:00,4,451.078575760644,25.657168845794978,50.52838754269201,1.115779224391251
2024-02-01 05:00:00,5,496.2285412608628,28.443239989952154,76.36204520927603,0.586491391209559
2024-02-01 06:00:00,6,633.2481214976752,32.694586856024685,14.170647149742928,2.7175638230893213
2024-02-01 07:00:00,7,685.2185718419287,28.830940022079755,6.36212051256021,3.208120702634506
2024-02-01 08:00:00,8,787.9555435462519,27.839537844581038,33.51084487670296,2.6195249182554288
2024-02-01 09:00:00,9,1008.1708762399137,33.289768356606686,47.510100996888205,2.64593937358559
2024-02-01 10:00:00,10,889.9739151825129,26.36565586448356,28.172206558994773,3.1962431273806122
2024-02-01 11:00:00,11,1202.0354265608014,29.329416650282187,8.935872079146744,5.473115392486511
2024-02-01 12:00:00,12,1039.4654320704713,31.220088151069927,27.8283167643922,3.750998494887713
2024-02-01 13:00:00,13,1006.2317512694001,28.512696331925145,41.961845455549096,2.919991694385346
2024-02-01 14:00:00,14,897.2572038745714,32.58362304169503,21.859363461078814,3.5056124524945793
2024-02-01 15:00:00,15,979.9043228640061,28.527525148063393,42.145100355098435,2.8346133130451143
2024-02-01 16:00:00,16,819.9743776854168,34.46001455399326,53.294215704798205,1.9148773205883702
2024-02-01 17:00:00,17,803.1141254628642,29.856917181168185,34.804612515408955,2.6179668301949945
2024-02-01 18:00:00,18,911.9135442480513,32.24796648377156,29.441044574434148,3.217183356028401
2024-02-01 19:00:00,19,601.0766370307488,32.47222793260395,46.586878504525636,1.6052689720907267
2024-02-01 20:00:00,20,591.941866102854,28.351536065423282,12.877983451255389,2.57855845272538
2024-02-01 21:00:00,21,326.42931835501895,24.073696427687835,10.905803326141548,1.4541478944817803
2024-02-01 22:00:00,22,256.0199658627641,31.316423337647006,24.668554301420293,0.9643177078071522
2024-02-01 23:00:00,23,272.1902430708928,30.45102111503011,20.162410903710658,1.086550639115653
2024-02-02 00:00:00,0,0.0,32.04752979810838,13.933160494190492,0.0
2024-02-02 01:00:00,1,275.5220768598059,29.700469298234484,66.60936949997549,0.4599927931512566
2024-02-02 02:00:00,2,315.43919993895884,29.08876861898085,73.43986418988582,0.4189053995106252
2024-02-02 03:00:00,3,337.6860902935484,36.4054707483281,22.925899154888356,1.3013425888638213
2024-02-02 04:00:00,4,550.5926191244415,25.962989530850663,31.83437899496731,1.8765743901702496
2024-02-02 05:00:00,5,686.565784978859,32.58190315047571,26.24314359872418,2.531946700635746
2024-02-02 06:00:00,6,756.8515781639233,28.656246140832824,52.14998480236312,1.8107679758749589
2024-02-02 07:00:00,7,667.7353626999989,29.37271586216173,56.11291123680094,1.4652480566570885
2024-02-02 08:00:00,8,807.854429718449,29.4287432176611,0.0,4.039272148592245
2024-02-02 09:00:00,9,904.0780416671662,27.969748892869227,39.52021600131251,2.73392223389933
2024-02-02 10:00:00,10,959.9711519610647,32.09372434609172,3.863573176777031,4.6144098201454975
2024-02-02 11:00:00,11,1041.0986291778645,34.55198250323287,65.16544315750556,1.813310468836968
2024-02-02 12:00:00,12,1014.2160800746603,31.790092699122983,38.80496060420796,3.1032496488007304
2024-02-02 13:00:00,13,884.6173126770021,30.690197704019283,13.533009232747276,3.8245098503897137
2024-02-02 14:00:00,14,996.3416543695455,27.420730218085257,25.173572241242937,3.7276343411861648
2024-02-02 15:00:00,15,972.7263921339927,31.93052751285635,24.220454834676833,3.685638178310988
2024-02-02 16:00:00,16,910.8086396189219,36.84910061057089,40.50225885771631,2.709552833510108
2024-02-02 17:00:00,17,879.8157983356051,29.23796784399772,50.83825208354956,2.1626641245342806
2024-02-02 18:00:00,18,773.82055355046,29.252100977327398,7.035854160565801,3.596878339690833
2024-02-02 19:00:00,19,645.4958353469956,28.696784322440006,66.77509001824228,1.0723270511501717
2024-02-02 20:00:00,20,494.38674308330815,28.911809011899734,62.11380215641687,0.9365216979849459
2024-02-02 21:00:00,21,249.8065576838106,22.144153054365844,12.493528648179094,1.0929845191727685
2024-02-02 22:00:00,22,293.1885026331279,31.595157872950136,31.456035887246188,1.004815110137857
2024-02-02 23:00:00,23,147.14120719310088,27.843395186319157,64.21617088228632,0.2632637907186013
2024-02-03 00:00:00,0,21.726306975629875,25.693563775300795,54.65837173354966,0.049255306724589845
2024-02-03 01:00:00,1,28.38630615442682,32.78392298087384,23.265139399042088,0.10891096228680279
2024-02-03 02:00:00,2,172.33452186985983,27.278299776550387,46.28679629135746,0.46283196396136467
2024-02-03 03:00:00,3,466.9356606317221,29.508345970024923,89.94396583438277,0.23477604782288256
2024-02-03 04:00:00,4,496.8355876914675,34.92368030524194,32.10319963702424,1.6866773355354654
2024-02-03 05:00:00,5,663.2814847985305,26.296705737602657,17.347034971199616,2.741109068365187
2024-02-03 06:00:00,6,709.3722512769845,25.92655842788291,33.44839704182798,2.360493020826525
2024-02-03 07:00:00,7,795.733831450895,31.33227170036321,34.93104190994636,2.5888785664758047
2024-02-03 08:00:00,8,941.0881082625183,33.9728152237073,19.50926521999804,3.7874436663386066
2024-02-03 09:00:00,9,882.5959542538967,25.80132797848031,38.83250135628434,2.6993093417387084
2024-02-03 10:00:00,10,973.6154884443471,31.74742234218773,4.9119788054499764,4.628958510026912
2024-02-03 11:00:00,11,954.4628382774068,32.26735175156127,16.689322659826416,3.9758472776457663
2024-02-03 12:00:00,12,965.2403018054148,24.346871680599236,45.16489552309595,2.646452639740916
2024-02-03 13:00:00,13,966.7110914963191,32.919857145397856,0.0,4.833555457481595
2024-02-03 14:00:00,14,983.6965280197655,33.154170771202736,48.06335183989553,2.5544950236039456
2024-02-03 15:00:00,15,885.5796427782086,29.588996411908123,0.0,4.4278982138910425
2024-02-03 16:00:00,16,966.4858938303204,34.28139221857022,0.0,4.832429469151601
2024-02-03 17:00:00,17,721.784756113675,33.93371985465073,20.020425138882292,2.886401896760363
2024-02-03 18:00:00,18,692.157049653639,30.83370690882781,35.737276856387005,2.2239948426895895
2024-02-03 19:00:00,19,573.5829443467867,29.170016960701396,56.505272062547775,1.2473917056963144
2024-02-03 20:00:00,20,615.7582307482985,27.605869453927326,31.15245526319191,2.119672116925064
2024-02-03 21:00:00,21,398.40781448601587,30.41166260357762,25.0689278484802,1.4926562346490484
2024-02-03 22:00:00,22,341.36660826001184,32.233629890788734,41.591624959696084,0.9969334440743641
2024-02-03 23:00:00,23,11.681362377094246,29.551822548554274,12.582023590641313,0.05105805303549974
2024-02-04 00:00:00,0,21.364021269540707,24.074514547125087,32.788303186928125,0.07179560601381944
2024-02-04 01:00:00,1,201.69665586992653,34.47315924664089,6.0110748408928,0.9478625946700361
2024-02-04 02:00:00,2,265.4017642445547,31.237687228445857,31.651810337508262,0.9069865059673374
2024-02-04 03:00:00,3,467.9218623703179,29.528144072880675,27.403273483011933,1.6984797736908852
2024-02-04 04:00:00,4,458.6169239919701,33.23849272818104,13.914641571011654,1.9740101141724424
2024-02-04 05:00:00,5,721.509224223567,35.24093335235945,33.300812730754785,2.406203943148777
2024-02-04 06:00:00,6,891.0186310760876,22.2612828544475,33.17099306319285,2.9772945138504134
2024-02-04 07:00:00,7,764.3262554560627,31.969808512677393,53.509080246782695,1.7767115303842442
2024-02-04 08:00:00,8,830.3852020723767,26.387069930480134,0.0,4.151926010361883
2024-02-04 09:00:00,9,1040.1502906807027,32.164349083308004,28.479021846059148,3.7196283108294885
2024-02-04 10:00:00,10,1092.2915979475254,31.050799170034914,14.794752005930414,4.653448824247873
2024-02-04 11:00:00,11,949.6160592015488,32.574197142232826,47.39524116352584,2.4977161890770225
2024-02-04 12:00:00,12,966.3850546323314,29.16927471942721,45.07824130384266,2.6537783389044867
2024-02-04 13:00:00,13,968.9020926649697,25.047297227453722,40.15759690137242,2.8990714796180463
2024-02-04 14:00:00,14,858.3697854063263,29.31591298914117,15.923334838610739,3.6084434516130623
2024-02-04 15:00:00,15,850.387376792551,31.887560468330527,47.70941165880191,2.2233628125205294
2024-02-04 16:00:00,16,785.6941424442733,33.71319454893685,0.0,3.928470712221367
2024-02-04 17:00:00,17,731.9295350829051,27.151523661493602,0.0,3.6596476754145253
2024-02-04 18:00:00,18,704.3319901956052,33.74819884353023,4.482580001961519,3.3637987262783966
2024-02-04 19:00:00,19,627.4986076116423,28.723400693971612,29.330503793461883,2.2172505235109456
2024-02-04 20:00:00,20,624.040039425126,31.754367207694756,43.503288019765876,1.7628105185767646
2024-02-04 21:00:00,21,302.8151091059866,29.137335704314278,0.0,1.5140755455299333
2024-02-04 22:00:00,22,337.5648369806477,31.21352944604748,56.454856637595725,0.7349654610214466
2024-02-04 23:00:00,23,113.40708468201129,33.342650466622004,32.62224392356868,0.3820557444521873
2024-02-05 00:00:00,0,0.0,27.1269605026724,0.0,0.0
2024-02-05 01:00:00,1,184.51175159337987,28.768285044297514,32.01893940579162,0.6271652282706541
2024-02-05 02:00:00,2,169.00128337753694,31.36289049656427,51.850508293568396,0.4068662946181506
2024-02-05 03:00:00,3,413.2762120598139,38.01275371762907,41.98882030612518,1.1987320300502886
2024-02-05 04:00:00,4,513.3161766570444,28.218433598037524,51.981461251079324,1.2324346359627047
2024-02-05 05:00:00,5,648.1575301293725,36.92840439252876,2.675067412057782,3.1540943963104153
2024-02-05 06:00:00,6,730.240272699173,36.82127264556352,21.719895297231908,2.858164250253459
2024-02-05 07:00:00,7,989.7773514841069,30.516069282433232,11.506155389529358,4.379460157059888
2024-02-05 08:00:00,8,815.0062050443332,29.913545155938305,64.35160410088636,1.4526831928827288
2024-02-05 09:00:00,9,881.3997761111411,28.73180713854393,42.7872568697326,2.521364949286096
2024-02-05 10:00:00,10,916.0745841750872,30.60339514354,86.94019177915281,0.5981879192659488
2024-02-05 11:00:00,11,947.0066918409899,26.587844436859335,20.647809331655452,3.7573527787582224
2024-02-05 12:00:00,12,949.0090298154786,30.579285682576213,15.506515766353905,4.009253974915096
2024-02-05 13:00:00,13,1086.5661838624144,35.298643556090575,27.143467228096988,3.958172239170679
2024-02-05 14:00:00,14,1079.5661661282568,28.974747547107853,57.56714442845098,2.2904537603625608
2024-02-05 15:00:00,15,878.2198290113287,30.085829822570854,22.677606212493053,3.395302972540549
2024-02-05 16:00:00,16,799.4369579361004,25.704581311736284,32.488751958138884,2.698549338052748
2024-02-05 17:00:00,17,831.0665848021476,31.930188998931136,31.93381405773639,2.828376634577249
2024-02-05 18:00:00,18,662.92893764407,31.60144778939213,30.789935224043788,2.294067735810096
2024-02-05 19:00:00,19,659.3959744291616,30.99910981383532,16.95203079075044,2.738074829054806
2024-02-05 20:00:00,20,516.2338416681039,30.157521583871578,27.25417864179267,1.8776927412524487
2024-02-05 21:00:00,21,261.42390316531134,29.929728978220645,26.397947972972844,0.9620667860940877
2024-02-05 22:00:00,22,382.61946120892594,32.31370343564002,29.848706806507018,1.3420625002401838
2024-02-05 23:00:00,23,274.1964060676937,30.721552929772137,48.870336363054165,0.7009785006350296
2024-02-06 00:00:00,0,0.0,31.89218248427363,65.21256069248986,0.0
2024-02-06 01:00:00,1,99.51006742517283,31.592215321971274,13.191304746605862,0.4319169558878266
2024-02-06 02:00:00,2,281.6882763605132,34.31754873089491,22.1601275042457,1.0963289757725574
2024-02-06 03:00:00,3,409.4399755640518,32.97824916173279,13.49976203187627,1.7708327659976624
2024-02-06 04:00:00,4,552.6835418138263,31.525852399058202,33.74203074444545,1.830984456077575
2024-02-06 05:00:00,5,769.5777921100286,35.50253296156417,19.233010849780463,3.1078240592800292
2024-02-06 06:00:00,6,692.9510029870236,32.208072456777316,34.79593667483977,2.259161053999959
2024-02-06 07:00:00,7,729.4895607281591,34.862154935978886,52.072538208895736,1.748129152440414
2024-02-06 08:00:00,8,755.6798655432763,32.76809469476755,0.0,3.7783993277163814
2024-02-06 09:00:00,9,865.4051293159331,25.421509632813002,39.835597792013814,2.6033291136509042
2024-02-06 10:00:00,10,963.2756684591646,34.86177115956562,20.79625902204242,3.814751826750431
2024-02-06 11:00:00,11,1135.0094904552332,31.352795593635637,39.20844535968778,3.4499495728141123
2024-02-06 12:00:00,12,958.5910960771063,30.791402556905297,12.070611244995991,4.214416457202464
2024-02-06 13:00:00,13,1009.3478975049221,31.791311912076363,53.9252197661375,2.325274127852523
2024-02-06 14:00:00,14,964.6119946032483,29.91231738373643,48.26561236080568,2.495180542511043
2024-02-06 15:00:00,15,1018.9509943871335,31.628353450774465,41.36704297085286,2.9872054934353782
2024-02-06 16:00:00,16,1068.1799978543283,29.171638670578353,45.864514356201965,2.8913221469417603
2024-02-06 17:00:00,17,750.8838384576097,34.77008364581074,15.087590656556529,3.1879677930244323
2024-02-06 18:00:00,18,667.9516257850898,30.606502528744482,17.607524906214202,2.7517093845675875
2024-02-06 19:00:00,19,692.2942991742465,29.79951534144033,45.04872401634959,1.9021227547915933
2024-02-06 20:00:00,20,554.5513191701048,28.17248942244981,14.645417144627759,2.366674825983034
2024-02-06 21:00:00,21,530.4200184239726,31.753594237053555,58.91270093316174,1.0896762964011812
2024-02-06 22:00:00,22,305.5332999285981,31.508588169982907,23.528178574379368,1.1682343975860172
2024-02-06 23:00:00,23,101.78282495708723,32.11254071064015,40.03788779721244,0.30515565851967746
2024-02-07 00:00:00,0,47.252386455384745,28.003013038635874,71.9849903851018,0.06618880304372446
2024-02-07 01:00:00,1,219.2224786666842,26.281225104716544,15.875532918638468,0.9220987095044979
2024-02-07 02:00:00,2,324.45761959831,32.96154260867094,31.375235016895655,1.1132913945955747
2024-02-07 03:00:00,3,423.2653548536736,35.53869428678078,51.08366329274615,1.035229530726879
2024-02-07 04:00:00,4,585.3339751671322,28.005707833981575,49.025547777530626,1.4918539375672526
2024-02-07 05:00:00,5,702.3050762443744,35.853092551836355,23.443693795212837,2.688294123307036
2024-02-07 06:00:00,6,817.6795004695497,31.936501877360406,19.66539124956292,3.284398137673705
2024-02-07 07:00:00,7,845.2501312984067,31.063579987498773,25.337281349098966,3.155433637138505
2024-02-07 08:00:00,8,852.6559573590902,29.892122611513926,58.95715532302728,1.7497713010392308
2024-02-07 09:00:00,9,935.6166274259524,26.93121464287627,24.41788287280107,3.5357942760131587
2024-02-07 10:00:00,10,1062.4465436097369,34.04795424892506,31.5623138496693,3.63556915515334
2024-02-07 11:00:00,11,926.0900076948313,28.757949616838452,21.464270581531498,3.636557713073435
2024-02-07 12:00:00,12,1029.493864709832,28.745348673938462,44.11097129591973,2.8768706077721165
2024-02-07 13:00:00,13,959.9777563876214,34.060547630812124,33.11050075167313,3.2106215707150163
2024-02-07 14:00:00,14,968.2254121238539,25.435818361136082,9.93132378483542,4.360339057393883
2024-02-07 15:00:00,15,1026.1556815198708,26.513975269146762,10.623517719300114,4.585709254330012
2024-02-07 16:00:00,16,881.313329226031,31.030365970627017,0.0,4.406566646130155
2024-02-07 17:00:00,17,797.0682641437272,31.964621988165817,13.373571817487676,3.4523588370203178
2024-02-07 18:00:00,18,598.3182899081542,32.53897264505803,45.87891607264344,1.619081719169583
2024-02-07 19:00:00,19,668.4617142908984,30.179373220962503,56.47521076024536,1.4547327614678216
2024-02-07 20:00:00,20,551.638734491286,38.67587770707633,43.71116726434368,1.5525550228144565
2024-02-07 21:00:00,21,555.7438102295267,30.40109102485376,41.09264401281362,1.6368699233433037
2024-02-07 22:00:00,22,234.19678630628098,30.392410244843095,27.46947900942701,0.8493207462556227
2024-02-07 23:00:00,23,148.0582184331671,28.69380869470963,45.498291098279736,0.4034712960775893
2024-02-08 00:00:00,0,19.95069469686042,31.592187933971886,35.72556446163769,0.0641159820119451
2024-02-08 01:00:00,1,256.7224546011295,33.065351180548994,66.0889794397425,0.4352860218129338
2024-02-08 02:00:00,2,251.19540251156465,34.831201648009056,28.03109371646503,0.903912919110482
2024-02-08 03:00:00,3,405.00515442671696,26.75261469108802,56.86016167472262,0.8735928441436285
2024-02-08 04:00:00,4,548.631720777323,30.48248146934157,47.4822816363572,1.4406443098572086
2024-02-08 05:00:00,5,623.6901588612293,32.56057831683611,44.708865724083175,1.7242268160082064
2024-02-08 06:00:00,6,671.3920920225053,32.98164008819228,0.0,3.3569604601125262
2024-02-08 07:00:00,7,808.8805397230999,31.24011345782229,48.58379123095422,2.0794785349810665
2024-02-08 08:00:00,8,951.9159437732203,32.84773939300498,27.449840421816933,3.4530826812881936
2024-02-08 09:00:00,9,841.7583085584017,28.79357580563127,21.121470111302166,3.319832895034181
2024-02-08 10:00:00,10,976.5634002208185,35.89418378136374,0.34173917644173457,4.866130502497362
2024-02-08 11:00:00,11,935.4351961786764,34.19835179334696,29.888257320636338,3.279249588384972
2024-02-08 12:00:00,12,1095.6037303139874,27.185684123213157,30.67103193636485,3.797853801466899
2024-02-08 13:00:00,13,869.5899089911082,27.995158340058406,3.9399615637039105,4.176642004075053
2024-02-08 14:00:00,14,921.2120785073414,28.079702234087954,0.5343965421261601,4.5814457650707485
2024-02-08 15:00:00,15,954.0564825164485,33.25437739709826,39.73238960256222,2.874935219272561
2024-02-08 16:00:00,16,991.267326123186,27.36628418515627,47.43410262122754,2.605342826996079
2024-02-08 17:00:00,17,788.0933194053963,30.22739448178443,33.805658198448434,2.6083659278120077
2024-02-08 18:00:00,18,662.6908190510918,32.584580673659,53.01669299368726,1.5567703100871149
2024-02-08 19:00:00,19,759.2539945639679,31.021969680769367,28.272300312970028,2.7229771254131085
2024-02-08 20:00:00,20,384.1588879667004,31.99713003154679,28.91297451199595,1.3654356330166062
2024-02-08 21:00:00,21,206.77895583548337,28.0230593503624,11.659439425184193,0.9133484436790841
2024-02-08 22:00:00,22,294.0202011067876,33.00503060460041,0.0,1.470101005533938
2024-02-08 23:00:00,23,90.3618542718431,29.380831806980684,67.0932426771917,0.14867578048812546
2024-02-09 00:00:00,0,0.0,30.380463985707948,52.62598100499493,0.0
2024-02-09 01:00:00,1,187.19470800399984,32.06751819261973,2.1497486572304325,0.9158524614113871
2024-02-09 02:00:00,2,278.32310220421675,31.663557673494317,33.11503815662561,0.9307815035529314
2024-02-09 03:00:00,3,337.5571419061515,31.42626306594855,27.999073777926668,1.2152213435059376
2024-02-09 04:00:00,4,397.57564810632834,29.102442542971506,24.520150536739138,1.500447503466202
2024-02-09 05:00:00,5,678.5580152711321,30.455674775304196,21.819643043701213,2.652495392472738
2024-02-09 06:00:00,6,759.1228754232404,31.36087378141288,37.625382939359575,2.367499932824843
2024-02-09 07:00:00,7,785.4192711888847,27.22906730940052,46.36351050942949,2.106356624240709
2024-02-09 08:00:00,8,1013.7563634682517,29.966724109961635,38.04782338056411,3.1402206639331087
2024-02-09 09:00:00,9,838.2727512051944,32.517362646000315,27.589632512416124,3.0349818984798045
2024-02-09 10:00:00,10,843.8838126150893,27.522013197365744,26.8554656621776,3.086274425447844
2024-02-09 11:00:00,11,936.0922157833106,34.82406796368449,48.73628633845333,2.3993781655359196
2024-02-09 12:00:00,12,996.3531186915602,35.1631627967013,39.26889876232124,3.0254811059867053
2024-02-09 13:00:00,13,1010.9120173196255,27.618871281021516,31.453789260708664,3.4647094089036594
2024-02-09 14:00:00,14,946.6269416605621,35.42718190805219,29.281974047997842,3.3471794313608036
2024-02-09 15:00:00,15,952.0439642324305,30.92357824276537,36.905410192245775,3.0034411701096717
2024-02-09 16:00:00,16,765.9022498492031,32.60986668637294,20.633026228811012,3.039367188753817
2024-02-09 17:00:00,17,908.8545086170961,29.864369852517033,46.43077634616421,2.4343315220453126
2024-02-09 18:00:00,18,700.5346869151422,34.123457490582055,8.482828763242665,3.205547644985063
2024-02-09 19:00:00,19,698.1450955357709,32.572605065447775,21.77086980467036,2.7307641786949333
2024-02-09 20:00:00,20,527.4180277102162,28.91186323910896,42.22212190892048,1.5236547254039237
2024-02-09 21:00:00,21,419.2236898973926,27.858717009005908,7.342343732914536,1.9422142278765915
2024-02-09 22:00:00,22,304.40042752109736,26.973415703274107,0.0,1.5220021376054869
2024-02-09 23:00:00,23,166.34287702143718,31.91814833820004,31.261553508584804,0.571707547568306
2024-02-10 00:00:00,0,51.417820789403514,33.20370984568902,0.0,0.25708910394701756
2024-02-10 01:00:00,1,236.85839463064607,33.43919264668814,4.0239289189627705,1.1366369059605628
2024-02-10 02:00:00,2,274.54073867863843,31.13235232652768,45.13188237012864,0.7531766772005654
2024-02-10 03:00:00,3,439.4037329721708,28.015306243356722,25.904294847885286,1.627896472052226
2024-02-10 04:00:00,4,492.8211444570218,29.440071216278465,55.70973899417971,1.091358855859428
2024-02-10 05:00:00,5,723.9708062446784,34.94334152723559,5.9037131812509,3.4061482316400147
2024-02-10 06:00:00,6,652.995397021806,30.032409916549568,28.12095268735431,2.3468343518735124
2024-02-10 07:00:00,7,937.4285749241005,31.916548502394242,37.991691064155184,2.906418033959118
2024-02-10 08:00:00,8,862.812767732891,28.25934415962515,6.589701397421823,4.029779913602313
2024-02-10 09:00:00,9,809.4175243418427,32.496044746726916,50.6352380899925,1.9978351687461389
2024-02-10 10:00:00,10,976.1741794819316,30.11324192531258,40.21357766332078,2.9180980884334033
2024-02-10 11:00:00,11,936.9607287758198,34.626433751677105,0.0,4.684803643879099
2024-02-10 12:00:00,12,1067.2514839190978,33.806968728970254,29.24516407582799,3.775660181726243
2024-02-10 13:00:00,13,939.234943029619,29.999177770625113,37.71913472517265,2.9248182474118916
2024-02-10 14:00:00,14,930.2311516318861,31.106303528306825,18.198866529438853,3.804698129655686
2024-02-10 15:00:00,15,772.7162740356443,29.832946890227927,0.40270188982372446,3.848022654985637
2024-02-10 16:00:00,16,829.8408982445126,27.227996020714784,35.56917578894821,2.673366651896676
2024-02-10 17:00:00,17,599.4429941609188,28.913968321708165,74.22485900565123,0.7725363846286136
2024-02-10 18:00:00,18,580.3945553076898,32.08094759351227,22.260318016846192,2.255984407718689
2024-02-10 19:00:00,19,669.5946015002645,32.46207410503856,61.384823625694175,1.292825681810787
2024-02-10 20:00:00,20,562.8640126920665,31.93193932112773,14.954223564770635,2.3934603493422792
2024-02-10 21:00:00,21,416.7200373078871,30.581096448473907,34.31091270019903,1.3686979455147055
2024-02-10 22:00:00,22,181.460953652184,34.28549542751277,45.43045061752238,0.49511212356571693
2024-02-10 23:00:00,23,126.7092837286936,31.676921324032627,29.8317266805727,0.4445485826391918
2024-02-11 00:00:00,0,0.0,33.726107666710625,24.045287022375376,0.0
2024-02-11 01:00:00,1,37.85701708464815,26.295020785815225,44.522550427007474,0.1050105378148742
2024-02-11 02:00:00,2,379.09090924389284,19.849145427567755,67.82910230538442,0.6097847429122036
2024-02-11 03:00:00,3,452.87241561114354,32.46771026593702,36.01173849278263,1.448925927976554
2024-02-11 04:00:00,4,482.32286609362677,27.342049221258314,19.678796469393053,1.9370376547485937
2024-02-11 05:00:00,5,610.9122961282831,30.978991074283613,26.20496885480634,2.254114595988421
2024-02-11 06:00:00,6,723.7774058223517,30.710055059348964,80.39415291290749,0.7095134571822764
2024-02-11 07:00:00,7,630.014550817292,36.37854798966939,32.69814232676256,2.1200574815587006
2024-02-11 08:00:00,8,846.2512131827907,32.8163358412536,18.111726028440543,3.4649025596938468
2024-02-11 09:00:00,9,869.3207926714626,32.1139232628188,7.098641670349203,4.038054123169381
2024-02-11 10:00:00,10,885.7962254974751,34.127319646323805,0.0,4.428981127487376
2024-02-11 11:00:00,11,968.9568379429338,32.7218389429399,37.2716854769238,3.0390514644884865
2024-02-11 12:00:00,12,1143.8149221479619,30.24331520345748,43.09283985649007,3.2545629474605207
2024-02-11 13:00:00,13,1042.712290275171,34.83077397318646,22.066076400695863,4.06313299831803
2024-02-11 14:00:00,14,920.2315071064447,28.28709579875796,29.700591639380917,3.2345865252191945
2024-02-11 15:00:00,15,969.6861550197794,32.58608774502347,6.590765814227524,4.528882057047192
2024-02-11 16:00:00,16,977.9738387113189,26.97363680001385,32.65856929655002,3.292907874468262
2024-02-11 17:00:00,17,867.3240349242568,32.228177754970766,39.62990641134249,2.618021658003472
2024-02-11 18:00:00,18,711.8772107801616,32.19531510774157,19.296714656647246,2.872541483551073
2024-02-11 19:00:00,19,557.0064867922748,36.64571106816677,63.80905339171679,1.0079296011983314
2024-02-11 20:00:00,20,555.8578650890871,26.921424502097445,13.257873465061767,2.410814663449911
2024-02-11 21:00:00,21,414.16226319882986,29.813684654861344,35.669532080379646,1.3321626093114844
2024-02-11 22:00:00,22,330.43450270473966,34.084393462145215,46.96634439409211,0.8762074808376302
2024-02-11 23:00:00,23,181.33993635460956,32.622297951614705,28.45420999701235,0.6487054502791021
2024-02-12 00:00:00,0,83.9642172255468,32.28535134234196,26.23046362211017,0.30970006885305096
2024-02-12 01:00:00,1,87.70737529520613,28.876029079453836,1.4226769910067532,0.4322979132373264
2024-02-12 02:00:00,2,364.21057035326686,29.971981144055167,57.14682991432567,0.78037887591745
2024-02-12 03:00:00,3,398.49140074048177,35.47955921299923,26.60213596664808,1.4624208825004916
2024-02-12 04:00:00,4,666.0208698100212,31.58990860706767,40.7473084986965,1.9731764566141503
2024-02-12 05:00:00,5,553.6264035615552,32.87051527676287,43.45440975720282,1.5652565881692586
2024-02-12 06:00:00,6,845.9838854397675,31.39887120200002,17.434030159644937,3.4924739985323123
2024-02-12 07:00:00,7,809.1862029682471,28.19517964258016,26.049427914175702,2.991989131672891
2024-02-12 08:00:00,8,813.9119634952826,34.54586746655445,56.689647014870076,1.7625407218900435
2024-02-12 09:00:00,9,885.1686657869409,33.254133341926945,7.6560466851911,4.086998697458047
2024-02-12 10:00:00,10,940.2980416335228,38.661346700431025,72.55836149514514,1.2901659472665048
2024-02-12 11:00:00,11,1025.3781370859635,28.69769204937782,15.10254429447452,4.352599748733492
2024-02-12 12:00:00,12,1041.82683904284,34.2121549519309,6.4096508671897645,4.875246880097574
2024-02-12 13:00:00,13,945.5488610587239,27.80980429021845,32.64618041377069,3.184316369885694
2024-02-12 14:00:00,14,963.9774589081899,32.216475891348686,74.16696528679742,1.2451231579360038
2024-02-12 15:00:00,15,1095.2611612002358,34.67395595551895,0.0,5.4763058060011796
2024-02-12 16:00:00,16,1004.2288573924957,25.528030840039996,27.17968563020616,3.6564130547270204
2024-02-12 17:00:00,17,828.2592338651579,31.129638765604632,39.525300345131114,2.504436420218362
2024-02-12 18:00:00,18,710.1470594400037,30.054806986201594,30.67299917071063,2.4616182889357274
2024-02-12 19:00:00,19,618.3639351461816,29.63856429344409,37.638433400060194,1.928107186230973
2024-02-12 20:00:00,20,549.0814378184332,32.90007414510752,15.639338356554518,2.3160436695248694
2024-02-12 21:00:00,21,300.86002714921744,35.10649330759724,18.00556308137238,1.2334424258711552
2024-02-12 22:00:00,22,238.22892210865342,31.34460004264199,27.031547056816002,0.8691597946295361
2024-02-12 23:00:00,23,0.0,32.36089547100951,7.402238241944978,0.0
2024-02-13 00:00:00,0,31.937849808422342,32.21345393141441,29.106271971196207,0.11320966190715384
2024-02-13 01:00:00,1,182.30186739627084,31.875938191305913,22.22509412656997,0.7089255288647743
2024-02-13 02:00:00,2,220.1641281185709,28.60249975910035,20.59909629690263,0.874061536780952
2024-02-13 03:00:00,3,508.6023734282924,35.195861477405344,36.41012825197276,1.6170979848523686
2024-02-13 04:00:00,4,401.9387469598126,32.75611377671318,0.0,2.009693734799063
2024-02-13 05:00:00,5,491.611438591935,33.0551721422444,25.418197932336927,1.8332633503631395
2024-02-13 06:00:00,6,725.0629266713453,29.45099878515992,76.34707531229722,0.8574929399201348
2024-02-13 07:00:00,7,877.1212045002077,30.492866478268947,8.2778062734875,4.022574052040002
2024-02-13 08:00:00,8,1000.739619101068,31.342125079104335,55.71000992968827,2.2161373896476926
2024-02-13 09:00:00,9,887.1687914817713,27.268153591890115,31.093122418253976,3.0566015654489993
2024-02-13 10:00:00,10,1052.220292963572,26.806424696643635,17.940843822371637,4.317215467678381
2024-02-13 11:00:00,11,988.3641838137537,30.068283880320966,3.5871668094038682,4.764549559279756
2024-02-13 12:00:00,12,986.1898160047344,33.43808997156384,32.793639305704644,3.3139114243727477
2024-02-13 13:00:00,13,1062.137656372744,29.911115502446847,59.06794211629353,2.173774001555675
2024-02-13 14:00:00,14,1018.111656562142,28.81411207946453,22.215777096064723,3.959651201756222
2024-02-13 15:00:00,15,797.7681599525469,29.42647071252366,28.38077150526453,2.856777006673307
2024-02-13 16:00:00,16,984.1486317625104,30.50450040280073,50.20741700380664,2.4501651213812465
2024-02-13 17:00:00,17,903.7606486230314,30.808950783776357,36.81741582692562,2.855096662696849
2024-02-13 18:00:00,18,657.0617650657853,38.36709202885634,0.0,3.2853088253289267
2024-02-13 19:00:00,19,640.4257116837134,35.034389557698624,31.977744317103674,2.17816007530252
2024-02-13 20:00:00,20,539.522414902619,34.944850009081854,60.24469821331196,1.0724438212568166
2024-02-13 21:00:00,21,403.53733363100247,35.376268765056814,29.261176270650033,1.4272878155967688
2024-02-13 22:00:00,22,214.79463279488743,28.87406506423452,0.0,1.0739731639744372
2024-02-13 23:00:00,23,76.79632278500787,28.203433827274953,37.76429983182146,0.2389736459433204
2024-02-14 00:00:00,0,0.0,28.6739723959143,26.03087120911928,0.0
2024-02-14 01:00:00,1,224.34451376080074,35.998101670529984,0.0,1.1217225688040036
2024-02-14 02:00:00,2,302.3070574700754,30.353007903869,0.0,1.5115352873503771
2024-02-14 03:00:00,3,353.0342857982013,28.24051472379861,49.50214286577618,0.8913737463860157
2024-02-14 04:00:00,4,561.7358968518674,30.701594669857034,15.3523450880984,2.3774813174172214
2024-02-14 05:00:00,5,380.87801935831453,31.27876667537259,11.85007238528016,1.6787184918236644
2024-02-14 06:00:00,6,799.0080372163159,32.79982309160016,29.287228781366625,2.8250036268763323
2024-02-14 07:00:00,7,654.1762379889874,32.7474363326526,17.115940033601227,2.711039126903619
2024-02-14 08:00:00,8,837.0301284721879,29.510041578895947,32.0009725555549,2.845861733890386
2024-02-14 09:00:00,9,834.3059409411951,34.051552448057606,25.945599411266592,3.089201318200971
2024-02-14 10:00:00,10,862.3513082313959,30.077002669265998,6.00008839812714,4.053047337175532
2024-02-14 11:00:00,11,1084.3110043640918,31.525754260401342,19.776044028772304,4.349385913661129
2024-02-14 12:00:00,12,962.5839038950487,34.054905482026534,38.85506642618209,2.942856443144454
2024-02-14 13:00:00,13,1019.1651719122675,30.069119058683448,30.83836080477251,3.5243566950069116
2024-02-14 14:00:00,14,962.1721799787338,30.286528999773058,28.361150352163374,3.4464454068413852
2024-02-14 15:00:00,15,962.0427986891366,33.769587419595865,68.74768482358769,1.503303237891534
2024-02-14 16:00:00,16,872.1711550692592,29.421383740701415,44.62075050771071,2.415009199827932
2024-02-14 17:00:00,17,690.7139623561498,30.84020719970426,47.048825296426855,1.8287057845458867
2024-02-14 18:00:00,18,786.8081267423189,33.66180980464515,26.680631844101505,2.884413735633647
2024-02-14 19:00:00,19,569.2609023558157,38.156860594824394,34.402903807025496,1.8670931085366955
2024-02-14 20:00:00,20,375.47344810721984,33.81079678480471,21.378000209486146,1.4760236679214676
2024-02-14 21:00:00,21,348.4342194878169,33.412502559486505,45.55099531048256,0.9485948225440244
2024-02-14 22:00:00,22,378.8798283532659,33.58698802153466,27.792001918019132,1.3679076959516931
2024-02-14 23:00:00,23,198.54393158913143,28.775012448315323,34.44755497861113,0.6507520079913466
2024-02-15 00:00:00,0,0.0,32.46335643885747,33.212226043103364,0.0
2024-02-15 01:00:00,1,102.58557587457727,32.02726675780854,29.63666237189091,0.3609131755518441
2024-02-15 02:00:00,2,233.08824100513021,33.081319843936015,88.7637613431154,0.1309517552023538
2024-02-15 03:00:00,3,548.823271049957,32.466090380245355,16.66761445010555,2.2867376210944625
2024-02-15 04:00:00,4,530.5548361785242,33.25566525506908,16.485769396826154,2.2154439468121194
2024-02-15 05:00:00,5,643.1647607840061,31.182164638120142,43.88193493623514,1.8046580946198811
2024-02-15 06:00:00,6,789.529457509095,32.29239297493312,18.096620018496417,3.23325655824789
2024-02-15 07:00:00,7,812.4564730133565,28.43308052464677,24.171872773022137,3.0803526401019243
2024-02-15 08:00:00,8,845.3020321187822,31.156844388809002,8.271780932887637,3.8769024990033447
2024-02-15 09:00:00,9,908.1715445844883,36.28906686734768,39.83115838805174,2.7321814911291242
2024-02-15 10:00:00,10,960.1977255359433,33.07299124170251,40.08514488968303,2.8765053801370977
2024-02-15 11:00:00,11,988.467082453023,32.05380311066852,23.69615880153111,3.7711917644704656
2024-02-15 12:00:00,12,1058.2103634909583,37.80493605158078,44.296333769601446,2.9473098444724535
2024-02-15 13:00:00,13,995.6005322383942,28.034061287914508,0.0,4.9780026611919705
2024-02-15 14:00:00,14,1024.5370324663147,28.788199556479086,15.862931969713127,4.3100771000083276
2024-02-15 15:00:00,15,917.4222061026002,37.25470045664656,26.600416275781388,3.3669204013642577
2024-02-15 16:00:00,16,872.316219009726,32.254449030964544,6.554350061940944,4.075707801843706
2024-02-15 17:00:00,17,633.4972855286667,31.388817113948363,0.0,3.1674864276433334
2024-02-15 18:00:00,18,780.4129951627461,28.518953247530817,23.842080699231058,2.9717314953437897
2024-02-15 19:00:00,19,636.4805070805601,33.45965502200278,43.88040174121484,1.7859515178454446
2024-02-15 20:00:00,20,579.840808788772,33.74994583140013,55.64216782853024,1.2860240641210818
2024-02-15 21:00:00,21,150.98300210959476,28.833083140313057,19.054242335892543,0.6110716750081341
2024-02-15 22:00:00,22,425.88902148497925,31.69573946616646,44.66431675243187,1.1783429995754773
2024-02-15 23:00:00,23,119.3590219676381,31.110018726718547,42.73084076151335,0.34177954178073466
2024-02-16 00:00:00,0,88.65462533900131,33.00437182221544,54.37216348668993,0.20225593755583543
2024-02-16 01:00:00,1,47.3337180500091,28.87868965629719,22.996179392919966,0.18224385666945034
2024-02-16 02:00:00,2,307.8409575075264,35.992282746498596,0.0,1.5392047875376322
2024-02-16 03:00:00,3,298.4101873111973,34.98391172775194,31.403717048454894,1.0234914822211234
2024-02-16 04:00:00,4,450.0984831443355,31.146913706760675,9.72412518060554,2.031651716036868
2024-02-16 05:00:00,5,761.8839373180635,31.58718424804401,15.529897818759848,3.2178207017751204
2024-02-16 06:00:00,6,691.8521891254799,31.827173932126275,23.975617118936352,2.629881786158877
2024-02-16 07:00:00,7,810.7479701456132,29.901514723939613,23.221447373017142,3.1124027846522244
2024-02-16 08:00:00,8,935.6308222395388,30.906152128254018,32.83118533791589,3.142260664557047
2024-02-16 09:00:00,9,963.5340835490949,31.425629279935297,44.06312632839235,2.6948542154886987
2024-02-16 10:00:00,10,977.9593387005544,37.07504549508051,22.64528833448067,3.782488133289167
2024-02-16 11:00:00,11,1020.6417415711082,35.07629530795043,37.913950132160096,3.1683807032191393
2024-02-16 12:00:00,12,1192.273246819062,35.040404504969,30.296320198610108,4.15529163160197
2024-02-16 13:00:00,13,986.8353576111234,33.346217221972296,48.709887917568906,2.5307448049390247
2024-02-16 14:00:00,14,982.0137500262658,28.884459356165422,26.228162977873666,3.622247916021239
2024-02-16 15:00:00,15,1007.9318841918957,32.111967069226985,28.421466484508887,3.607314307698086
2024-02-16 16:00:00,16,954.4674784210774,35.147905761799265,22.511991040021865,3.697989225995009
2024-02-16 17:00:00,17,888.3157647360657,28.46164649485726,26.75502920083009,3.2532331124267717
2024-02-16 18:00:00,18,758.2051989488824,34.146100003578916,14.330237433082516,3.2477629685476597
2024-02-16 19:00:00,19,517.321035990282,39.204268058747424,12.348054277129734,2.267209768395961
2024-02-16 20:00:00,20,630.6745225840875,35.42189032092832,45.5153077056545,1.718105365043863
2024-02-16 21:00:00,21,290.9758009235949,36.478527789645085,8.335966336307973,1.3336007805590075
2024-02-16 22:00:00,22,283.0298823216437,32.8914566342856,23.61763820604193,1.0809245434996584
2024-02-16 23:00:00,23,70.18412421850337,35.14023622925409,50.30685572541992,0.1743834905287569
2024-02-17 00:00:00,0,0.0,30.20061058657775,22.945984099927855,0.0
2024-02-17 01:00:00,1,156.82718504433,34.741761666663535,46.5748090737115,0.4189261151712854
2024-02-17 02:00:00,2,284.52762233854264,34.31733463182214,18.179085585463167,1.1640155117966777
2024-02-17 03:00:00,3,416.4370927039126,33.22390375175284,8.976727872996122,1.8952733406483289
2024-02-17 04:00:00,4,629.0969015246917,36.30219248879535,0.0,3.1454845076234585
2024-02-17 05:00:00,5,645.044173129839,30.73781571609769,56.25448138545323,1.4108895941428148
2024-02-17 06:00:00,6,687.5742503632956,31.792997680218868,7.262576367311691,3.188193226743452
2024-02-17 07:00:00,7,870.4803137543039,32.64055635371474,44.943731802501866,2.396269880734964
2024-02-17 08:00:00,8,961.1830428984097,29.265337316371653,10.001059464132354,4.325272776094914
2024-02-17 09:00:00,9,825.6709073003271,33.0349660610406,56.34767835879643,1.802122600762913
2024-02-17 10:00:00,10,1013.717831877057,27.197378990778315,74.13565449230201,1.3109574125491354
2024-02-17 11:00:00,11,1047.5386807586822,35.495033832924484,0.0,5.237693403793411
2024-02-17 12:00:00,12,976.1949197312007,32.49408232933775,8.304871316823721,4.475615939230769
2024-02-17 13:00:00,13,1101.5014064387399,30.791491517928566,45.4626372760645,3.0036490871937325
2024-02-17 14:00:00,14,953.9213793264663,29.85104939275449,40.2608584673163,2.8493222145318313
2024-02-17 15:00:00,15,933.9256487890102,31.650433140782294,45.53843709520383,2.543152523496263
2024-02-17 16:00:00,16,852.1796578417292,34.4189493619571,18.524888991912476,3.4715716110744466
2024-02-17 17:00:00,17,794.5996640977527,33.99738716585254,69.75068322046735,1.2018048476101582
2024-02-17 18:00:00,18,619.4047742349316,30.237556387804474,32.36098933379549,2.094796306558727
2024-02-17 19:00:00,19,493.55735840117717,29.816051211756953,5.660748463129607,2.328091589104097
2024-02-17 20:00:00,20,627.5604050579976,34.324866348598796,24.937029999141103,2.3553273929297665
2024-02-17 21:00:00,21,314.9265244996237,30.187128015794766,5.928662075423347,1.4812779753808285
2024-02-17 22:00:00,22,179.50765714601647,32.53389955187836,61.818827171082106,0.3426906440803097
2024-02-17 23:00:00,23,0.0,32.72543415721269,16.79337474399767,0.0
2024-02-18 00:00:00,0,0.0,33.40590727214577,39.84966969489244,0.0
2024-02-18 01:00:00,1,24.679008747451704,35.04453216751117,20.586537100356395,0.09799227727828679
2024-02-18 02:00:00,2,390.18025791343035,28.680832066363585,17.692253804749736,1.6057428819367958
2024-02-18 03:00:00,3,463.46879951250054,26.73624290118409,0.0,2.3173439975625025
2024-02-18 04:00:00,4,444.947972385782,30.7673790332805,41.963492059811344,1.2911613266169142
2024-02-18 05:00:00,5,788.9562934362652,37.874306100462114,55.983625052583676,1.7363498014507235
2024-02-18 06:00:00,6,785.6480201458751,38.53624317722769,11.680648372696968,3.4693961873279
2024-02-18 07:00:00,7,767.3668296105456,37.963252283663216,0.0,3.836834148052728
2024-02-18 08:00:00,8,666.0729465945526,31.890776773683484,46.06632085475658,1.7961882294478728
2024-02-18 09:00:00,9,1107.1549383185459,27.123375631011065,0.0,5.53577469159273
2024-02-18 10:00:00,10,854.7600289479807,25.44060357201003,54.39065871896517,1.9492520936837832
2024-02-18 11:00:00,11,859.8129616172589,30.62760639231732,11.912097540907592,3.786956014800223
2024-02-18 12:00:00,12,1081.8056345607713,31.87549998651747,7.934145143507472,4.979868026720388
2024-02-18 13:00:00,13,1186.625053880952,36.37159708013343,34.96924842262583,3.8583559547210213
2024-02-18 14:00:00,14,1076.66765176991,35.07313725559289,9.23721429977125,4.886067767398043
2024-02-18 15:00:00,15,968.9922621154756,33.151936113940415,15.857778374135814,4.076658083633392
2024-02-18 16:00:00,16,913.6057511176616,29.800186564142127,37.07963865342013,2.8742201994318393
2024-02-18 17:00:00,17,861.6265849936599,29.587382202230884,0.0,4.308132924968299
2024-02-18 18:00:00,18,767.8210683694889,33.23210393817986,62.848384918566445,1.4262896391739164
2024-02-18 19:00:00,19,631.2567429262708,34.56087381348473,30.87280264931476,2.181850472360755
2024-02-18 20:00:00,20,508.33608831615,33.64536466370231,4.14067975192944,2.4364375941774647
2024-02-18 21:00:00,21,377.6759821331281,29.36592699814559,9.655092614263168,1.706055081381733
2024-02-18 22:00:00,22,198.50187799318695,34.42172376334181,49.83292756521604,0.4979129045862428
2024-02-18 23:00:00,23,108.07218607071007,33.74745377826979,42.02105870148207,0.3132955466098103
2024-02-19 00:00:00,0,0.0,29.371058866215094,57.73561314570422,0.0
2024-02-19 01:00:00,1,122.65902207647157,30.23009517388486,16.345143103915305,0.5130511469410461
2024-02-19 02:00:00,2,179.73175653044743,34.648546008470326,35.931676743016055,0.5757556138469121
2024-02-19 03:00:00,3,294.39628698782815,31.879535479347954,38.53135823567355,0.9048069950801324
2024-02-19 04:00:00,4,514.3915320922781,37.350499989694995,43.90535000504474,1.4427306476542567
2024-02-19 05:00:00,5,720.1216119162885,34.08644591297936,52.54562246864139,1.7086461420183032
2024-02-19 06:00:00,6,780.5721096667326,31.12316452021782,15.654721883113057,3.2918785840062865
2024-02-19 07:00:00,7,667.7132920013812,32.55244128361283,27.716594644790383,2.413229527339864
2024-02-19 08:00:00,8,786.8551528588115,32.77320826269878,17.7970050883971,3.23409250633107
2024-02-19 09:00:00,9,999.1412275503438,30.397887145060498,28.94776253287249,3.549560988155216
2024-02-19 10:00:00,10,887.3268348060036,29.845293490252747,43.9686556412595,2.4859057719883215
2024-02-19 11:00:00,11,973.4742093740483,34.68722776621412,0.0,4.867371046870241
2024-02-19 12:00:00,12,1044.0041679219642,35.118877975911914,52.187431389185704,2.4958260454372496
2024-02-19 13:00:00,13,913.9773049847195,34.3944024934445,7.216357514725008,4.240107175267868
2024-02-19 14:00:00,14,974.3558667807453,37.129012367757035,23.852593606055372,3.7097336080038787
2024-02-19 15:00:00,15,817.1574929178305,30.95773837675082,54.87883849932249,1.8435547604717084
2024-02-19 16:00:00,16,817.9159922683416,37.605870382999015,36.5601943596681,2.5944215789811396
2024-02-19 17:00:00,17,818.9358950226383,29.880294729123168,36.7905989652732,2.588222370510944
2024-02-19 18:00:00,18,579.6672825040141,29.54500139468015,6.387479094097785,2.7132057800937273
2024-02-19 19:00:00,19,643.9994080455526,27.303181438337877,9.118281283523185,2.926388652778675
2024-02-19 20:00:00,20,498.4289760858654,31.245672143305175,48.82512793337838,1.2753519542745682
2024-02-19 21:00:00,21,426.8826287184617,31.071891074297266,18.217129090312206,1.7455843459035068
2024-02-19 22:00:00,22,276.73217582769394,34.16086992554958,20.101762534003015,1.105520654938156
2024-02-19 23:00:00,23,239.65742661795952,33.31473090964698,49.279025021094235,0.6077829169499234
2024-02-20 00:00:00,0,10.017960211832582,29.115228155781967,9.001729092609452,0.04558085286479004
2024-02-20 01:00:00,1,96.17374893003134,31.515969553561924,35.38470265772516,0.3107147691817631
2024-02-20 02:00:00,2,268.6028453451035,31.579762205576323,30.858146523353827,0.9285849288130698
2024-02-20 03:00:00,3,426.14727468800083,27.3662015279537,29.946285482735156,1.4926599761651824
2024-02-20 04:00:00,4,503.9088056260562,29.75130808779927,19.631287362449925,2.0249250997445793
2024-02-20 05:00:00,5,612.0087643050311,30.38170737699711,18.402896370733433,2.49690712815085
2024-02-20 06:00:00,6,650.9474461620072,36.99502332830222,8.432716724102693,2.980274460021921
2024-02-20 07:00:00,7,740.3212668871595,33.26850041671143,39.653300520826136,2.233797250544034
2024-02-20 08:00:00,8,753.816982040463,34.68065453068188,16.637016169665277,3.142021644243542
2024-02-20 09:00:00,9,1063.8456719662418,28.198241777391743,49.37489242334503,2.692865079412489
2024-02-20 10:00:00,10,866.4167674577656,36.27679171788135,25.508899168186943,3.2270169393534966
2024-02-20 11:00:00,11,936.0124455501376,36.59745445791165,8.830990211579245,4.266766390522207
2024-02-20 12:00:00,12,942.5274187544642,26.6991133674055,25.243722357031587,3.5229920701259543
2024-02-20 13:00:00,13,1063.0388115293656,30.578198097091832,21.78285601727051,4.157392989031101
2024-02-20 14:00:00,14,942.3298520257063,34.18144498788591,50.18206823456105,2.347246213437641
2024-02-20 15:00:00,15,1023.6988983251855,34.62731362945392,22.619996214969355,3.960691231356728
2024-02-20 16:00:00,16,812.1461538449292,30.65866407737771,24.475792375993485,3.0668347372011384
2024-02-20 17:00:00,17,815.6728732691395,31.777649879678417,58.23093410984871,1.7034946994193856
2024-02-20 18:00:00,18,640.2790169257671,30.902005085703948,40.165346429266975,1.9155436583181393
2024-02-20 19:00:00,19,780.3733592305917,33.02540240967774,63.25412032006993,1.4337752781855087
2024-02-20 20:00:00,20,404.99212647763886,36.28568386322512,55.1809000812781,0.9075691291448478
2024-02-20 21:00:00,21,407.4690891832521,30.381021797415762,12.256748232742908,1.7876331439790512
2024-02-20 22:00:00,22,309.5211955770889,35.69660976214462,49.79901708800216,0.776913412503329
2024-02-20 23:00:00,23,163.63012001617187,30.349132051798716,60.50606584149183,0.32311985931337406
2024-02-21 00:00:00,0,0.0,30.260076873217102,60.65626264646839,0.0
2024-02-21 01:00:00,1,120.14053624137748,35.25874236573739,49.76191967153375,0.3017814955199667
2024-02-21 02:00:00,2,262.3239628608496,35.568767644730606,49.350459898183516,0.6643294038294009
2024-02-21 03:00:00,3,370.9232722348107,35.35718832099572,23.946779126489005,1.4104954775199752
2024-02-21 04:00:00,4,577.1103293435926,28.85556628605333,13.252358313008507,2.5031480031879814
2024-02-21 05:00:00,5,785.6032691360288,31.4051055764916,22.955653622050864,3.02631451914827
2024-02-21 06:00:00,6,662.5074383859209,35.27192428671772,0.0,3.3125371919296045
2024-02-21 07:00:00,7,683.7691019249091,32.92758403239944,56.85590630843411,1.4750299098423072
2024-02-21 08:00:00,8,858.9628399163381,29.58187997211536,24.33414081164576,3.249708064656925
2024-02-21 09:00:00,9,1130.256279523632,34.177912328084076,55.8266145812992,2.4963623128652115
2024-02-21 10:00:00,10,901.6318608514899,30.658536733733342,5.3700084555680085,4.2660707684283485
2024-02-21 11:00:00,11,1122.5742058093356,38.18653305588439,51.65249842004421,2.7136829094492234
2024-02-21 12:00:00,12,1134.2160651261152,37.43748289796253,20.102386836413608,4.531057820768572
2024-02-21 13:00:00,13,947.1578020371707,34.61525078977446,4.3126118338165185,4.5315528129079965
2024-02-21 14:00:00,14,1011.4444726238905,36.885978625017074,62.54236104319516,1.8943160940200783
2024-02-21 15:00:00,15,1054.15126236157,32.9973325610779,52.14623338681548,2.5222554242022204
2024-02-21 16:00:00,16,835.6951845054398,35.0992709938328,34.235848403715686,2.7479392401050267
2024-02-21 17:00:00,17,777.0669114830464,37.23611939661398,30.67875770269926,2.6933621826065703
2024-02-21 18:00:00,18,660.5723080706562,33.53945455609069,38.790200376382366,2.021674930695774
2024-02-21 19:00:00,19,527.5808905532914,32.0373969961649,33.89257155834822,1.7438507984717317
2024-02-21 20:00:00,20,448.05779639471933,27.689092636176404,14.154480916570575,1.9231877055441107
2024-02-21 21:00:00,21,284.7682110241094,32.553557933543274,21.75895460430156,1.114028126299459
2024-02-21 22:00:00,22,261.5457225632591,35.27322806439469,69.21435664077406,0.4025926668481775
2024-02-21 23:00:00,23,68.92833373536065,35.639858793410646,83.44313485256028,0.05706185632470434
2024-02-22 00:00:00,0,18.702872943259816,34.422551764723,61.25337010461366,0.03623366479564616
2024-02-22 01:00:00,1,6.054540523761389,31.285559282681053,39.56447880325247,0.018295465608017418
2024-02-22 02:00:00,2,285.2894636796774,26.978991860725003,23.2450193459613,1.0948693632767357
2024-02-22 03:00:00,3,449.3657492938038,31.423811273553568,14.03628212206068,1.9314575248150678
2024-02-22 04:00:00,4,340.50114859428345,31.996421954405918,15.35435179139595,1.4410970219268666
2024-02-22 05:00:00,5,638.6859545965264,31.97066966599773,18.93464682626479,2.588765123823581
2024-02-22 06:00:00,6,805.3203005844109,34.765125638501544,73.0232808285154,1.0862449795980613
2024-02-22 07:00:00,7,696.5820587959389,38.866485800612296,66.12564592765197,1.1798133650049392
2024-02-22 08:00:00,8,999.8311947314547,33.28004417309105,44.925567798707874,2.753256767348721
2024-02-22 09:00:00,9,957.4010532605702,32.259261200098386,10.787736471743479,4.270595753285617
2024-02-22 10:00:00,10,909.5248778283957,32.1317911285555,47.86111853422073,2.371080489763605
2024-02-22 11:00:00,11,986.9833351611937,33.28261086829092,25.2276594297879,3.689952703689829
2024-02-22 12:00:00,12,1044.6661530017377,30.424575286522575,0.0,5.223330765008689
2024-02-22 13:00:00,13,997.5252926868031,33.270052243805935,35.74201274802519,3.204948377049552
2024-02-22 14:00:00,14,1009.026305684778,34.261893576563175,13.161739183318893,4.381104475197347
2024-02-22 15:00:00,15,850.2256450649375,33.538514758291235,13.838931418199255,3.662817505722293
2024-02-22 16:00:00,16,879.5742697073249,34.28208236958211,24.99184012863985,3.298762372047094
2024-02-22 17:00:00,17,680.2561805388369,34.21069939561338,20.033540541151744,2.7198839141344937
2024-02-22 18:00:00,18,698.2086962786516,27.593766520828442,29.31486361791984,2.4676488459805435
2024-02-22 19:00:00,19,536.4488176915376,34.82006704275398,28.353388999655895,1.9217369881370052
2024-02-22 20:00:00,20,441.15760459281853,30.89641203058041,0.0,2.205788022964093
2024-02-22 21:00:00,21,481.5708863819249,29.621939078555897,60.40555977765666,0.9533764836835011
2024-02-22 22:00:00,22,346.12385475006255,29.596101084002782,10.332465541026401,1.5518036336437004
2024-02-22 23:00:00,23,179.25724189262615,34.21008139898536,10.952032297390538,0.7981246543256713
2024-02-23 00:00:00,0,0.0,32.34588610007221,23.42893496419405,0.0
2024-02-23 01:00:00,1,105.21351624446741,27.96770452979053,27.833303052614117,0.3796455970791671
2024-02-23 02:00:00,2,355.8668611008555,34.44772432732361,59.17959633663678,0.7263314460275466
2024-02-23 03:00:00,3,394.02078545628217,28.69478648935028,35.38846904109802,1.2729143088979724
2024-02-23 04:00:00,4,685.5463631985355,33.4330749573014,41.32930968219068,2.011073918686085
2024-02-23 05:00:00,5,640.2268561602704,33.729107658765926,35.490723751665634,2.0650285562822757
2024-02-23 06:00:00,6,722.47071050575,35.6703421268319,34.62923164997546,2.361423272807451
2024-02-23 07:00:00,7,768.6240231550353,38.35866524114732,36.19459006174017,2.452118544290077
2024-02-23 08:00:00,8,876.708676167021,28.91958190404514,0.0,4.383543380835105
2024-02-23 09:00:00,9,911.681945600843,32.856189313557614,25.001630303209428,3.4187329801030666
2024-02-23 10:00:00,10,1022.5745204241556,32.18460499661411,53.24522221142315,2.390512223734597
2024-02-23 11:00:00,11,1067.981046717377,34.31485993962965,100.0,0.0
2024-02-23 12:00:00,12,937.1208431593641,33.66061719454762,5.913821349209801,4.408505953343553
2024-02-23 13:00:00,13,884.9462250891879,31.955972153536905,38.46159920648706,2.7229087740122377
2024-02-23 14:00:00,14,819.0293964408047,31.6909043159142,18.57906844251317,3.3343068215588256
2024-02-23 15:00:00,15,964.5188386642903,29.664258316194623,70.95303807793698,1.4008170989897044
2024-02-23 16:00:00,16,777.7560752905288,35.97719562896629,2.9243447841703727,3.77505903034601
2024-02-23 17:00:00,17,621.1220928550367,34.39122342654535,42.498789806317596,1.7857636008598694
2024-02-23 18:00:00,18,738.1930695490248,35.76691547513218,1.8557780099162002,3.6224692244680434
2024-02-23 19:00:00,19,808.201390403344,32.082422472320225,23.62866663878335,3.0861708904746297
2024-02-23 20:00:00,20,499.5143270768084,31.043104475663473,29.31373338500382,1.7654401450880841
2024-02-23 21:00:00,21,449.76269432122126,29.77866568185908,51.39383363479216,1.09306201725207
2024-02-23 22:00:00,22,265.36539378632625,34.090363632968746,8.45666347682944,1.2146216772492668
2024-02-23 23:00:00,23,122.61501996476058,29.89423120816206,43.26766097694771,0.3478118440979561
2024-02-24 00:00:00,0,73.52611863902149,38.66137979697326,30.37555446775894,0.2559607621189823
2024-02-24 01:00:00,1,107.30422868495947,29.192462846793287,35.45586772571959,0.34629291649158284
2024-02-24 02:00:00,2,280.210430228273,33.93637094771111,49.16665429370282,0.7122016835152035
2024-02-24 03:00:00,3,408.4192568607709,37.815954711714966,4.348866139894248,1.9532882504517253
2024-02-24 04:00:00,4,446.552763708556,34.91265986786504,46.21189946297184,1.2009612474721794
2024-02-24 05:00:00,5,688.1248169716424,33.64241172754895,18.621902938211505,2.7999144073071878
2024-02-24 06:00:00,6,693.1100006509149,30.209939649187923,51.91746909953652,1.666324151185894
2024-02-24 07:00:00,7,732.8937275318077,28.970083024370496,36.691152690757605,2.319932854510636
2024-02-24 08:00:00,8,908.9461912700708,35.425540916826364,25.809432369658893,3.371761693788158
2024-02-24 09:00:00,9,852.0020939680036,37.63383231239845,18.19948061818357,3.484710690048893
2024-02-24 10:00:00,10,968.1803188785987,31.798840618639094,46.465899887106616,2.591533105908997
2024-02-24 11:00:00,11,990.715341642274,29.698206067224557,55.21903370961855,2.218259515872321
2024-02-24 12:00:00,12,1086.8716452665262,25.740882298426556,19.34296918279631,4.383191989330354
2024-02-24 13:00:00,13,1029.4207200042065,30.173096059085996,7.33986868437206,4.769312954730902
2024-02-24 14:00:00,14,963.923669589457,32.77442006257649,43.88422085890451,2.704566387577813
2024-02-24 15:00:00,15,989.3008364473097,37.91276031258381,1.0293811593259932,4.895585800139333
2024-02-24 16:00:00,16,977.2420077058238,35.134791666772514,3.8897512483405663,4.696148622558891
2024-02-24 17:00:00,17,837.9781647993843,34.03064680419387,8.745994489442019,3.823443203416514
2024-02-24 18:00:00,18,707.9349907740182,31.915031606170217,21.69099033922501,2.7718844015861617
2024-02-24 19:00:00,19,503.8145304207079,31.36589343830574,3.273362215691101,2.4366142797237744
2024-02-24 20:00:00,20,414.7909069539701,37.3323333825975,0.0,2.0739545347698503
2024-02-24 21:00:00,21,358.2654560167165,33.71760621234878,7.291116113257537,1.6607195281242304
2024-02-24 22:00:00,22,210.0580689297784,26.807588514310545,42.84948893145237,0.600246299670452
2024-02-24 23:00:00,23,115.56848798121632,31.09477164638188,4.569118557464655,0.5514401337514263
2024-02-25 00:00:00,0,4.531993991768573,30.64011743770926,23.1946064409166,0.017404079107259333
2024-02-25 01:00:00,1,172.90161256859002,31.575973505491746,68.93396924731124,0.2685683406622647
2024-02-25 02:00:00,2,253.17914285779352,34.9034975138794,29.01651739945819,0.8985768640933137
2024-02-25 03:00:00,3,421.60356387118594,32.892430887641396,36.850619794591864,1.3312001875428296
2024-02-25 04:00:00,4,505.1579531848095,32.98416931201316,11.079199634968937,2.2459524753977074
2024-02-25 05:00:00,5,450.72410370041086,37.15518501699985,73.26949707400284,0.602404098639064
2024-02-25 06:00:00,6,631.9599496810472,31.125382263664076,19.174110217231426,2.5539362620022144
2024-02-25 07:00:00,7,781.826335833506,38.807364110686194,25.437906310969666,2.9147304250484583
2024-02-25 08:00:00,8,769.2498243571499,31.200842758910884,56.34117355934729,1.6792272285555696
2024-02-25 09:00:00,9,971.873830910983,33.482360122861856,26.36531510292762,3.5781811649420416
2024-02-25 10:00:00,10,1088.3858928765642,32.37115474681584,30.9577756535043,3.7572291495772387
2024-02-25 11:00:00,11,1088.9458095095956,33.58502293352703,24.366233584217408,4.118053649794702
2024-02-25 12:00:00,12,982.9245703255833,34.54854151824353,24.503352438855455,3.7103754932529998
2024-02-25 13:00:00,13,1110.7029523218064,34.516271253290775,37.41004021656183,3.4759426558583955
2024-02-25 14:00:00,14,977.8192228652374,30.9554135411624,41.05886378396211,2.8816888004780137
2024-02-25 15:00:00,15,896.9126548218437,29.84602150068143,17.135031375748657,3.7161319500253027
2024-02-25 16:00:00,16,816.9531907011635,40.724280905741274,14.678390877061407,3.485188040437109
2024-02-25 17:00:00,17,769.1557653721851,31.76281251422248,17.817278222848735,3.1605657134437064
2024-02-25 18:00:00,18,676.0526357032494,35.312402849040105,1.974919716004635,3.313505694550885
2024-02-25 19:00:00,19,622.3947267987597,28.39184160145455,0.0,3.1119736339937987
2024-02-25 20:00:00,20,512.8459184839891,32.37592737331011,35.94334294449815,1.6425597561321372
2024-02-25 21:00:00,21,382.9271139773631,32.83316738107681,48.77191606350224,0.98083111681966
2024-02-25 22:00:00,22,293.774098682229,34.63321074280764,47.42090586290435,0.7723187994826674
2024-02-25 23:00:00,23,225.77789420295932,25.047403110048325,0.0,1.1288894710147965
2024-02-26 00:00:00,0,75.9643308353059,33.810128102893074,25.098698259134785,0.284491363271908
2024-02-26 01:00:00,1,11.734354744059289,29.862481897554403,7.958160888148818,0.05400257957170463
2024-02-26 02:00:00,2,54.505354310364424,34.284743397242856,32.87474875641714,0.18293428011018573
2024-02-26 03:00:00,3,457.4290252642317,30.202718673143593,21.643529623812377,1.7921261933662578
2024-02-26 04:00:00,4,390.6497041267662,30.745258175881336,41.83823812489177,1.136043753400123
2024-02-26 05:00:00,5,590.7801968573059,32.49082343247828,29.616938191973173,2.0790459555183007
2024-02-26 06:00:00,6,613.4977391017987,30.154717854848496,0.0,3.0674886955089935
2024-02-26 07:00:00,7,649.1949052848338,31.885102923452017,10.65828254400919,2.900009390091317
2024-02-26 08:00:00,8,909.3424220408215,29.731578958028134,30.115702296533073,3.177437826814622
2024-02-26 09:00:00,9,984.6119453354984,27.8121949085619,31.802208584621727,3.3574180036540078
2024-02-26 10:00:00,10,919.8049942309308,36.36557742094616,1.8864638459199625,4.51226602780899
2024-02-26 11:00:00,11,784.1614780022175,29.423560185186297,0.0,3.9208073900110874
2024-02-26 12:00:00,12,956.3004441398014,32.77566360083413,31.124906751463577,3.2932641131872806
2024-02-26 13:00:00,13,1022.789181806014,35.57037950813944,1.9266538789894518,5.01541787180432
2024-02-26 14:00:00,14,847.6129007871382,31.46687395610995,0.0,4.238064503935691
2024-02-26 15:00:00,15,938.5483260936193,30.83620856442147,21.097189747373164,3.7027050243342687
2024-02-26 16:00:00,16,864.8006158505991,33.99042052966035,20.231078173226983,3.44921063607658
2024-02-26 17:00:00,17,839.6966602593224,36.66550773183954,12.431990453213977,3.676528258099634
2024-02-26 18:00:00,18,716.67321065968,29.803760468398675,15.925260865500743,3.0127056615448313
2024-02-26 19:00:00,19,530.9159137381963,32.861262767605766,30.276714464447892,1.850860092446841
2024-02-26 20:00:00,20,595.7257201331593,28.114222478756098,15.596741926403615,2.514059584873905
2024-02-26 21:00:00,21,370.0010665229323,32.132103252611515,31.413940433296787,1.2688457594142775
2024-02-26 22:00:00,22,256.6346819417265,33.414320317272306,22.39062927765331,0.9958628085513492
2024-02-26 23:00:00,23,55.86475549419632,30.747832338392882,33.353003107733116,0.18616090929044757
2024-02-27 00:00:00,0,0.0,32.03520855486909,47.564111308732905,0.0
2024-02-27 01:00:00,1,59.7419750978995,29.181503751422433,46.7849569078119,0.15895858896235748
2024-02-27 02:00:00,2,244.98336030864698,33.63741989048926,55.76420942132167,0.5418516310937103
2024-02-27 03:00:00,3,519.6201107764773,36.57326680299423,46.76293793794321,1.3831524043050076
2024-02-27 04:00:00,4,390.24790856549134,30.114752447033393,34.77115063083609,1.2727711022224844
2024-02-27 05:00:00,5,479.6765171785813,31.538168756687636,21.331367247197107,1.8867747885032682
2024-02-27 06:00:00,6,824.8004073860362,34.91382279570733,22.24478154367552,3.206626792958333
2024-02-27 07:00:00,7,776.607446119086,37.04245621431299,12.444453871283795,3.3998144536292063
2024-02-27 08:00:00,8,812.4995846916452,28.92661461971799,30.090585821031162,2.8400684993224194
2024-02-27 09:00:00,9,1007.0719075029726,32.899829844096935,43.9477495742387,2.8224323378052865
2024-02-27 10:00:00,10,917.4765831101192,34.25557652330336,15.486647942339589,3.8769510736522417
2024-02-27 11:00:00,11,1137.525638457565,33.10001488445824,29.25564282672452,4.02367600304001
2024-02-27 12:00:00,12,1054.2340697071415,25.975807855713523,16.452755425564614,4.403917583026246
2024-02-27 13:00:00,13,952.411948722154,34.9094540842711,34.18708660375229,3.134050254940132
2024-02-27 14:00:00,14,1138.5104833503087,37.964193109616716,19.012332321000997,4.610265433731567
2024-02-27 15:00:00,15,875.4223386710197,33.75616930985329,15.209788574118948,3.7113622591427506
2024-02-27 16:00:00,16,925.3930335451832,30.312865896461993,16.400666101359494,3.86811205994098
2024-02-27 17:00:00,17,817.2967467237547,31.866802317251935,40.06657547691133,2.449169644136704
2024-02-27 18:00:00,18,811.2460843384515,38.715923259311566,28.065011893392903,2.9178488714209045
2024-02-27 19:00:00,19,733.682324746869,36.13607167892646,21.431565399999286,2.882213587452543
2024-02-27 20:00:00,20,502.5603319252612,35.326263911497776,35.22809005094421,1.6275896281715305
2024-02-27 21:00:00,21,322.41000273739525,34.475421806947914,21.709675650646993,1.2620791843893233
2024-02-27 22:00:00,22,295.6168165376504,31.422772719771867,52.53035787371407,0.7016412243777095
2024-02-27 23:00:00,23,76.3089626398835,32.80447051437748,10.522676926134867,0.34139608517801806
2024-02-28 00:00:00,0,161.07097980212984,33.264402708239736,26.260569743654365,0.5938641140720204
2024-02-28 01:00:00,1,141.44901870667056,35.14689386346861,1.904695566659985,0.6937742275914028
2024-02-28 02:00:00,2,229.59332099755213,38.02492759807599,23.062512162198125,0.8832166670944854
2024-02-28 03:00:00,3,397.4578568342825,36.853185325654664,0.0,1.9872892841714123
2024-02-28 04:00:00,4,392.22989683762415,29.24001784788716,44.92633045118252,1.080076986280104
2024-02-28 05:00:00,5,531.0323059278685,34.170155821978426,45.33007534011158,1.4515748078521697
2024-02-28 06:00:00,6,803.1398938221016,35.70846095077897,45.68340347448952,2.181191278313821
2024-02-28 07:00:00,7,740.8017979735237,35.354751905709186,30.577449603489356,2.5714175076821317
2024-02-28 08:00:00,8,782.2725251698834,31.610469625113023,12.402591905798161,3.4262522814094027
2024-02-28 09:00:00,9,966.8117527134694,42.24049856258037,13.99318735928101,4.157619863723625
2024-02-28 10:00:00,10,1060.782158662108,29.666917228281925,60.60344110441042,2.089558339456119
2024-02-28 11:00:00,11,1048.9611262270155,30.248605575277132,58.71354207599593,2.1653944700943804
2024-02-28 12:00:00,12,1079.6838148644654,34.19895615906001,32.45110313901543,3.6465725326377068
2024-02-28 13:00:00,13,930.9012542882533,39.84858008016684,19.687319318393456,3.738158759087975
2024-02-28 14:00:00,14,852.180972949721,30.98958636316277,57.372468453970214,1.8163185653670293
2024-02-28 15:00:00,15,1043.9862246677258,32.70068581833431,16.1099367723038,4.3790035198109685
2024-02-28 16:00:00,16,840.2110166770678,36.73005193432236,34.57698416191815,2.748456932569734
2024-02-28 17:00:00,17,773.2866989748316,33.44458445061208,57.03914610796917,1.6610528445654287
2024-02-28 18:00:00,18,813.3623125344723,32.494359351684395,13.273230006707447,3.5270143100194855
2024-02-28 19:00:00,19,653.2598297607735,35.19506962093544,46.58447171274224,1.7447109457757892
2024-02-28 20:00:00,20,536.4710217665285,34.31572488596406,40.411215916877396,1.5983827941448918
2024-02-28 21:00:00,21,555.8836199571766,36.58948727218566,29.20966915536878,1.967559268393989
2024-02-28 22:00:00,22,207.3375866721096,37.37257758247137,10.131328017337687,0.9316576783156317
2024-02-28 23:00:00,23,204.75340246655097,34.41918009529137,15.511204797934484,0.864968414396126
2024-02-29 00:00:00,0,4.56104999176676,34.46283775889296,35.78902145701317,0.014643474157741284
2024-02-29 01:00:00,1,152.01357452911213,34.22997252961643,1.533264102372268,0.7484140248006217
2024-02-29 02:00:00,2,381.09651921552336,35.055031252705895,32.614877180365,1.2840117876736716
2024-02-29 03:00:00,3,423.3102928682597,33.753151496372425,40.82101968123327,1.2525535745191063
2024-02-29 04:00:00,4,543.0636863239705,33.58581413579116,49.704403456182014,1.3656856032474474
2024-02-29 05:00:00,5,694.5620159935048,37.177520945239756,2.032858510795549,3.4022127646931386
2024-02-29 06:00:00,6,677.9105628231167,38.13598812382316,56.32494594322547,1.4803890238479034
2024-02-29 07:00:00,7,726.2165669041149,29.064980748857767,63.90726988359871,1.310556927766485
2024-02-29 08:00:00,8,782.4406682627558,33.61770303797974,38.20303135427188,2.417623072188804
2024-02-29 09:00:00,9,766.5710053612064,31.521556282422324,9.239028371506791,3.4787364634406988
2024-02-29 10:00:00,10,1130.4223966842942,32.65472518329981,23.43781423279518,4.3273804765175905
2024-02-29 11:00:00,11,903.1881921160756,34.795188211963996,29.04805509762986,3.2041479421745547
2024-02-29 12:00:00,12,982.2997101131382,35.59595469738544,35.40927017461114,3.1723727591737756
2024-02-29 13:00:00,13,969.2997973826966,33.251260251923995,30.43963105287205,3.3712425763158373
2024-02-29 14:00:00,14,990.5183621137966,27.84761857858962,35.62330285789234,3.1883150305748202
2024-02-29 15:00:00,15,989.1385095144306,30.69250284102949,28.185064853217543,3.551745895598194
2024-02-29 16:00:00,16,934.8632828532184,36.27713859335853,35.30214189024486,3.0241826013028708
2024-02-29 17:00:00,17,746.7071452057203,25.366360316653235,20.789531576773722,2.957351137335757
2024-02-29 18:00:00,18,693.7370440836347,37.14992103780403,23.236265660350632,2.6626923076804876
2024-02-29 19:00:00,19,631.3678250477847,35.15132955469166,18.479496590466646,2.5734711467238793
2024-02-29 20:00:00,20,480.1047099053161,37.536167827348095,68.34519069008144,0.7598811520423275
2024-02-29 21:00:00,21,511.27107844668933,32.99193202211515,59.278015723486455,1.0409986408771104
2024-02-29 22:00:00,22,298.09704123358114,27.403423310689313,41.105883800272316,0.8778080892602773
2024-02-29 23:00:00,23,189.3164151040374,34.878727507277524,56.50617994535477,0.41170470459627606
2024-03-01 00:00:00,0,53.03050149339302,37.49852291941099,45.96922677955765,0.14326394999779232
2024-03-01 01:00:00,1,224.40410081887757,36.44872896383623,33.625423190281104,0.7447363613109246
2024-03-01 02:00:00,2,273.3007697988174,31.686489096831863,0.0,1.366503848994087
2024-03-01 03:00:00,3,278.93687652862207,33.93484677368391,24.756721597497197,1.049406252868383
2024-03-01 04:00:00,4,531.9750361402112,32.076054740956195,23.29924215963296,2.0401444212055417
2024-03-01 05:00:00,5,556.6528775053742,31.21676415472785,7.3384965381568605,2.5790146268004595
2024-03-01 06:00:00,6,664.817446646567,36.54072926083552,0.27675450786767897,3.3148876719694087
2024-03-01 07:00:00,7,840.2624617916427,30.08196661350048,39.8543869313405,2.5269050451519712
2024-03-01 08:00:00,8,965.0880494991293,30.99311425555113,36.49008644741626,3.064632929716068
2024-03-01 09:00:00,9,925.5812586501715,30.36248664687881,6.652060398647759,4.320055171430989
2024-03-01 10:00:00,10,990.6324672969855,29.203820977398827,15.082429871276213,4.206105100674122
2024-03-01 11:00:00,11,1127.6220569446293,34.11380642282378,53.22444546308327,2.6372573510821864
2024-03-01 12:00:00,12,1019.2602543590855,37.159072692741894,12.446069729668789,4.4620120618737715
2024-03-01 13:00:00,13,1199.5795105082418,33.11993327856017,33.41597807867605,3.9936414212025917
2024-03-01 14:00:00,14,1011.1665979395921,29.157320145603467,26.20443400864038,3.7309805703254884
2024-03-01 15:00:00,15,783.0185117788214,36.19439716652205,40.12726942124125,2.3440728196957004
2024-03-01 16:00:00,16,926.2927334728013,38.73166880940088,12.877846946871394,4.035030864880913
2024-03-01 17:00:00,17,823.8460110818576,31.735836574856183,31.801669550802142,2.8092461251507017
2024-03-01 18:00:00,18,810.2870015131673,32.238900747142814,33.37445154691754,2.6992907940109214
2024-03-01 19:00:00,19,662.6159371103174,35.22154543754615,34.60361612458439,2.1666343092617284
2024-03-01 20:00:00,20,488.923521281298,38.540184790651125,31.581477159252263,1.672571255408165
2024-03-01 21:00:00,21,284.73957346194067,32.11506111012029,36.8921864118822,0.8984645961598163
2024-03-01 22:00:00,22,242.09718451963903,29.677214204301354,73.83540664101622,0.31671871931556084
2024-03-01 23:00:00,23,62.48455588330799,35.56881936611319,81.22595553542212,0.05865439152513131
2024-03-02 00:00:00,0,0.0,36.15612127086932,17.215677184265562,0.0
2024-03-02 01:00:00,1,177.61246457370032,33.777311402748104,0.0,0.8880623228685016
2024-03-02 02:00:00,2,392.4114054506333,32.08451727247007,41.90990601443947,1.1397607711816595
2024-03-02 03:00:00,3,414.2571547509283,36.742053244418564,33.725049198025324,1.3727436275241889
2024-03-02 04:00:00,4,404.3293550371851,35.343025065086316,51.220837183671605,0.9861423720389949
2024-03-02 05:00:00,5,644.3296424663318,31.453610500731944,35.697717994306345,2.071593318724892
2024-03-02 06:00:00,6,802.8373001181997,33.90620124535944,31.172078790514384,2.7628811218285803
2024-03-02 07:00:00,7,744.5707079456847,29.703794455368485,52.578131917544454,1.7654466945130396
2024-03-02 08:00:00,8,855.3040304506051,35.81658842075618,55.37561176827684,1.9083709555492685
2024-03-02 09:00:00,9,925.0545880896224,32.97221634329386,2.2687988243800348,4.520334802350858
2024-03-02 10:00:00,10,903.1339612424891,32.45178455428821,13.667876257208327,3.898473644915209
2024-03-02 11:00:00,11,1043.307296081319,33.660293595985124,27.888140814226436,3.761741441125312
2024-03-02 12:00:00,12,990.3241481113774,33.879840149433164,31.968752478491673,3.3686493623345997
2024-03-02 13:00:00,13,1025.0074568863724,36.443707236139105,25.480335932955025,3.8191605676694285
2024-03-02 14:00:00,14,894.9264520649004,35.53218864541809,38.68414355723772,2.7436590930821008
2024-03-02 15:00:00,15,888.882868485414,33.289689215064016,49.922095786342005,2.2256695572587057
2024-03-02 16:00:00,16,923.8159124106604,36.04992150059941,64.45419421441457,1.6418890502091366
2024-03-02 17:00:00,17,763.526688123894,34.961128812517266,41.578260475457995,2.230327864680518
2024-03-02 18:00:00,18,845.2638892852201,32.47911814258431,12.953326430937803,3.678870492516324
2024-03-02 19:00:00,19,576.7905341595525,33.38476257673297,27.052475496043634,2.1037720812127017
2024-03-02 20:00:00,20,517.9747780601508,33.314248384913064,28.492955174808863,1.8519422836532815
2024-03-02 21:00:00,21,457.29069891493714,35.27470108096503,40.292804799623184,1.3651772511715445
2024-03-02 22:00:00,22,145.34978646787852,32.6578492072775,37.76336066867884,0.452304111864295
2024-03-02 23:00:00,23,0.0,32.587689492177525,71.00793302223019,0.0
2024-03-03 00:00:00,0,0.0,39.746947027735516,20.76973729490183,0.0
2024-03-03 01:00:00,1,231.53292049422612,36.65988154467495,37.695010675336064,0.721282806985051
2024-03-03 02:00:00,2,214.6703934311251,31.558873106158224,77.09422795488183,0.2458595548384592
2024-03-03 03:00:00,3,587.33937521855,35.55349808126024,18.295862061927973,2.3994028664658726
2024-03-03 04:00:00,4,454.8601921074088,34.19572529639917,32.9029739234071,1.525988308551743
2024-03-03 05:00:00,5,623.5255332644836,35.01532862521392,11.102389977519692,2.771496484760257
2024-03-03 06:00:00,6,830.4755773919776,34.25269907312895,31.64173799254863,2.838493355507513
2024-03-03 07:00:00,7,953.8407713439651,37.40960303588935,14.395657037247169,4.082645626099275
2024-03-03 08:00:00,8,1030.9456899153504,34.87753613338798,50.93601806982693,2.5291150350498284
2024-03-03 09:00:00,9,1020.548830958738,33.65440900479078,32.946377180627906,3.4215748189929176
2024-03-03 10:00:00,10,1047.8508283539854,36.96724683038269,11.29205480035413,4.647634692951443
2024-03-03 11:00:00,11,1038.847017309905,34.54053022269726,46.81135395583343,2.7627433148867357
2024-03-03 12:00:00,12,1062.268886093331,34.20511083742081,33.59332077743175,3.527087458345737
2024-03-03 13:00:00,13,947.3500040675276,34.78274290689198,49.0563755444691,2.41307214175809
2024-03-03 14:00:00,14,900.4699156152839,33.55984802933454,7.046747441045028,4.185080374396417
2024-03-03 15:00:00,15,923.6095759184107,33.86835607842004,37.37648824497323,2.8919837567290934
2024-03-03 16:00:00,16,852.4106339824444,32.08059133314802,45.46683389289417,2.3242325347214017
2024-03-03 17:00:00,17,757.0950963450533,31.587173440562005,21.53245019528527,2.9703698589680387
2024-03-03 18:00:00,18,762.8177769830849,30.84496393998632,4.819945460636976,3.630251880842284
2024-03-03 19:00:00,19,685.1858456943615,29.66472523904241,29.167850092592122,2.4266593268328527
2024-03-03 20:00:00,20,507.0725509033477,31.20152301527997,54.56230587561857,1.1520103733408074
2024-03-03 21:00:00,21,500.88583884951083,33.317873996032866,52.518606612681126,1.1891378778275417
2024-03-03 22:00:00,22,167.48391597184064,34.15002784677055,21.431431304888463,0.6579485778679925
2024-03-03 23:00:00,23,115.03343547767454,33.026785409990715,4.3382912724711495,0.5502147499296143
2024-03-04 00:00:00,0,0.0,26.85270299421341,21.37640559300855,0.0
2024-03-04 01:00:00,1,0.0,38.64357253788251,20.63044698536175,0.0
2024-03-04 02:00:00,2,252.2045902351049,37.17925383326663,38.92893566609555,0.7701201377777052
2024-03-04 03:00:00,3,372.9436316944271,35.25709301824687,27.89996994191757,1.344462352756931
2024-03-04 04:00:00,4,621.0759794593704,39.64228548225529,14.93471576525716,2.6416002362041326
2024-03-04 05:00:00,5,659.2263637731028,30.987721112144353,52.085261345213354,1.5793329467266763
2024-03-04 06:00:00,6,625.1718352402112,39.5826888264735,32.808517348896686,2.100311126075053
2024-03-04 07:00:00,7,941.6807455979704,31.02417123434384,38.70831305461881,2.885860073084197
2024-03-04 08:00:00,8,963.7080994264667,34.63602724046955,0.0,4.818540497132333
2024-03-04 09:00:00,9,970.4473487887758,30.09830148919287,0.0,4.852236743943879
2024-03-04 10:00:00,10,947.8070983810818,33.963895751228584,1.249084371111838,4.679840940234576
2024-03-04 11:00:00,11,914.6897224359318,35.07831295859065,20.389131487864486,3.6409621611124345
2024-03-04 12:00:00,12,970.2234579143158,33.45574247119182,41.52712035227617,2.8365879743011115
2024-03-04 13:00:00,13,1078.544750950145,36.0614457968659,0.0,5.392723754750726
2024-03-04 14:00:00,14,1116.6927307638373,34.216856813057255,61.85704128743974,2.129698236207061
2024-03-04 15:00:00,15,1047.339014773062,32.352569279462955,33.411320535402524,3.487046097274537
2024-03-04 16:00:00,16,826.9174500415368,32.219373511188465,57.20589985899821,1.7693594082709685
2024-03-04 17:00:00,17,703.7839456281145,36.352554782442574,12.280598350517426,3.086775330050509
2024-03-04 18:00:00,18,718.377680939444,31.95858737517458,40.077198683449815,2.152360152258919
2024-03-04 19:00:00,19,467.2862797636926,36.66602237605029,31.70391859941575,1.595691090005867
2024-03-04 20:00:00,20,525.8534171347824,37.587948843091276,46.35372626109108,1.4105038181076595
2024-03-04 21:00:00,21,370.8752254611964,28.913671877557096,25.324172648005657,1.384770715283614
2024-03-04 22:00:00,22,221.53612495306166,37.31859262649859,39.46430418015177,0.6705421736633216
2024-03-04 23:00:00,23,2.9499468387083567,40.10108155992958,52.043906375424,0.0070733963392309975
2024-03-05 00:00:00,0,41.08800852557732,34.75231998012822,16.976474122164493,0.1705635669545997
2024-03-05 01:00:00,1,87.91012504709866,35.7935612524069,34.844884649792995,0.2863897168947418
2024-03-05 02:00:00,2,165.22569824569777,37.10732466962991,0.0,0.8261284912284889
2024-03-05 03:00:00,3,152.90245530255785,33.16986175098537,44.05006038126716,0.4277441570867055
2024-03-05 04:00:00,4,497.798807595949,34.543149367136046,69.0932508692498,0.769267143197729
2024-03-05 05:00:00,5,750.5415567423001,30.053710107653107,5.1112790450260945,3.560896417141592
2024-03-05 06:00:00,6,840.0075183503772,34.41221378211379,28.172374791441136,3.016787260022126
2024-03-05 07:00:00,7,756.7856397643336,35.49064468345606,47.60962601828227,1.9824141345623478
2024-03-05 08:00:00,8,817.848438955496,35.544797765301844,30.62834946933101,2.836774804713692
2024-03-05 09:00:00,9,961.3814729972885,37.192582867315174,33.30199102986452,3.2061115054847606
2024-03-05 10:00:00,10,886.054991154005,31.671902162115845,22.180011169527226,3.4476394757394666
2024-03-05 11:00:00,11,1015.5882133593675,32.39848842650194,21.43695493824171,3.989385128517129
2024-03-05 12:00:00,12,1061.2864222707751,39.6828307344965,28.266116928292444,3.8065098060381324
2024-03-05 13:00:00,13,1089.5995192845548,33.5453235752313,30.833428442787117,3.768193155964996
2024-03-05 14:00:00,14,957.9135001706723,34.59641005845942,6.371174768453805,4.4844157847209285
2024-03-05 15:00:00,15,907.5856324971295,33.79527857134677,28.679560281079425,3.2364703196134963
2024-03-05 16:00:00,16,795.7867968439139,31.531266217607367,61.37067877418653,1.5370351901272359
2024-03-05 17:00:00,17,727.2029119680465,38.86689632919785,21.617324128221906,2.8500055070902284
2024-03-05 18:00:00,18,688.9884698344255,32.41320446076062,5.254900342507444,3.2639140618662976
2024-03-05 19:00:00,19,638.1506695540149,30.614452125401645,26.971678640271467,2.3301536086058263
2024-03-05 20:00:00,20,573.0867700986598,32.64408786461418,15.707743757514068,2.415338843716743
2024-03-05 21:00:00,21,318.4291163106623,27.991190691345835,3.233163493561211,1.5406689118461823
2024-03-05 22:00:00,22,378.2341306192828,32.04244630157289,32.78336923465242,1.2711811950344292
2024-03-05 23:00:00,23,108.83630413664649,31.091922902965454,15.79435925697844,0.45823153629643426
2024-03-06 00:00:00,0,0.0,35.92242402080833,17.5057166629345,0.0
2024-03-06 01:00:00,1,70.7492578882257,32.04989540934674,33.06854760770778,0.23676752930678918
2024-03-06 02:00:00,2,64.87982428068548,36.733549934762905,0.0,0.3243991214034274
2024-03-06 03:00:00,3,453.40706407397374,38.265590107234324,0.0,2.2670353203698688
2024-03-06 04:00:00,4,558.9475117673945,36.41366413688915,43.41744389003863,1.5813339473550947
2024-03-06 05:00:00,5,586.2552244392635,33.42397326144613,0.0,2.931276122196318
2024-03-06 06:00:00,6,712.4660385645373,34.493481618143136,10.466446093852905,3.189480823505854
2024-03-06 07:00:00,7,834.6284777075633,29.49518330759418,0.0,4.1731423885378165
2024-03-06 08:00:00,8,741.0217352335151,33.66880001046264,20.27727066302335,2.9538137615419147
2024-03-06 09:00:00,9,881.555318323583,31.48882272382586,38.56117495302331,2.7080861485857226
2024-03-06 10:00:00,10,1029.4670006588146,36.15311727147425,32.246758974647534,3.4874862911641684
2024-03-06 11:00:00,11,891.1017075202703,41.78839529575978,77.83746778914568,0.987453514803264
2024-03-06 12:00:00,12,1023.4846345733304,35.569603035947786,51.73831235578001,2.4697547871218353
2024-03-06 13:00:00,13,882.9183170039378,28.09671768116236,11.376842996867975,3.912350431439053
2024-03-06 14:00:00,14,1003.2402248837506,32.98644754928324,6.05889990347179,4.712274519333395
2024-03-06 15:00:00,15,921.0282139274881,34.43761090414972,84.13375881951002,0.7306627888104724
2024-03-06 16:00:00,16,736.814858511998,34.332210403807146,51.25144011466725,1.7959331627287554
2024-03-06 17:00:00,17,886.532488647809,31.8776987512001,41.787392145391436,2.5803684056012557
2024-03-06 18:00:00,18,648.3394550427038,34.80601335593716,31.49703624431236,2.2206587095086308
2024-03-06 19:00:00,19,543.9412340475702,30.342635617268197,35.470431349500345,1.755014660215509
2024-03-06 20:00:00,20,516.0455357784754,31.235411959971156,0.35853449035147733,2.570976672733952
2024-03-06 21:00:00,21,474.5744203193871,36.00753105283749,33.14078340393536,1.586483697954286
2024-03-06 22:00:00,22,177.5532995842493,31.02314843538688,31.42462794918029,0.6087891788920274
2024-03-06 23:00:00,23,135.46058020788973,35.68477294450313,11.9172231379704,0.5965872030026307
2024-03-07 00:00:00,0,34.305320026445834,30.032888557885162,19.229470928630427,0.13854294242493398
2024-03-07 01:00:00,1,185.97464080110308,39.435757533228546,60.303527868871114,0.3691268572828847
2024-03-07 02:00:00,2,272.9343695246988,31.818470114641173,27.496501594102753,0.9894348312874285
2024-03-07 03:00:00,3,353.321205238424,33.470280166443004,71.42342605066221,0.5048354774682488
2024-03-07 04:00:00,4,433.7927823481023,35.13311966512455,0.0,2.1689639117405117
2024-03-07 05:00:00,5,615.6529396524306,32.44523002435005,19.557396275485043,2.47623627281466
2024-03-07 06:00:00,6,621.335660227699,34.57149776506725,0.0,3.106678301138495
2024-03-07 07:00:00,7,559.6453016116668,35.867350055413716,5.811550922163313,2.635606149625052
2024-03-07 08:00:00,8,900.9501881170519,37.023119579363794,13.435885886814056,3.899497744723041
2024-03-07 09:00:00,9,996.1943197981822,36.51577218977221,36.306192535411824,3.172570460127089
2024-03-07 10:00:00,10,776.8912314457214,33.625848490445314,35.336523421607744,2.5118243974274357
2024-03-07 11:00:00,11,910.6664049970152,33.70138455972253,16.414193607447892,3.8059392908140985
2024-03-07 12:00:00,12,1049.5323408804159,41.18860555592843,0.0,5.247661704402079
2024-03-07 13:00:00,13,1156.0444989507462,36.99094708660121,59.55385746064306,2.337877029320068
2024-03-07 14:00:00,14,967.5893229031011,31.375808912892694,24.284705679272875,3.6630655182600687
2024-03-07 15:00:00,15,865.6392972129561,34.44124437314999,7.674196593977214,3.996042178750556
2024-03-07 16:00:00,16,851.3936884960515,33.13585046551876,35.49861562140175,2.7458035779598178
2024-03-07 17:00:00,17,903.3434538230902,33.735277180084005,34.08890341046348,2.977017881922961
2024-03-07 18:00:00,18,655.4296468565849,30.452794408729073,23.546470700000697,2.5054954855019056
2024-03-07 19:00:00,19,544.8260684767005,32.90551017869548,32.97062031283009,1.8259676703696393
2024-03-07 20:00:00,20,461.3805182254373,39.57594720143508,6.899403191839632,2.147740080122326
2024-03-07 21:00:00,21,306.4171437043929,35.87850878447985,45.19825686352967,0.8396096800949528
2024-03-07 22:00:00,22,268.63267038210466,26.667795657398955,10.062658104862592,1.2080054160179547
2024-03-07 23:00:00,23,260.5004688976169,37.791450359347174,17.88860689393136,1.0695028202983714
2024-03-08 00:00:00,0,25.846341849282325,37.47860144589383,42.97603632303151,0.07369304293979931
2024-03-08 01:00:00,1,110.33791204994856,33.1318569642471,54.07917930020467,0.2533403737817737
2024-03-08 02:00:00,2,235.47414358927728,36.361503508515995,61.71549136092678,0.4507505942261027
2024-03-08 03:00:00,3,257.62816766935725,31.631515244714745,51.11596476933144,0.6296952212380723
2024-03-08 04:00:00,4,570.6487821717726,32.79894572836727,23.51855632396436,2.182202134623438
2024-03-08 05:00:00,5,602.5344532476964,38.70535195917591,0.0,3.012672266238482
2024-03-08 06:00:00,6,692.6683880992975,33.39452275755722,58.10111171205787,1.4511017706780704
2024-03-08 07:00:00,7,1048.8019457188243,28.600517891301372,57.41391977809952,2.233218189863358
2024-03-08 08:00:00,8,889.9256364536934,34.01980320882234,16.560476932930086,3.7127485335427406
2024-03-08 09:00:00,9,863.7362485036718,33.973947698423274,48.423780756491205,2.2274125060695584
2024-03-08 10:00:00,10,931.817218592625,37.804818585286725,23.356444121385227,3.5708892530929632
2024-03-08 11:00:00,11,1083.3205181095507,34.252722143693624,60.02553767023457,2.16525776211161
2024-03-08 12:00:00,12,1009.0616328430211,32.94496594284547,19.70270675192436,4.051245891888906
2024-03-08 13:00:00,13,876.3826231084208,37.34488131285996,69.57302575097006,1.3332835752808616
2024-03-08 14:00:00,14,1039.4641410550848,34.572083574669676,45.72241095196492,2.820980373917833
2024-03-08 15:00:00,15,870.4280056681673,31.959644832469195,65.95089689371974,1.4818646455794662
2024-03-08 16:00:00,16,1015.8892258818423,37.6747055587912,20.724054607002415,4.026778939817176
2024-03-08 17:00:00,17,879.7571855484072,34.790698170716745,38.10059208888386,2.7228224445498177
2024-03-08 18:00:00,18,671.3210295338475,34.21849077720466,10.614416033112693,3.000321112706748
2024-03-08 19:00:00,19,711.2427379475298,34.74343805140131,46.87978504238393,1.889068356340809
2024-03-08 20:00:00,20,505.4284408421922,30.997707762916555,47.98083065674249,1.3145983827534304
2024-03-08 21:00:00,21,450.90532637486746,32.62675154863133,77.94047836402373,0.49733779014716634
2024-03-08 22:00:00,22,297.59767048607904,34.220460682664694,39.640795944392984,0.8981379259671272
2024-03-08 23:00:00,23,62.81765982078211,33.62572179209231,44.48188405012186,0.17437590608150913
2024-03-09 00:00:00,0,0.0,38.09270198424175,20.583392469924366,0.0
2024-03-09 01:00:00,1,212.92305762654445,34.92763439397297,40.82758745270477,0.6299585503354703
2024-03-09 02:00:00,2,232.03701853399755,36.840128603701174,22.402175826248325,0.900278388300135
2024-03-09 03:00:00,3,350.3915553057301,34.30360289951951,32.317215176839994,1.185773812080505
2024-03-09 04:00:00,4,423.59019365205165,37.44428228703033,33.4903132309159,1.4086425549126815
2024-03-09 05:00:00,5,642.6493542561975,35.46800010551143,22.953902533016592,2.475681239255847
2024-03-09 06:00:00,6,872.1087747259992,34.31567829195735,31.25890193083987,2.9974857405207502
2024-03-09 07:00:00,7,707.9507071508935,34.23556756891491,22.49409660573159,2.7435179558170586
2024-03-09 08:00:00,8,867.9629603182591,31.412100956919076,22.405377499323215,3.3674629125232616
2024-03-09 09:00:00,9,1036.857176944521,35.796163996200896,51.53329303004543,2.512652648233222
2024-03-09 10:00:00,10,959.5545149894111,34.15480263218283,33.50827283652823,3.19012185045767
2024-03-09 11:00:00,11,1027.6346050737889,32.76944095524835,36.94132544400554,3.240063806191297
2024-03-09 12:00:00,12,915.0085177482497,37.59480214822818,0.8539046202892848,4.535976088695785
2024-03-09 13:00:00,13,1025.709429150422,30.524768758107562,38.469166636607795,3.155637798215738
2024-03-09 14:00:00,14,950.9542850887046,33.007929149494665,40.60846927950476,2.823931531831619
2024-03-09 15:00:00,15,1002.7379321656758,37.35857308213056,22.033227546224946,3.9090120093965086
2024-03-09 16:00:00,16,961.0162879096188,35.221985658552725,71.70059352521383,1.359809528022222
2024-03-09 17:00:00,17,1000.5184316527244,34.131840052833695,0.0,5.002592158263623
2024-03-09 18:00:00,18,753.4774350436337,35.0284274652424,45.68734271541093,2.046168085059805
2024-03-09 19:00:00,19,634.825134335294,34.81365934893849,44.25609609909724,1.7693815641132158
2024-03-09 20:00:00,20,515.5507441261867,29.7254291969342,40.831658639988234,1.5252141208433148
2024-03-09 21:00:00,21,354.43012894023485,33.22763117974808,33.52425411277246,1.178050359310417
2024-03-09 22:00:00,22,285.8977525794563,39.12498179933321,41.013586452500746,0.8432041532976216
2024-03-09 23:00:00,23,106.89407940892964,32.29744443146046,47.363509591117875,0.28132645927872046
2024-03-10 00:00:00,0,13.476878101569143,33.38346924591625,15.48224832336012,0.05695177183823834
2024-03-10 01:00:00,1,235.93399506868835,32.71350999830169,35.983912443601795,0.7551785642923987
2024-03-10 02:00:00,2,178.2956398801495,34.07732661827484,26.33366315953392,0.6567193332298766
2024-03-10 03:00:00,3,473.87371725541345,32.58900379425636,8.124631995489828,2.1768661080253153
2024-03-10 04:00:00,4,605.3692053871891,35.79859679470343,44.34339949226579,1.6846396011959643
2024-03-10 05:00:00,5,599.3159468494343,34.93031252510005,18.712791506319334,2.4358360162568804
2024-03-10 06:00:00,6,537.35838926586,36.659015133550305,0.04282650441065883,2.6856412872579
2024-03-10 07:00:00,7,744.7275813236807,31.18554878966237,19.21778678596702,3.0080371130430335
2024-03-10 08:00:00,8,969.7849675093272,33.31735083958054,14.02202203813739,4.169007528213129
2024-03-10 09:00:00,9,922.050087527376,33.66120439339284,50.56958018380221,2.278866145902006
2024-03-10 10:00:00,10,885.9816477054756,35.70531301849503,33.063862811161556,2.9652094558803426
2024-03-10 11:00:00,11,951.0628676755529,31.95870869660815,57.6476549137988,2.0139871385233556
2024-03-10 12:00:00,12,1067.2496021203642,37.08533370100428,16.668875375339084,4.446755479995592
2024-03-10 13:00:00,13,1035.1835468299205,37.89761905978208,47.48339743792999,2.718216145383046
2024-03-10 14:00:00,14,946.8112583554929,31.3717552453225,86.79245829615826,0.6252524590198524
2024-03-10 15:00:00,15,894.5335795661118,32.865753603548555,37.120649342542805,2.8123845312203968
2024-03-10 16:00:00,16,834.6847518609329,32.742577763352976,47.23297724646305,2.2021914646738097
2024-03-10 17:00:00,17,719.5605255313551,42.23553090226174,43.87035328450813,2.0194339044244316
2024-03-10 18:00:00,18,836.336836344103,33.04867197260559,1.5584934514834679,4.116512907586681
2024-03-10 19:00:00,19,582.9757914718135,39.371248614697656,41.71634594934901,1.6988979675023816
2024-03-10 20:00:00,20,597.3726816660396,30.538476302909423,36.129126412991376,1.9077357517511981
2024-03-10 21:00:00,21,504.388716518886,31.369419389736162,24.805052332033817,1.896374157147513
2024-03-10 22:00:00,22,338.68391695435787,32.27855869268465,12.319272515902387,1.4848026112860897
2024-03-10 23:00:00,23,95.99656720260813,31.801304353889684,43.879664806540745,0.2693679764415902
2024-03-11 00:00:00,0,32.29840722692876,33.59486437694346,10.551925207787573,0.1444515172651829
2024-03-11 01:00:00,1,128.59054370877828,32.27222597125446,72.67291209363793,0.17570025459283392
2024-03-11 02:00:00,2,186.52289624411057,31.940535801215233,32.28338166976257,0.6315349887406456
2024-03-11 03:00:00,3,408.63217490281806,37.87397656883894,5.533859044269928,1.9300952316708078
2024-03-11 04:00:00,4,405.6768167072157,38.06994144695845,19.720074433433226,1.6283852324668515
2024-03-11 05:00:00,5,703.7757800856457,37.2464500745449,24.437313234203657,2.6589594411982804
2024-03-11 06:00:00,6,669.9373974026761,35.97055744617194,78.24753307847692,0.7286395538246488
2024-03-11 07:00:00,7,809.4461127610625,34.67678977675761,12.308221063810073,3.549088479050068
2024-03-11 08:00:00,8,888.6884335081298,32.90746850742123,27.675654734972255,3.2136904549039316
2024-03-11 09:00:00,9,903.1671346149604,31.539088065153678,19.24343260269955,3.646833878877989
2024-03-11 10:00:00,10,1012.8613304070903,35.48754768971702,39.98516971163329,3.0393350425015426
2024-03-11 11:00:00,11,953.4525688440083,30.87766940177856,19.56233172589911,3.8346750723881846
2024-03-11 12:00:00,12,1069.7037837965795,31.416797791892776,7.218866677205792,4.962416469016393
2024-03-11 13:00:00,13,883.7664869540704,37.857300348033384,26.094108404076024,3.265777509046904
2024-03-11 14:00:00,14,976.0361926527814,40.10050770458522,24.01212313335514,3.7083459012344204
2024-03-11 15:00:00,15,1078.9938524359495,35.5784459939184,18.15511244751973,4.415506526121889
2024-03-11 16:00:00,16,785.9988978159927,37.71793203630289,19.22379282205765,3.174500490580948
2024-03-11 17:00:00,17,739.1337426492472,33.661015627087004,53.693915957620064,1.7113194602837434
2024-03-11 18:00:00,18,748.2194091592609,30.385538021155902,23.605195714649913,2.8580037662611004
2024-03-11 19:00:00,19,623.1279715638885,36.23507543527471,7.317446750431348,2.8876545702882903
2024-03-11 20:00:00,20,528.0504079418846,36.10642854922915,20.757680724002874,2.0921969509975673
2024-03-11 21:00:00,21,421.818402776903,34.61356624105969,31.08671318930785,1.453444628629639
2024-03-11 22:00:00,22,309.59676258746265,33.67143420510362,3.2746072689729218,1.497293422476344
2024-03-11 23:00:00,23,219.30217957654986,37.28519231516225,62.51955920012797,0.4109771179450891
2024-03-12 00:00:00,0,32.78549255428101,31.498764773989002,47.35158955012544,0.08630520343995464
2024-03-12 01:00:00,1,111.22557985056818,32.13462213759945,58.60345487237559,0.2302177367815119
2024-03-12 02:00:00,2,312.6249411987393,31.43164435399014,37.84256250975365,0.9715982620226291
2024-03-12 03:00:00,3,534.6739871567071,34.710882762178905,0.0,2.6733699357835357
2024-03-12 04:00:00,4,489.389300289394,31.19228483794365,60.70667433277027,0.961486657716442
2024-03-12 05:00:00,5,530.7990846350692,32.403237332725695,12.728632805802146,2.3161780910765617
2024-03-12 06:00:00,6,795.6732347295053,32.33869718758983,14.356265119958023,3.4072213783159584
2024-03-12 07:00:00,7,783.7228471749474,33.67413887726955,33.12650287910887,2.620514378206522
2024-03-12 08:00:00,8,692.2118401033156,29.993840535059494,57.56459693340299,1.46871442211275
2024-03-12 09:00:00,9,991.6732666833203,34.71757885038323,51.06574267904799,2.426339740509533
2024-03-12 10:00:00,10,923.0995714127546,38.19787482626546,48.12562240352042,2.3942607863306846
2024-03-12 11:00:00,11,984.2021987894774,34.86243799122171,23.763458942508933,3.751608566844349
2024-03-12 12:00:00,12,1026.5584264455213,39.07992730867539,23.447849478157764,3.929262759036152
2024-03-12 13:00:00,13,1006.6848357561355,38.4579584319022,36.918873359601335,3.175140680565086
2024-03-12 14:00:00,14,1022.6819716601916,36.78916901601499,27.398583174329346,3.7124080052300137
2024-03-12 15:00:00,15,889.0406228656993,34.680021402182085,47.78635814658706,2.321002433772239
2024-03-12 16:00:00,16,907.0738676385254,34.523465039007746,46.60235328990453,2.421780496206094
2024-03-12 17:00:00,17,772.589606084522,36.7473631913612,41.82682642345411,2.247199462909506
2024-03-12 18:00:00,18,766.2116196575479,33.28095204575933,0.0,3.8310580982877394
2024-03-12 19:00:00,19,657.990827729765,28.808401619869034,32.55976727354528,2.2187527276983965
2024-03-12 20:00:00,20,425.16490383643225,35.9319760365803,27.822922385345976,1.5343580131614538
2024-03-12 21:00:00,21,469.5620016590925,31.06275798446651,33.36051203519063,1.5645685679146444
2024-03-12 22:00:00,22,215.9419694933972,31.56954018970027,14.913507229071863,0.9186872413119964
2024-03-12 23:00:00,23,195.1708160825436,34.45663571825879,3.5042817920154974,0.9416574035561749
2024-03-13 00:00:00,0,29.38298507210725,34.22519053029113,39.2627695995008,0.08923205670895032
2024-03-13 01:00:00,1,277.58088636366136,30.274338344004647,22.87397364535876,1.070435537861421
2024-03-13 02:00:00,2,240.94176651277263,35.00703985535096,41.49385987415199,0.7048286376882813
2024-03-13 03:00:00,3,354.738088675634,37.40898414553468,16.58171244630458,1.4795821943696172
2024-03-13 04:00:00,4,498.4464315289813,31.125540452154187,58.318212809853534,1.0388069042339456
2024-03-13 05:00:00,5,584.5070463819785,38.328015155497816,50.021296851415265,1.4606452079690477
2024-03-13 06:00:00,6,771.1021333419116,29.830052687561704,35.936542170917605,2.469973450063251
2024-03-13 07:00:00,7,664.0484916163083,40.8625375960644,25.734231732281057,2.465803569845253
2024-03-13 08:00:00,8,781.7308102527302,33.27678387150109,47.04817755596394,2.069703553176751
2024-03-13 09:00:00,9,838.4552987849511,34.94741615343221,37.85095630474812,2.60545975003507
2024-03-13 10:00:00,10,1041.9504336469545,28.834464445494525,34.7716837586121,3.39823361968874
2024-03-13 11:00:00,11,1128.2939311803643,34.32415696354361,50.857308191192175,2.7723700464872434
2024-03-13 12:00:00,12,991.6440625170022,35.19601169610611,58.5307230881328,2.0561381113263253
2024-03-13 13:00:00,13,977.9391235186093,34.25207885065305,4.951776310289109,4.647568828355829
2024-03-13 14:00:00,14,971.529999338123,32.821321931794415,8.992317853003872,4.420834668801763
2024-03-13 15:00:00,15,1016.829796719942,31.670871607368092,14.39478549042404,4.352296643396958
2024-03-13 16:00:00,16,791.8371530491928,37.90214502156347,0.0,3.959185765245964
2024-03-13 17:00:00,17,812.4228589100181,34.602986567945386,28.745029488616975,2.8944583427203416
2024-03-13 18:00:00,18,785.1225915691421,39.13282229250186,42.00232910489012,2.2767640839071435
2024-03-13 19:00:00,19,648.8489626039084,32.93111809856677,29.57163410095327,2.2848686075742473
2024-03-13 20:00:00,20,515.1665293278994,33.20618108283489,19.317567167742087,2.0782444449962836
2024-03-13 21:00:00,21,462.7671197704612,36.957347896740025,52.529155142583164,1.09839730738686
2024-03-13 22:00:00,22,42.56046166258207,29.641640276940844,32.81112806413499,0.14297947040892595
2024-03-13 23:00:00,23,184.7562177825246,30.870175082492768,36.859659347326364,0.5832785264244081
2024-03-14 00:00:00,0,0.0,37.854803179978546,53.0846960979952,0.0
2024-03-14 01:00:00,1,0.0,31.04654647824947,27.535161222977326,0.0
2024-03-14 02:00:00,2,299.7152530645193,29.105195220011414,71.20428145249362,0.4315258035820273
2024-03-14 03:00:00,3,492.5761159781264,40.16792983013833,21.043699922564677,1.9445993812073268
2024-03-14 04:00:00,4,489.00411882978455,30.38089532229644,69.958964090258,0.7345095146888654
2024-03-14 05:00:00,5,684.9913927849557,35.11470646090356,10.50529636175159,3.065155084602031
2024-03-14 06:00:00,6,836.0890418256392,34.76960384409187,40.34969805760883,2.4936481897811946
2024-03-14 07:00:00,7,898.5464965779591,26.130463316064805,17.149356623875256,3.7222577672423394
2024-03-14 08:00:00,8,997.2225661341499,33.76039719641563,52.39132233962185,2.3738223853367937
2024-03-14 09:00:00,9,983.249731797038,35.907588014356385,20.43534784283143,3.911596144703031
2024-03-14 10:00:00,10,971.9605174011958,35.625276410475635,35.81742381288172,3.1191464979486576
2024-03-14 11:00:00,11,863.2875964220368,37.27291031732956,16.989160079168606,3.5831114236114496
2024-03-14 12:00:00,12,980.3150009496042,33.39987432120275,48.74450347333229,2.512326606310635
2024-03-14 13:00:00,13,923.9851337485148,36.69986159219554,16.884974787217214,3.8398523843872145
2024-03-14 14:00:00,14,1139.6012436888936,32.49436106167884,63.66829689485337,2.070182702198037
2024-03-14 15:00:00,15,909.8086675166999,30.33094601668073,10.080057860772193,4.09049713704348
2024-03-14 16:00:00,16,875.8817883271976,30.66916313887536,3.0874416334370665,4.244197246673452
2024-03-14 17:00:00,17,837.4721703744727,30.17601690033281,49.03104156158172,2.1342542122574226
2024-03-14 18:00:00,18,710.594976896344,37.591106169592635,18.167127194729566,2.9075014180211296
2024-03-14 19:00:00,19,744.365512243181,30.018627738743387,29.855253731009288,2.6106664993842617
2024-03-14 20:00:00,20,450.18805106124375,35.38446478786697,23.555176923285583,1.7207272957313828
2024-03-14 21:00:00,21,398.25202878406935,33.76457568370176,3.747834656946196,1.9166310061365435
2024-03-14 22:00:00,22,199.4213982466772,34.25440254556716,28.46012671723324,0.7133290780219728
2024-03-14 23:00:00,23,24.924391322395536,38.653170151518154,55.29831789944604,0.05570811087217655
2024-03-15 00:00:00,0,0.0,33.296015737077184,50.06274006611131,0.0
2024-03-15 01:00:00,1,127.56324845617861,36.446102523372055,34.635855252518496,0.41690313182743033
2024-03-15 02:00:00,2,224.47486714114,34.72398789286634,52.245365860702144,0.5359857576896319
2024-03-15 03:00:00,3,327.2897539751813,34.15524112182491,8.809628306116469,1.492283715829824
2024-03-15 04:00:00,4,387.4946029062532,41.51120521188243,23.490913421899876,1.4823429061150528
2024-03-15 05:00:00,5,602.112983198425,30.287272601576895,37.91609881460416,1.8690761475667461
2024-03-15 06:00:00,6,586.7291512640674,38.47869334503534,27.391703463657766,2.13007021007489
2024-03-15 07:00:00,7,854.1578173864035,36.58051753519292,25.063533390468855,3.200378438092312
2024-03-15 08:00:00,8,872.6205840191988,33.172722854827654,5.987125353578094,4.10187847896422
2024-03-15 09:00:00,9,807.2754125540921,39.499253391047844,0.0,4.036377062770461
2024-03-15 10:00:00,10,941.1891001250793,29.066967501557393,46.35732849899272,2.5243948859169136
2024-03-15 11:00:00,11,931.2723489265636,33.045997866825786,34.86443146504452,3.032947695410758
2024-03-15 12:00:00,12,1025.5339608335344,30.985851225915777,48.03996756420186,2.6643388934461494
2024-03-15 13:00:00,13,1098.6808970556617,35.847548233337385,21.25528115683251,4.325765916850356
2024-03-15 14:00:00,14,815.9120287174089,31.272105535161472,15.744442303448121,3.4372561505455175
2024-03-15 15:00:00,15,933.0816188430802,35.91048967894696,30.13095933273269,3.2596758786413393
2024-03-15 16:00:00,16,853.2147801391075,34.05198859125834,47.083992972256326,2.257435965100789
2024-03-15 17:00:00,17,847.0605464072726,33.17323601075475,25.370955700246917,3.16076595212007
2024-03-15 18:00:00,18,724.1625114455628,35.777239576822936,46.03570368656972,1.95394601733631
2024-03-15 19:00:00,19,548.6038824696152,33.80543296690881,9.873839888138264,2.472178067472276
2024-03-15 20:00:00,20,474.47568514667046,31.345393309545887,26.771057336602656,1.737267637139085
2024-03-15 21:00:00,21,319.0013638208108,43.01541680762794,28.597717118439377,1.1388712809568586
2024-03-15 22:00:00,22,344.8996161904089,33.14979628963557,54.5277988784384,0.7841672357079839
2024-03-15 23:00:00,23,132.23112411380737,27.95847059826696,34.15254796031817,0.43535413016185726
2024-03-16 00:00:00,0,152.0952548602406,32.131103307384386,64.9215503658839,0.26676328686015005
2024-03-16 01:00:00,1,125.67332711488191,30.855569311430365,3.0463040010503484,0.6092246776136409
2024-03-16 02:00:00,2,202.1465037496838,37.1358362246701,32.598378088225594,0.6812501108261637
2024-03-16 03:00:00,3,261.58628095606366,35.62235735532331,33.587960783608914,0.8686239174661999
2024-03-16 04:00:00,4,355.74882589952426,35.853537781919584,42.40186395173734,1.0245234636585254
2024-03-16 05:00:00,5,482.03055356828145,33.54733197903682,13.732801271022176,2.0791712779057065
2024-03-16 06:00:00,6,728.4769132674662,33.81934863537779,63.68892678821672,1.3225889265374433
2024-03-16 07:00:00,7,834.05134214963,33.544606065725546,30.259278829435186,2.908367104739635
2024-03-16 08:00:00,8,739.5301476218679,34.413819824142145,8.258649741301639,3.3922747149922343
2024-03-16 09:00:00,9,995.4825976373759,37.16339968264306,29.67950019172763,3.500141690814879
2024-03-16 10:00:00,10,927.2809421543932,35.665625614064595,23.73676954239773,3.535872009523152
2024-03-16 11:00:00,11,1003.1883023326542,36.15773786541116,85.66470284494658,0.7190501208206089
2024-03-16 12:00:00,12,1128.977650260434,36.156076101296165,50.99887199050027,2.766058918013787
2024-03-16 13:00:00,13,1063.1920066430528,37.31072668869377,30.99322711416435,3.668372466822651
2024-03-16 14:00:00,14,944.4433744566019,35.52184950116932,27.761666296015907,3.411250782425641
2024-03-16 15:00:00,15,852.5841544780639,35.73394359458531,49.021137249629305,2.1731885297139035
2024-03-16 16:00:00,16,693.8801716780943,38.22381810012802,49.97724320656429,1.735489953582036
2024-03-16 17:00:00,17,735.8210747518417,32.66226162253922,0.0,3.6791053737592083
2024-03-16 18:00:00,18,690.2163620803321,32.09017163669403,42.85986309466668,1.9719528711785648
2024-03-16 19:00:00,19,529.787066836626,31.099634578987988,30.559330879572535,1.8394384206241967
2024-03-16 20:00:00,20,489.4994426326155,35.20614306740932,3.777123564260478,2.3550522191900765
2024-03-16 21:00:00,21,388.8315830017914,29.096202652891186,47.60428279248354,1.0186554832156411
2024-03-16 22:00:00,22,240.83056655787476,36.04386166472759,74.9237602711653,0.30195625105181734
2024-03-16 23:00:00,23,78.52598575417522,34.3298200930469,41.13591893655561,0.2311179995510325
2024-03-17 00:00:00,0,13.492373757338214,38.104558317978245,52.00856884513728,0.03237591631454867
2024-03-17 01:00:00,1,165.8814441856043,32.6848872871201,66.08238183928808,0.2813151741917387
2024-03-17 02:00:00,2,171.58711890709313,34.09068436226255,13.394756985598967,0.7430172065544863
2024-03-17 03:00:00,3,495.5580227447914,38.067249218395176,0.0,2.477790113723957
2024-03-17 04:00:00,4,492.11294941725896,38.85004615884953,43.137321266190035,1.3991430271730636
2024-03-17 05:00:00,5,610.2693988443084,32.66018212125961,25.047769271170978,2.2870526394461193
2024-03-17 06:00:00,6,763.7639350470721,35.24598291627655,2.5165309525691413,3.7227178960852623
2024-03-17 07:00:00,7,812.0106307923155,35.58389615156722,28.436601277284137,2.905512026923725
2024-03-17 08:00:00,8,942.276334497498,35.821599435378516,44.55094747581241,2.612416498192536
2024-03-17 09:00:00,9,946.8494657274325,33.912912240568204,27.020566704712802,3.4550268712366745
2024-03-17 10:00:00,10,916.9308363178334,38.544789412885976,14.263447385299253,3.9307244446002736
2024-03-17 11:00:00,11,1020.3651433902984,29.031528767650435,25.529858794069796,3.7993368154942377
2024-03-17 12:00:00,12,908.501903414347,33.43724851411182,29.61047069397309,3.19745106774827
2024-03-17 13:00:00,13,1000.129637835932,36.04443141683391,0.0,5.00064818917966
2024-03-17 14:00:00,14,963.2674270375117,36.0723136543631,27.144500936586134,3.508966456417425
2024-03-17 15:00:00,15,907.2301839294836,38.75891631035936,3.1131905571021647,4.394931897561052
2024-03-17 16:00:00,16,855.7424028693242,38.29531539811893,43.18051904042193,2.431141958306858
2024-03-17 17:00:00,17,642.8054166514241,33.8440143425934,0.0,3.2140270832571205
2024-03-17 18:00:00,18,663.2087885672707,38.60025294910689,50.25384409101872,1.6496043898137025
2024-03-17 19:00:00,19,616.1890211000099,32.55851398718271,21.816698615721172,2.408784597317291
2024-03-17 20:00:00,20,512.7885113597919,37.493301366890584,19.140485864559757,2.0731914941394227
2024-03-17 21:00:00,21,300.46942109101326,40.13220665377805,35.88909194603944,0.9631683714296354
2024-03-17 22:00:00,22,360.0756723716971,38.34547153907998,12.67931109553216,1.5721027884618024
2024-03-17 23:00:00,23,61.232204362891935,35.017950369087444,35.57491508260128,0.1972444982879413
2024-03-18 00:00:00,0,77.55657604213894,33.745668236407845,15.357824506232587,0.3282278660027221
2024-03-18 01:00:00,1,164.70174116978637,30.15523066294635,18.86530975350461,0.6681512376434537
2024-03-18 02:00:00,2,207.12086031501656,35.67262346546682,38.10708338658271,0.6409657068188286
2024-03-18 03:00:00,3,524.7083037738507,31.395352867811454,7.228385325312345,2.433901828715832
2024-03-18 04:00:00,4,404.5090534594815,32.3616005608824,4.713253964752862,1.927217572297591
2024-03-18 05:00:00,5,682.2937628975208,31.168767149514196,34.964510148206834,2.2186654546431743
2024-03-18 06:00:00,6,787.1533666299858,33.35982755375424,29.46200295021231,2.7762110926538197
2024-03-18 07:00:00,7,739.7037235651037,34.65709630826326,33.37385489618784,2.464180381003938
2024-03-18 08:00:00,8,977.4226277895848,35.561848295221324,36.552784734428414,3.1007371935403216
2024-03-18 09:00:00,9,903.8758113433704,32.93948464548232,31.147511076139626,3.111704964453236
2024-03-18 10:00:00,10,989.0213166314569,37.94885567090976,42.16185247934138,2.8601580406203113
2024-03-18 11:00:00,11,1012.2706084755079,34.11638877775431,31.94872573957317,3.4443152401567962
2024-03-18 12:00:00,12,989.2553006823562,32.37783725192765,0.0,4.946276503411781
2024-03-18 13:00:00,13,1056.3095232265928,35.41988135345452,0.0,5.281547616132965
2024-03-18 14:00:00,14,1029.4049239332455,40.631663052355655,68.55898360484166,1.6182768545320947
2024-03-18 15:00:00,15,783.9969746522323,35.746486251329564,30.00143734117726,2.743933067726087
2024-03-18 16:00:00,16,970.372623214691,33.65243766960339,49.004833034341935,2.4742156969868385
2024-03-18 17:00:00,17,660.3539812483814,30.158620483368097,23.085921887458483,2.539525884783289
2024-03-18 18:00:00,18,789.7104775338803,34.082767588808,28.839698112121393,2.8098017992665847
2024-03-18 19:00:00,19,698.8978399549273,35.445788926988556,20.93270691458313,2.7629980174240507
2024-03-18 20:00:00,20,412.72268558278404,33.5782618779575,79.3185466292273,0.4267852488470214
2024-03-18 21:00:00,21,349.81828932872315,29.74485063700121,35.06484844728285,1.1357751816736448
2024-03-18 22:00:00,22,170.36267162364618,32.189308383213906,19.30284188987605,0.6873891724038251
2024-03-18 23:00:00,23,113.33250979695316,39.104619934387486,0.0,0.5666625489847659
2024-03-19 00:00:00,0,0.0,39.08048642624795,69.47466885471704,0.0
2024-03-19 01:00:00,1,192.89903480159876,32.11856590744278,26.734432295433933,0.706642864720099
2024-03-19 02:00:00,2,363.6437447920895,36.79675377665484,44.884582391231945,1.0021188427516143
2024-03-19 03:00:00,3,494.3381372282863,31.24276506074605,47.119945806130914,1.3070313743364035
2024-03-19 04:00:00,4,455.0265578737357,38.991432261041425,20.743389531392587,1.803193132513496
2024-03-19 05:00:00,5,592.0236791091584,35.51419095873928,43.449055507723116,1.673974910770778
2024-03-19 06:00:00,6,572.4317258088715,37.62740791090617,17.91723426496765,2.3493389624434937
2024-03-19 07:00:00,7,728.8837349715402,29.633203373508955,10.191472759211685,3.272998738377955
2024-03-19 08:00:00,8,943.2135344322351,36.81139472083123,53.28929385024425,2.2029085121668333
2024-03-19 09:00:00,9,1053.126158395145,34.75546122400306,26.83621240355601,3.8525349282540713
2024-03-19 10:00:00,10,867.1779165386746,37.3342706274291,40.3702566720531,2.5854798291432464
2024-03-19 11:00:00,11,944.0477206415787,37.52308680935012,38.21841987763542,2.916237994607668
2024-03-19 12:00:00,12,997.8875394432858,34.97583748348082,42.75863920110578,2.8560220340996954
2024-03-19 13:00:00,13,1013.8577540793788,32.97599449776882,0.0,5.069288770396893
2024-03-19 14:00:00,14,901.1575446953368,37.117571961595054,18.2941893736726,3.6814903845681686
2024-03-19 15:00:00,15,957.804416068414,34.59801991684119,23.5104968500715,3.6630991949940186
2024-03-19 16:00:00,16,828.1182560187655,32.160128554473644,13.37042654197019,3.5869765645856586
2024-03-19 17:00:00,17,792.197158620973,32.018026720683515,38.580136960327756,2.4328320491458837
2024-03-19 18:00:00,18,750.8095210268436,30.346990166119426,53.737861551917945,1.736702700494101
2024-03-19 19:00:00,19,609.2752105935957,33.24760993636738,56.90369310692596,1.3128755729041959
2024-03-19 20:00:00,20,465.0891287578744,38.086559553279706,23.21590469580233,1.7855723993745445
2024-03-19 21:00:00,21,373.91464805102345,35.311972814172876,35.83931724915814,1.19953095547472
2024-03-19 22:00:00,22,251.75000836609422,33.18918029728745,38.912870089801984,0.7689342732976518
2024-03-19 23:00:00,23,100.92530982948178,37.19305122959681,42.425121884070585,0.2905381206122413
2024-03-20 00:00:00,0,0.0,32.31563483754592,12.437298538547125,0.0
2024-03-20 01:00:00,1,258.4179658604289,35.099115525714424,66.41160536529932,0.4339922309008347
2024-03-20 02:00:00,2,303.6926009378199,34.27417358453955,48.53040368692889,0.7815467786768096
2024-03-20 03:00:00,3,359.04500692275695,37.150456579481144,49.05298687384882,0.914613534028637
2024-03-20 04:00:00,4,555.7563523608587,30.08137958995759,54.06920113800794,1.2763166618280495
2024-03-20 05:00:00,5,582.0558698282398,32.26247146527212,40.682718845319684,1.7262985839166851
2024-03-20 06:00:00,6,800.9567521934789,29.898327725432488,9.453731538980552,3.6261822554888488
2024-03-20 07:00:00,7,822.9247156670829,34.03427453728828,27.220545368897866,2.9946006004352546
2024-03-20 08:00:00,8,857.4412322641002,38.447347213613384,0.0,4.287206161320501
2024-03-20 09:00:00,9,959.6968865761088,33.29672307375551,38.30145019398169,2.960595307754838
2024-03-20 10:00:00,10,840.2557341235885,33.28101288812914,26.615726836689063,3.0830778159981884
2024-03-20 11:00:00,11,901.3034638610258,37.4282379752685,29.189552329461367,3.1910850881503188
2024-03-20 12:00:00,12,904.4859994880755,38.01871337808199,54.080022601713026,2.0766988326779714
2024-03-20 13:00:00,13,1002.8803089549068,34.54735150090972,20.860119228870815,3.9683914039202266
2024-03-20 14:00:00,14,1104.5270262478757,36.867209264865764,24.957536824558474,4.144321434674307
2024-03-20 15:00:00,15,1102.3835442066975,31.58220108008225,30.439465919264325,3.834119404841608
2024-03-20 16:00:00,16,917.0694918996993,38.94698770449233,0.0,4.585347459498497
2024-03-20 17:00:00,17,833.4208982867918,41.25918358452724,24.678726884759936,3.138716154990408
2024-03-20 18:00:00,18,563.0221624543285,36.37671207628227,0.0,2.815110812271642
2024-03-20 19:00:00,19,565.347525029999,28.56006983868769,18.289568762085217,2.309739503474452
2024-03-20 20:00:00,20,436.97729984734076,33.138373915522735,47.103781067856545,1.1557223460550916
2024-03-20 21:00:00,21,333.01562450500063,36.651540667724056,38.94533116502138,1.0166079335513203
2024-03-20 22:00:00,22,245.36753961573788,33.548615711217,18.103593790918477,1.0047359847446684
2024-03-20 23:00:00,23,92.75894600428181,38.629660365466385,30.815964364476248,0.3208719112936928
2024-03-21 00:00:00,0,0.0,36.609209960828515,8.500208657391891,0.0
2024-03-21 01:00:00,1,190.35901270945428,32.725311665223536,29.953131937009598,0.6667026323930129
2024-03-21 02:00:00,2,172.9996030433363,34.94153259983468,88.60640570985021,0.09855436447163682
2024-03-21 03:00:00,3,401.8231814939818,32.16323850560365,66.91602640743864,0.6646953762712944
2024-03-21 04:00:00,4,665.9266135799978,34.2969835322836,31.052442600345223,2.295700670688231
2024-03-21 05:00:00,5,535.2106616818068,33.180958446223265,33.20288329830749,1.7875264514174856
2024-03-21 06:00:00,6,504.6837793668412,38.36902356822004,10.40869370730898,2.2607639529103785
2024-03-21 07:00:00,7,770.4730025408264,41.192774338013905,13.964217840978993,3.314412370300469
2024-03-21 08:00:00,8,954.1021745843242,30.551173167813666,37.24368644209388,2.9937967617246968
2024-03-21 09:00:00,9,1080.547328848934,29.075089308891666,19.5021486872703,4.349086910702437
2024-03-21 10:00:00,10,867.5618587328751,34.109220901966765,48.08299189703164,2.252060802483048
2024-03-21 11:00:00,11,1031.180799232732,30.289491071034874,61.39371361955514,1.9905030622597433
2024-03-21 12:00:00,12,962.7751634575957,34.98337297853367,36.652415695620775,3.049474041664627
2024-03-21 13:00:00,13,982.9689930294794,37.091546508938706,32.034744116798535,3.340386956825072
2024-03-21 14:00:00,14,1177.4732940504314,39.327163859321395,0.0,5.887366470252156
2024-03-21 15:00:00,15,803.6419062396745,35.44892184366677,44.952204905441,2.21193574920412
2024-03-21 16:00:00,16,886.3245767040046,34.26527249297219,7.1265739692188355,4.1158000006891395
2024-03-21 17:00:00,17,830.7687940324699,28.90958341780167,21.639817427331604,3.2549597188029944
2024-03-21 18:00:00,18,793.9696871816955,34.92329361507832,49.1915178477027,2.017019734031812
2024-03-21 19:00:00,19,616.6000812863923,35.058599949169306,50.59516328618064,1.5231513166840978
2024-03-21 20:00:00,20,524.6440431603281,36.76160861015916,20.669849452997656,2.081004546374841
2024-03-21 21:00:00,21,351.35154697134664,32.71927386293365,21.821689301600273,1.3734035201744663
2024-03-21 22:00:00,22,280.3492004021296,33.53958036681335,16.013622534866563,1.17727568835108
2024-03-21 23:00:00,23,103.07081018025916,30.41073140160837,6.042925093481784,0.48421159163910643
2024-03-22 00:00:00,0,49.72575118848407,27.999616003287663,17.304090357915165,0.20560581135838357
2024-03-22 01:00:00,1,100.95736533656085,31.54800315154951,0.0,0.5047868266828043
2024-03-22 02:00:00,2,288.98707661469575,30.16251698118081,43.661251630165296,0.8140585095764743
2024-03-22 03:00:00,3,380.3424072702915,35.88363131020169,37.890472103237514,1.1811443677337985
2024-03-22 04:00:00,4,590.0840200617733,33.31909225393929,41.21058569741025,1.7345346964374635
2024-03-22 05:00:00,5,604.6499311216417,33.258783033715495,10.911918988497145,2.693355102368222
2024-03-22 06:00:00,6,565.2641837299971,31.920255285414225,6.098588729698875,2.6539552296400757
2024-03-22 07:00:00,7,894.3070603483546,25.17579812640256,31.070285486271203,3.0822165178712058
2024-03-22 08:00:00,8,793.566819715429,39.39842667018251,31.282051299004507,2.7266142004008493
2024-03-22 09:00:00,9,871.5782254193809,31.872682855609497,27.054603449741094,3.1788809638893842
2024-03-22 10:00:00,10,918.272922765589,33.636234214390136,24.21033461624301,3.479779877368426
2024-03-22 11:00:00,11,1101.3999088274757,30.508817928071927,64.21551555388774,1.9706513953193137
2024-03-22 12:00:00,12,829.1460628817043,37.78928545426176,38.52050023585957,2.548774258868685
2024-03-22 13:00:00,13,1242.4647440666097,35.30378123505184,69.41356782932982,1.9001281809421215
2024-03-22 14:00:00,14,1050.4103710143527,32.39439856814226,55.37930050863267,2.343502275382355
2024-03-22 15:00:00,15,941.7386456416195,33.69680558990779,64.0654185203469,1.692049204717347
2024-03-22 16:00:00,16,861.6338837351358,39.90803419031447,8.510744672879959,3.9415121193770957
2024-03-22 17:00:00,17,816.1976662798479,34.654586128296025,41.8634198199606,2.372547053421971
2024-03-22 18:00:00,18,748.7965754568947,34.328293811092145,21.364690220132537,2.9440925336578405
2024-03-22 19:00:00,19,660.3786758847252,32.04934996552206,0.0,3.301893379423626
2024-03-22 20:00:00,20,544.4483572802758,29.18975097252295,59.92006339111052,1.0910727823303734
2024-03-22 21:00:00,21,389.8498868655098,34.39337840320183,24.126149485887417,1.4789706019488698
2024-03-22 22:00:00,22,243.03197147793495,35.84994976091372,8.89796739466631,1.1070353294860678
2024-03-22 23:00:00,23,118.42432952777106,38.17224781692287,21.708722735026132,0.46357960089886785
2024-03-23 00:00:00,0,0.0,28.153835347374567,14.075517544523615,0.0
2024-03-23 01:00:00,1,221.22779996941674,31.524035969804448,16.126040647666656,0.9277625751120496
2024-03-23 02:00:00,2,306.30358288498974,33.15710167920418,25.56793219634701,1.13994045248987
2024-03-23 03:00:00,3,147.45234159194737,34.88888240515393,64.61630386089486,0.26087044249444996
2024-03-23 04:00:00,4,552.4720621223807,34.464223876288266,16.673655669107486,2.301773864080387
2024-03-23 05:00:00,5,624.3403245862226,34.534258893811725,63.18541328438381,1.1492415509767722
2024-03-23 06:00:00,6,705.6100806708757,36.123613126583365,46.97673591959043,1.8706874822605468
2024-03-23 07:00:00,7,762.2718640441244,32.189445618536205,37.92543127172172,2.36588486071199
2024-03-23 08:00:00,8,955.9544213833195,37.70174927757462,44.9624006450375,2.630671822285007
2024-03-23 09:00:00,9,999.6816494811152,36.19968227597197,30.27311327674915,3.485234456634114
2024-03-23 10:00:00,10,904.0956128631797,33.9398281584893,55.72100207726852,2.0016223881959685
2024-03-23 11:00:00,11,1024.009044343773,39.70204892654028,41.339605265342016,3.0034387376532807
2024-03-23 12:00:00,12,922.2674612366972,39.568573057588836,0.0,4.6113373061834855
2024-03-23 13:00:00,13,881.0754081906957,37.69801101645496,35.925038637799304,2.822743636850202
2024-03-23 14:00:00,14,915.7884483218713,25.843654639170158,45.6794628598523,2.4873060209793225
2024-03-23 15:00:00,15,992.8710103019075,39.63616022902746,24.219975627975657,3.7619894679477492
2024-03-23 16:00:00,16,942.2754074145256,37.28360051828934,32.52511745427865,3.1789961220508425
2024-03-23 17:00:00,17,834.4001738990188,40.918550864012346,17.742840106511863,3.4317694259782945
2024-03-23 18:00:00,18,765.1144441343874,38.61171872607415,2.447486878728789,3.731941842534698
2024-03-23 19:00:00,19,650.0556919779174,39.63435298336539,0.0,3.2502784598895866
2024-03-23 20:00:00,20,448.6814723821637,37.535289501414674,0.0,2.2434073619108186
2024-03-23 21:00:00,21,417.2372359390052,38.94540454681007,43.380894849410645,1.1811799467185897
2024-03-23 22:00:00,22,322.85180712073566,40.881696173076854,0.0,1.6142590356036781
2024-03-23 23:00:00,23,190.86949860513795,35.548989166008155,16.67040146073038,0.7952539346078914
2024-03-24 00:00:00,0,95.11306971797143,30.205530461944928,14.686934295092444,0.4057193783122374
2024-03-24 01:00:00,1,187.19049999613668,33.99983939413389,24.356809280250708,0.7079843346066499
2024-03-24 02:00:00,2,286.93490170584744,36.092058892329625,0.0,1.4346745085292372
2024-03-24 03:00:00,3,468.295451430404,35.14688484729399,38.07776189481237,1.4498951223524903
2024-03-24 04:00:00,4,497.8782992600751,31.18253619570104,4.53677211680202,2.3764534770181793
2024-03-24 05:00:00,5,538.2114569105032,30.02901921859438,52.64811081418538,1.2742664633080996
2024-03-24 06:00:00,6,694.0614240710464,32.69873408827483,17.564686248223353,2.860758562815081
2024-03-24 07:00:00,7,733.7611287067194,37.34544076213177,28.087739531761592,2.6383210704513105
2024-03-24 08:00:00,8,812.011141786488,39.663241406648226,30.075477131104126,2.838974582682377
2024-03-24 09:00:00,9,912.3180388540452,37.67192493551242,34.88482105721144,2.9702876176357536
2024-03-24 10:00:00,10,902.5322326090715,38.09450395552172,30.740287549922844,3.125456145371522
2024-03-24 11:00:00,11,966.807939002687,34.679775374688646,21.457789025347363,3.796761655855907
2024-03-24 12:00:00,12,848.5108266436971,29.695974721061425,36.860970613880866,2.678707500894831
2024-03-24 13:00:00,13,1008.5083579636453,33.5565603515312,39.32294260989909,3.0596659757278277
2024-03-24 14:00:00,14,966.0222643180464,34.14592885856218,14.69730665780759,4.120215048742633
2024-03-24 15:00:00,15,858.5124420258315,33.43106463367227,38.527356379471144,2.638751469622194
2024-03-24 16:00:00,16,918.7650572590311,35.086306690303196,53.83440604803392,2.1207667285337646
2024-03-24 17:00:00,17,868.35895130136,36.24648137385817,44.11788392209105,2.4262867856956936
2024-03-24 18:00:00,18,578.5019920370297,37.481267658909815,48.64750483294374,1.4853760375106995
2024-03-24 19:00:00,19,547.7434467234236,34.087862501080316,33.43841697814891,1.8229335451878017
2024-03-24 20:00:00,20,438.468612017016,29.210943877245537,11.276991078502416,1.9451127287891188
2024-03-24 21:00:00,21,307.49118427638075,33.473588936305916,13.807110805927099,1.3251776787244167
2024-03-24 22:00:00,22,325.17703245706093,35.05335328515527,36.39775935708823,1.0340993934940959
2024-03-24 23:00:00,23,115.02010111822771,38.59064586057954,48.8552745030462,0.2941335749161812
2024-03-25 00:00:00,0,0.0,33.2387555423872,85.71823827988112,0.0
2024-03-25 01:00:00,1,0.0,36.47980995413772,49.636438888772076,0.0
2024-03-25 02:00:00,2,309.6524875192589,35.812442767845816,6.591284850049959,1.4462120501079958
2024-03-25 03:00:00,3,283.542760776812,35.073880668309684,14.654548552800353,1.2099542461541175
2024-03-25 04:00:00,4,504.7946104213062,37.73377902691329,75.57034631911998,0.616597875628363
2024-03-25 05:00:00,5,630.951584045376,32.959655478681775,25.712221360464433,2.343599580391361
2024-03-25 06:00:00,6,815.9594688536397,33.216619720008964,30.95029269522577,2.817088124845143
2024-03-25 07:00:00,7,688.6477083617063,34.906476599656834,10.791661591815423,3.0716558905775946
2024-03-25 08:00:00,8,624.4644313187724,33.02173955365842,61.30206811148488,1.2082741014987093
2024-03-25 09:00:00,9,938.5874960915821,36.46621594210332,40.006664146412504,2.8154497440500017
2024-03-25 10:00:00,10,1109.9667208099368,32.802602155841114,14.507973042293766,4.744665240881996
2024-03-25 11:00:00,11,1090.5605696089651,35.62109169217492,10.123494222854575,4.900788666739357
2024-03-25 12:00:00,12,1016.7727532219701,34.64166076257925,36.144078917957444,3.2463480344056626
2024-03-25 13:00:00,13,952.1139665232464,35.586956963269635,30.88412349760905,3.2903095663211146
2024-03-25 14:00:00,14,1030.4956340200533,33.5629548837504,46.642204344422545,2.749248773200337
2024-03-25 15:00:00,15,845.9958365349294,33.924914185359036,40.93936946254399,2.4982523768907745
2024-03-25 16:00:00,16,904.1340253329363,35.230206872930665,24.71039302462755,3.4035947710189105
2024-03-25 17:00:00,17,833.7909530245655,35.54840258742345,19.12396809077267,3.3716851861219914
2024-03-25 18:00:00,18,791.9235737864581,34.929573322766046,26.80115703402332,2.8983944659324994
2024-03-25 19:00:00,19,829.5342321216069,40.05826613847877,18.98638306686475,3.360178425701118
2024-03-25 20:00:00,20,531.3932773743013,31.969968312715665,27.396089343904762,1.9290615016866703
2024-03-25 21:00:00,21,341.96634230849,34.74956768408138,30.328818572387632,1.1912599538555904
2024-03-25 22:00:00,22,256.7731001271615,30.221292002588562,12.041382132398859,1.1292703496382144
2024-03-25 23:00:00,23,0.0,36.05842350494167,42.613597241957606,0.0
2024-03-26 00:00:00,0,0.0,31.613450352341353,22.591445710606592,0.0
2024-03-26 01:00:00,1,97.78359717100325,34.124259193842065,13.162312994293131,0.4245650702713852
2024-03-26 02:00:00,2,216.89197326775343,33.84299698547782,22.96785143436264,0.8353827353727913
2024-03-26 03:00:00,3,394.87182212778754,35.80186334127531,34.84516313240572,1.286390457717285
2024-03-26 04:00:00,4,434.20640540942384,33.30081720883625,31.66076399626607,1.4836667006803792
2024-03-26 05:00:00,5,698.4438823946783,33.173272868389844,38.44236229808924,2.149727773378379
2024-03-26 06:00:00,6,707.1233463800033,39.26675935372948,47.96692250151058,1.8396901941590944
2024-03-26 07:00:00,7,792.6093146001461,35.81289033289537,56.09880408016066,1.7398248404075296
2024-03-26 08:00:00,8,839.793826463405,33.27603740540499,35.70972325376106,2.6995288756557634
2024-03-26 09:00:00,9,936.2947872200049,34.2066889460381,8.611952255290063,4.278307635879242
2024-03-26 10:00:00,10,1031.9336874624792,39.89525481828403,24.617783949393985,3.8894724089097577
2024-03-26 11:00:00,11,922.0744441169381,34.2536953267185,9.913632312339836,4.153316870405667
2024-03-26 12:00:00,12,947.3506808739795,32.89136009201463,63.93708147424563,1.708211520983813
2024-03-26 13:00:00,13,967.1467790716771,32.904201511092616,69.74801765054326,1.462905364490516
2024-03-26 14:00:00,14,858.2561524112112,33.31181051850306,43.006223949926856,2.4457629472061004
2024-03-26 15:00:00,15,858.338903733567,33.17569679419162,47.16917685278061,2.2673375411763126
2024-03-26 16:00:00,16,827.927733900866,31.120246416424063,35.018863864733184,2.6899842393387563
2024-03-26 17:00:00,17,863.3044747482535,31.586589670630858,37.32111830921583,2.7055479517935175
2024-03-26 18:00:00,18,728.1116875067016,32.47122883838768,0.0,3.640558437533508
2024-03-26 19:00:00,19,624.2486219181243,36.733903016831086,28.521352694861793,2.231022353840208
2024-03-26 20:00:00,20,568.0718369734377,33.81547809965317,12.376938753074803,2.488809668188842
2024-03-26 21:00:00,21,371.69368929313816,34.33770489418967,35.62713075076741,1.1963494630816036
2024-03-26 22:00:00,22,290.0562330968322,38.769454037236486,28.807803092229317,1.0324870230477954
2024-03-26 23:00:00,23,122.2684519854523,38.84421141128705,68.93643924692228,0.1899046743217432
2024-03-27 00:00:00,0,21.228987951970275,34.126874901668344,48.33255377445683,0.054842379671556404
2024-03-27 01:00:00,1,83.90549961112501,33.080659199031324,35.6902396504329,0.26979712860010724
2024-03-27 02:00:00,2,63.7136724404065,32.37995879006094,24.661206257207482,0.24000556132918147
2024-03-27 03:00:00,3,371.94109939018546,37.05157704020627,63.52042917519859,0.6784125838929386
2024-03-27 04:00:00,4,613.8198508879951,34.35912803051469,29.400907077469405,2.166756234526772
2024-03-27 05:00:00,5,682.858661188048,33.813765060113184,36.633479232705554,2.1635188767649667
2024-03-27 06:00:00,6,784.3385799538412,32.53225600566889,30.8449920885367,2.712047035098689
2024-03-27 07:00:00,7,892.2437980357328,32.66425050404739,21.916921885853547,3.483457108944341
2024-03-27 08:00:00,8,873.1180110613535,35.93342430556129,30.730124447710402,3.0240387984341295
2024-03-27 09:00:00,9,939.6647891037343,31.026934933419767,0.0,4.698323945518672
2024-03-27 10:00:00,10,916.5136746543203,37.957855812445366,0.0,4.582568373271601
2024-03-27 11:00:00,11,966.1590328916462,33.371715799636796,36.99261083339255,3.0437579091118523
2024-03-27 12:00:00,12,1049.2616919816912,34.52434189832618,61.36399381054972,2.0269640612878845
2024-03-27 13:00:00,13,1087.7556163473155,30.962315856659888,36.964422082883374,3.4283651954521215
2024-03-27 14:00:00,14,954.7701242345885,34.93615191635446,15.592622902066921,4.0294820959054665
2024-03-27 15:00:00,15,887.8643913231739,33.98828690300987,1.1429249186532928,4.388583839754459
2024-03-27 16:00:00,16,866.0676404929665,34.823007934512155,45.69054520951277,2.351783068342836
2024-03-27 17:00:00,17,841.4498802055646,39.38837642616723,18.65609697969798,3.42234087259431
2024-03-27 18:00:00,18,591.5983958958643,35.50634386845227,42.8647083710512,1.6900573438364255
2024-03-27 19:00:00,19,425.06695275774166,32.58927217864414,37.797303161314346,1.3220155399266862
2024-03-27 20:00:00,20,455.9570520406732,32.839289999441846,39.566007845093786,1.3777652453000104
2024-03-27 21:00:00,21,285.0264382919572,36.75864328882286,30.67203414707112,0.9880151590543376
2024-03-27 22:00:00,22,218.16782929073617,38.869329604061825,37.672887699392824,0.6798885398291704
2024-03-27 23:00:00,23,118.70376671465428,35.8190037933347,27.610911974873297,0.4296428708810607
2024-03-28 00:00:00,0,0.0,37.05049244521995,17.293869312635927,0.0
2024-03-28 01:00:00,1,246.7235949777112,36.813567381565754,10.730018789678969,1.1012505343901569
2024-03-28 02:00:00,2,284.9586262707064,39.2415474516282,0.0,1.424793131353532
2024-03-28 03:00:00,3,406.7213811339561,29.13558369337754,26.37780875190981,1.4971859653265749
2024-03-28 04:00:00,4,549.7765715234721,36.986011029469225,60.38756365903906,1.0888994720612648
2024-03-28 05:00:00,5,517.6547795862591,37.935562343266334,44.60160185075195,1.4338622791690412
2024-03-28 06:00:00,6,790.2357241801691,30.96818309314892,34.55418236951917,2.5858811544893148
2024-03-28 07:00:00,7,787.2921973683985,32.327349659536395,15.31990011421698,3.333399095622679
2024-03-28 08:00:00,8,919.6638531637354,32.43200596567118,49.94678451518155,2.301606650800144
2024-03-28 09:00:00,9,838.1309538680741,32.79798362242349,27.613813763939504,3.0334551658450724
2024-03-28 10:00:00,10,841.6251250077833,33.53920305874906,61.49868627578117,1.620183648805478
2024-03-28 11:00:00,11,1056.8760340158126,35.712162650720465,10.378254734106374,4.735953734909653
2024-03-28 12:00:00,12,1030.1127620878012,37.58137816505775,15.000609440546873,4.377947849248902
2024-03-28 13:00:00,13,919.2807370252094,38.22830508486125,13.054601115607433,3.9963615183697607
2024-03-28 14:00:00,14,896.3527797870929,32.470885028052294,0.3576325913197387,4.465735650566869
2024-03-28 15:00:00,15,1013.9143152644683,32.45024521544669,11.259106296164749,4.4987831237840545
2024-03-28 16:00:00,16,770.8724523550525,38.93181973160431,32.064325195318354,2.6184870119540147
2024-03-28 17:00:00,17,924.7671765517124,36.92458601781157,15.755979502987449,3.8953052488193443
2024-03-28 18:00:00,18,635.0571224147182,35.23294873716263,0.0,3.1752856120735906
2024-03-28 19:00:00,19,659.8327830573913,36.404364238220545,51.485465948402435,1.60057400109991
2024-03-28 20:00:00,20,473.7105219400811,34.894942866001315,0.0,2.3685526097004055
2024-03-28 21:00:00,21,430.9384268516774,36.55810826069848,41.784565697732745,1.2543633838353114
2024-03-28 22:00:00,22,215.28992493338563,33.976154122038416,30.624291793391297,0.7467945506000626
2024-03-28 23:00:00,23,117.50275973426847,35.790769014873334,72.34745632840685,0.16246250975422882
2024-03-29 00:00:00,0,3.2735340316576904,30.46086196128835,49.93914963045239,0.00819379486692188
2024-03-29 01:00:00,1,50.35119575753376,32.929147227920545,19.907908090300516,0.20163662991878323
2024-03-29 02:00:00,2,318.08499273613086,32.96146658202581,15.95872875289376,1.3366133577085495
2024-03-29 03:00:00,3,341.62634704736297,33.869330012776096,60.05455361598571,0.6823208464673549
2024-03-29 04:00:00,4,481.7120067727984,32.21296034805759,0.48257805797176445,2.3969368516274874
2024-03-29 05:00:00,5,529.2134790400396,33.3918692349276,33.817598718374164,1.7512309416736591
2024-03-29 06:00:00,6,502.1200884829227,30.449257925202478,27.37759073500656,1.8232585282990765
2024-03-29 07:00:00,7,778.0711192832218,36.638601541581544,23.135478625906483,2.9903032089355035
2024-03-29 08:00:00,8,1059.0346375134718,34.74495955566265,37.07027968896851,3.33223767692087
2024-03-29 09:00:00,9,986.6478755431285,29.87687728906879,33.791197210173515,3.266238730741813
2024-03-29 10:00:00,10,964.3849959103168,32.48801038075682,39.14801485583489,2.9342370722195166
2024-03-29 11:00:00,11,970.4135950371489,36.00230439508334,32.77951304726568,3.261583720197534
2024-03-29 12:00:00,12,1001.7972714249637,33.36343427323947,38.35362810034495,3.0878583581161494
2024-03-29 13:00:00,13,1035.214390587827,32.90167573198255,31.867303858631892,3.526597375754599
2024-03-29 14:00:00,14,871.4608010643609,34.76872208137261,16.81146225567371,3.62477748710217
2024-03-29 15:00:00,15,1013.0252680847966,36.02329271793149,30.080025204731907,3.5415350605729343
2024-03-29 16:00:00,16,923.2559090197383,30.683442741279357,15.7122688059196,3.8909572941401027
2024-03-29 17:00:00,17,850.8081983478701,36.64288555605048,14.392467905382993,3.641779507321427
2024-03-29 18:00:00,18,742.1848402913258,32.59162026757471,23.276999945644963,2.847132377100644
2024-03-29 19:00:00,19,610.3307616242399,34.938716207647445,27.61153678528315,2.209045294332321
2024-03-29 20:00:00,20,553.8288988773455,34.88623969032231,30.704506126956215,1.9188923534434845
2024-03-29 21:00:00,21,430.02856306440015,33.41130175767752,48.32757654726661,1.1110309003717076
2024-03-29 22:00:00,22,230.49578822723913,31.921520874004695,20.030718349183132,0.9216291304035562
2024-03-29 23:00:00,23,84.63805038829992,34.13544046812005,33.93703852949641,0.27957201308703994
2024-03-30 00:00:00,0,8.148503620958936,39.873675947024495,32.36055427887638,0.027558013418911557
2024-03-30 01:00:00,1,254.44780433966656,30.912659928408015,17.8274342506787,1.0454314465935846
2024-03-30 02:00:00,2,159.69047905020875,40.07462407711353,31.4748157241309,0.5471409752008685
2024-03-30 03:00:00,3,265.2814111048946,34.21852150656931,50.054428303546274,0.6624815869037963
2024-03-30 04:00:00,4,513.1808672989213,35.10379927106482,33.730124337668,1.7004216134093606
2024-03-30 05:00:00,5,612.8324451572021,31.73755258564473,34.53167858054616,2.0060555747910755
2024-03-30 06:00:00,6,720.9741143361803,32.683876769766464,15.893433381146654,3.031932868894237
2024-03-30 07:00:00,7,812.8695961239154,33.48895606968485,69.37717702409752,1.2446180872298003
2024-03-30 08:00:00,8,848.1692234136541,31.860600107165173,17.03287259354998,3.5185082010595203
2024-03-30 09:00:00,9,1043.0686075994531,34.37093114768629,0.0,5.215343037997266
2024-03-30 10:00:00,10,837.853508010947,33.77663734437859,47.20368240436153,2.2117789953782894
2024-03-30 11:00:00,11,925.1650993913905,40.55002844710611,27.70365920703148,3.344302565768028
2024-03-30 12:00:00,12,991.7396191880762,31.499762462757523,23.939163581058498,3.77162724726238
2024-03-30 13:00:00,13,859.9897564814769,35.30575657004467,19.088924391769456,3.4791348104488278
2024-03-30 14:00:00,14,951.8574739345028,35.74122386550438,67.43429248631676,1.5498956045432195
2024-03-30 15:00:00,15,1056.7971457695282,31.786723373843394,37.091805572093655,3.324060015846298
2024-03-30 16:00:00,16,867.6963228481156,37.058167506157424,40.9950244329017,2.5599200164657048
2024-03-30 17:00:00,17,811.80941274873,33.802703981154025,33.25231247164535,2.7093200507364656
2024-03-30 18:00:00,18,606.2935999727413,27.520516065049705,35.40099226890393,1.9582982475976594
2024-03-30 19:00:00,19,559.4525163655625,36.977233856112605,57.97249221118828,1.1756197494511995
2024-03-30 20:00:00,20,469.9842895740849,31.646862367491817,24.9829067754461,1.7628427632527435
2024-03-30 21:00:00,21,357.2662246245912,31.85436018138161,0.861249089585403,1.7709463625880788
2024-03-30 22:00:00,22,361.35054870282255,37.0613912684761,47.361093084555534,0.9510548948506329
2024-03-30 23:00:00,23,175.14147707806197,33.95620057254356,39.93403224484784,0.5260021157380296
2024-03-31 00:00:00,0,0.0,37.7532238490164,32.159596257700855,0.0
2024-03-31 01:00:00,1,150.24657449461196,38.63040568345786,39.41506483095573,0.4551339487563523
2024-03-31 02:00:00,2,298.6767849822636,33.06512201639501,22.585115594116516,1.1561014392061426
2024-03-31 03:00:00,3,473.8953554467911,37.379694885226996,30.413851657085193,1.6488276251569371
2024-03-31 04:00:00,4,626.4432549254698,32.73352499318326,27.3659949228018,2.2750541279416567
2024-03-31 05:00:00,5,527.5538936624911,41.69925514875843,18.17023485858166,2.158480560892121
2024-03-31 06:00:00,6,642.2381802897205,32.921036383768254,53.78345566210005,1.4841014667426022
2024-03-31 07:00:00,7,692.747111578066,38.07816972024192,1.7548274516439903,3.4029529754681165
2024-03-31 08:00:00,8,847.30381505588,37.53127747500663,77.21764343625934,0.9651788816210414
2024-03-31 09:00:00,9,961.1882024669933,35.9481708636887,47.54724418412951,2.5208485038548343
2024-03-31 10:00:00,10,1044.9125876161966,32.98827791311185,0.0,5.224562938080983
2024-03-31 11:00:00,11,985.3687794824084,34.54571492153767,25.51667341018141,3.6696772306799583
2024-03-31 12:00:00,12,974.4121981396124,28.539143058528246,26.629081681928845,3.574675889891684
2024-03-31 13:00:00,13,1003.5855007537094,35.673167512508655,37.83773257884224,3.11925751389243
2024-03-31 14:00:00,14,899.1143941586666,36.04875339044706,10.212434585205596,4.036464624045227
2024-03-31 15:00:00,15,1091.0426302468686,35.40040565454601,30.640506867364348,3.783708191001021
2024-03-31 16:00:00,16,737.412521614994,26.07998888348423,27.577612037547063,2.6702587864385903
2024-03-31 17:00:00,17,808.1325866028933,31.20299806209247,15.247632748531224,3.4245574883823906
2024-03-31 18:00:00,18,868.9952787249188,32.75563444881591,12.46495537057536,3.803377025297254
2024-03-31 19:00:00,19,609.3054165735206,35.87488419692904,48.376092934047136,1.5727363099986558
2024-03-31 20:00:00,20,484.7968771998803,35.86792411429086,0.0,2.4239843859994017
2024-03-31 21:00:00,21,354.08779854025573,34.48923602144836,39.557578721921026,1.0700961944398848
2024-03-31 22:00:00,22,244.38771056152842,36.90564400717377,45.95020613756248,0.6604552689181827
2024-03-31 23:00:00,23,240.35407019417443,31.921180271453203,25.62883323323167,0.8937706318741244
2024-04-01 00:00:00,0,0.0,36.82987160362937,31.04745679449992,0.0
2024-04-01 01:00:00,1,253.20088832375762,36.423392901067054,53.269899993947625,0.5916051416495248
2024-04-01 02:00:00,2,144.90247290650922,36.13183078506111,15.902969785518861,0.609293382108587
2024-04-01 03:00:00,3,361.35124602633664,34.453045293290415,17.96695142221752,1.482137215946035
2024-04-01 04:00:00,4,465.66044637610696,40.49139806104117,20.090326378013835,1.8605387144291552
2024-04-01 05:00:00,5,655.8456905903781,36.47875365201702,53.30651198446563,1.531186144681084
2024-04-01 06:00:00,6,579.2568330358478,32.0941589967867,55.84587493769415,1.278828932453002
2024-04-01 07:00:00,7,830.3271535777908,35.744083013755336,2.08219531072762,4.065190602611479
2024-04-01 08:00:00,8,1027.9701736473867,37.25661671777004,50.12481494623273,2.563510132020834
2024-04-01 09:00:00,9,814.8256121438617,33.23484078977445,46.37816612694568,2.1846221804943977
2024-04-01 10:00:00,10,981.1023196979,38.26698332734068,61.07189620899655,1.9096226465397053
2024-04-01 11:00:00,11,938.4862871500815,36.14526770369542,37.70216064252759,2.9232833978033255
2024-04-01 12:00:00,12,1034.070976495443,27.97173157355134,29.114797594428467,3.6650165235303236
2024-04-01 13:00:00,13,992.9766835670704,35.898182518561164,52.90433373143318,2.3382449250871513
2024-04-01 14:00:00,14,914.6068735655238,33.78107912330923,43.97807583003531,2.561901845810813
2024-04-01 15:00:00,15,962.9093153009727,36.610706030172594,74.89796828297453,1.2085490086652144
2024-04-01 16:00:00,16,1010.3732525673781,37.831811107302826,49.17415689923656,2.5676536204098794
2024-04-01 17:00:00,17,778.0810369530515,35.58465272797284,33.070959528478305,2.6038108606177173
2024-04-01 18:00:00,18,764.6874165584022,39.99492328838147,6.517912392476575,3.5742288033541656
2024-04-01 19:00:00,19,505.2995923790276,34.46304593285689,18.381656456117632,2.06208578616876
2024-04-01 20:00:00,20,423.4850898545592,36.873620055709004,1.2809004394396766,2.090303337388253
2024-04-01 21:00:00,21,420.47593459552013,37.413994307459426,25.698759278782735,1.5620941816930274
2024-04-01 22:00:00,22,377.54832738539824,34.707128679869186,48.52135186465691,0.9717838749780117
2024-04-01 23:00:00,23,158.97526012290479,37.33548951048073,29.92657823038969,0.5569970226762908
2024-04-02 00:00:00,0,0.0,33.211443845387066,50.434505375201454,0.0
2024-04-02 01:00:00,1,130.4695046539199,33.72775754980992,36.75147466878027,0.4126001885027572
2024-04-02 02:00:00,2,158.7864263849434,31.057996735864638,21.938154204919805,0.6197580765406654
2024-04-02 03:00:00,3,431.0446584735191,35.71969015598372,31.752503103399278,1.4708859495733908
2024-04-02 04:00:00,4,570.5866449858727,35.97121783443661,39.44193382110193,1.727681190392495
2024-04-02 05:00:00,5,572.5942023820742,38.533252282611265,32.78446796927232,1.9243611975410635
2024-04-02 06:00:00,6,669.5034093657874,37.36888281994123,33.013684577038276,2.242378327826245
2024-04-02 07:00:00,7,814.6235986633992,34.141076136931275,14.61899784826587,3.4776689615166543
2024-04-02 08:00:00,8,831.0878249011909,31.460923744870744,21.34047469515568,3.268648689668163
2024-04-02 09:00:00,9,918.5889233412208,36.2940140144335,75.16921592309288,1.140464160546222
2024-04-02 10:00:00,10,1133.9035694223896,38.3277223241175,54.569329808470854,2.5756999545713124
2024-04-02 11:00:00,11,971.6828053141305,37.26101772828541,0.5231820638056845,4.832995675798216
2024-04-02 12:00:00,12,971.3327878383022,38.248895381445436,0.0,4.856663939191511
2024-04-02 13:00:00,13,939.6415169229975,34.359794213278846,31.523848428974446,3.2171517467623776
2024-04-02 14:00:00,14,1025.4611840090633,33.59560590234664,47.869457888519804,2.6728923718336404
2024-04-02 15:00:00,15,909.3815986538385,32.78475875017818,19.601163251555853,3.6556611346104555
2024-04-02 16:00:00,16,814.0755607187247,34.82777340703279,50.43317456395876,2.017557060494621
2024-04-02 17:00:00,17,899.0576628730763,34.75969041896712,31.19309130014168,3.093068926260788
2024-04-02 18:00:00,18,820.6750215476386,35.615495692490924,26.738774405460504,3.0061828946702556
2024-04-02 19:00:00,19,560.7275437496243,34.60757043576705,45.12230352350363,1.538571797595161
2024-04-02 20:00:00,20,350.6768038911506,34.59457961769326,19.36248414195462,1.4138853167410663
2024-04-02 21:00:00,21,463.2845275520437,32.66538064795714,24.265873563926938,1.7543224492751428
2024-04-02 22:00:00,22,204.04865904172073,37.82031984752805,43.40334524260926,0.5774235754746401
2024-04-02 23:00:00,23,193.7762401530735,35.22501699360471,29.372081258679515,0.684300627176494
2024-04-03 00:00:00,0,0.0,34.465465352994485,68.1755254675547,0.0
2024-04-03 01:00:00,1,201.9339792839963,32.746509396102724,43.87650825712036,0.5666620009476098
2024-04-03 02:00:00,2,161.92529076005832,30.993057824677077,42.57627656665523,0.4649176556734763
2024-04-03 03:00:00,3,441.14456189041175,38.91268973349837,29.009907078698635,1.5658446720163557
2024-04-03 04:00:00,4,501.14184542691464,36.652713280245756,47.49509353419212,1.315620286012125
2024-04-03 05:00:00,5,532.446275456989,30.117043628140433,23.547844543967074,2.0353332711611727
2024-04-03 06:00:00,6,674.5438761524051,37.27822405797931,35.6475550239903,2.170427383700097
2024-04-03 07:00:00,7,848.2588168477714,37.756240666549665,11.674139059908796,3.7461595149051274
2024-04-03 08:00:00,8,874.4969600336573,35.361925522753126,50.78882784461183,2.151751022478996
2024-04-03 09:00:00,9,970.6325709490853,39.78312984310561,35.81209394523584,3.115143613888705
2024-04-03 10:00:00,10,1124.0410730503072,35.63895608221898,69.65026127395754,1.7057176442208617
2024-04-03 11:00:00,11,866.3055324369261,30.738326572002766,77.84596767339517,0.9596080385162136
2024-04-03 12:00:00,12,1129.37700599749,36.084304158995295,45.26638902866296,3.090744084312
2024-04-03 13:00:00,13,999.7933363756673,35.72348906098852,31.368506224158068,3.430865507129743
2024-04-03 14:00:00,14,894.0231024232182,33.17890660951587,11.078709757488625,3.9748843887042735
2024-04-03 15:00:00,15,817.4544424521677,36.70947366648261,48.09499606517649,2.1214988026009363
2024-04-03 16:00:00,16,850.895772522276,29.98580135727775,34.20569127790456,2.7992049573828264
2024-04-03 17:00:00,17,867.0853492451921,37.9604976381787,40.76069678308924,2.5682765959438445
2024-04-03 18:00:00,18,696.9028515563449,32.354432045033974,64.59574774912487,1.2336662175427513
2024-04-03 19:00:00,19,729.6538234285085,32.03395878049924,13.511534226733065,3.1553319866964955
2024-04-03 20:00:00,20,383.90594479587514,34.647322838927906,11.51391663037327,1.6985166718651563
2024-04-03 21:00:00,21,381.71631653740553,36.28771593998124,25.271481232586396,1.4262547462096749
2024-04-03 22:00:00,22,158.6275695494715,35.480569346630624,46.42402299503647,0.42493135092678685
2024-04-03 23:00:00,23,159.61674283004942,32.7608196585332,41.09734480428976,0.4700924983190378
2024-04-04 00:00:00,0,70.95099120778403,33.460903735078254,12.08622976608455,0.311878456945484
2024-04-04 01:00:00,1,96.86524872556731,31.580044566521536,45.13105801404965,0.2657446856388902
2024-04-04 02:00:00,2,50.481936572350094,34.30513190376431,5.975743622134743,0.2373263273364889
2024-04-04 03:00:00,3,398.59928410880934,38.20423525218665,13.245166513022848,1.7290207260444024
2024-04-04 04:00:00,4,534.9390841386806,34.96638279572229,27.690853656216213,1.934049425999676
2024-04-04 05:00:00,5,641.1050094056565,37.55741437293228,18.9313750804956,2.598675077076125
2024-04-04 06:00:00,6,805.9693565323199,39.345375621832495,47.797189773018694,2.103693268390946
2024-04-04 07:00:00,7,707.6690459193114,33.21511605154302,35.72756966002189,2.274180472880386
2024-04-04 08:00:00,8,920.4426922204744,34.41945184948783,65.31122355254521,1.5964515391564733
2024-04-04 09:00:00,9,1019.2801335095246,41.49275019184141,25.056292692911715,3.8194315994833836
2024-04-04 10:00:00,10,823.638819568547,39.31220184459376,27.555956979185133,2.9833863039218493
2024-04-04 11:00:00,11,1017.0170074473284,29.961958031216863,54.20765218123526,2.328579827131365
2024-04-04 12:00:00,12,959.6656135193863,36.14061655683664,28.18158393752409,3.4460832156293244
2024-04-04 13:00:00,13,984.9230475256786,34.98085158567301,59.880104954150916,1.9757504647484028
2024-04-04 14:00:00,14,993.7399449721354,37.45853094123021,40.81656420768983,2.940647211375611
2024-04-04 15:00:00,15,884.9012473822027,32.74423530619875,0.0,4.4245062369110135
2024-04-04 16:00:00,16,811.9687574515098,32.460346492531905,53.551408282989286,1.885740265091684
2024-04-04 17:00:00,17,796.0855336902773,32.95095946277309,48.25453626239617,2.059690755780062
2024-04-04 18:00:00,18,620.1271060775234,33.26338597005862,49.0266521222109,1.5804977353268115
2024-04-04 19:00:00,19,521.8954186979058,37.42514410908096,0.0,2.609477093489529
2024-04-04 20:00:00,20,554.3498626365201,31.43556808920728,16.740200774579048,2.307752913187817
2024-04-04 21:00:00,21,290.77990955239744,33.111329908775964,18.225903328864604,1.188913221688088
2024-04-04 22:00:00,22,312.124045175258,29.6121344371496,13.177572648792154,1.3549683618396977
2024-04-04 23:00:00,23,167.5334956483681,38.00052507889104,64.83845063787876,0.29453686385244093
2024-04-05 00:00:00,0,0.0,38.779679315835125,29.76464324352732,0.0
2024-04-05 01:00:00,1,76.32102003319916,33.98536872495034,29.268781147416586,0.2699139385510307
2024-04-05 02:00:00,2,354.3477973463106,34.07274092310203,41.040166206315575,1.0446143618348323
2024-04-05 03:00:00,3,304.1901898739153,36.326254724390395,41.38603335778764,0.891489682107896
2024-04-05 04:00:00,4,462.8476590152489,39.39003503967647,0.0,2.3142382950762443
2024-04-05 05:00:00,5,645.7263004688723,36.19242126023345,17.072849257012734,2.677412112884683
2024-04-05 06:00:00,6,769.7780219291552,32.873963190116356,1.744228444174464,3.7817566735683164
2024-04-05 07:00:00,7,773.2302294076757,30.110121301582378,38.006121863096396,2.3967770306834733
2024-04-05 08:00:00,8,818.2245882091072,31.621210229551238,24.22215171331905,3.100164935487086
2024-04-05 09:00:00,9,1037.6691214471673,35.186247368479094,30.307751290025372,3.6158747245278433
2024-04-05 10:00:00,10,1105.0377993928746,33.00060644793932,0.0,5.525188996964373
2024-04-05 11:00:00,11,1069.7535054363539,35.551492135513975,23.802955506190038,4.0756027725571515
2024-04-05 12:00:00,12,1006.8254514052019,33.307816968832995,52.3026050366563,2.401147560741036
2024-04-05 13:00:00,13,926.7836036425361,31.792149723658465,58.188989662043355,1.9374879416473396
2024-04-05 14:00:00,14,899.4902737645433,31.435494123182487,44.377268390813995,2.5016053041339217
2024-04-05 15:00:00,15,965.6806609325474,39.65365254566139,3.2906941310376254,4.669515320493374
2024-04-05 16:00:00,16,899.4972614555334,37.63355226509263,55.188036059842474,2.0154119422307906
2024-04-05 17:00:00,17,905.4812277269497,40.158142873025575,44.48004510000032,2.5136138463098296
2024-04-05 18:00:00,18,759.1427885894389,36.586441719807006,27.656219318709226,2.7459629701748924
2024-04-05 19:00:00,19,488.51500486793526,33.67661479169718,0.0,2.442575024339676
2024-04-05 20:00:00,20,584.1558094178333,38.936611785011515,49.07189901325034,1.4874973027013954
2024-04-05 21:00:00,21,302.8385821799369,34.8673850134564,18.156673400332416,1.2392658494166424
2024-04-05 22:00:00,22,228.10134334633292,35.629114328412754,36.92331642109562,0.7193938129089833
2024-04-05 23:00:00,23,150.54220872018755,34.838115880315144,31.36787721273325,0.5166015676775125
2024-04-06 00:00:00,0,159.65339918271715,26.110340453154926,60.76789968876557,0.3131769085882956
2024-04-06 01:00:00,1,379.31967670048044,39.76525814789153,27.49266028004983,1.3751730330491703
2024-04-06 02:00:00,2,307.35688983341544,36.42406494888023,29.697728198281045,1.0803943804599878
2024-04-06 03:00:00,3,368.02770286745874,35.9405222936125,61.5723078095726,0.707122764167039
2024-04-06 04:00:00,4,542.7604518784439,34.76572492419529,16.83555512499623,2.2569185840288495
2024-04-06 05:00:00,5,679.7738630786275,35.44133657216536,46.28645702815554,1.8256531302805288
2024-04-06 06:00:00,6,681.4533711419722,33.15921630346823,26.02768554243072,2.5204341529142313
2024-04-06 07:00:00,7,936.9702487642211,36.800791167928786,9.949160759901417,4.218747862211103
2024-04-06 08:00:00,8,884.4310645197506,31.029758077809575,30.023219734417452,3.0944819130976926
2024-04-06 09:00:00,9,963.6989796385981,35.50925840841861,43.834102272159754,2.706350916540275
2024-04-06 10:00:00,10,1019.1997664534252,36.635773522720285,57.07419679953023,2.187498429837224
2024-04-06 11:00:00,11,1025.1717902229666,34.35504570953826,59.493879706913646,2.076286592792509
2024-04-06 12:00:00,12,1067.115240037569,36.063656488420044,24.104718515489346,4.049450575953123
2024-04-06 13:00:00,13,942.0646064500563,31.97704993430422,10.255015359355728,4.227278681817745
2024-04-06 14:00:00,14,921.2616859733861,32.05357279831908,23.625222008450415,3.518057836916902
2024-04-06 15:00:00,15,835.8671938735512,35.66120447408615,6.369384933396887,3.913137973818809
2024-04-06 16:00:00,16,901.1855022340568,36.986702074870124,25.652276011669898,3.3500545491191143
2024-04-06 17:00:00,17,855.6682605722044,29.32645614450184,23.16669432760483,3.2871910509355433
2024-04-06 18:00:00,18,743.7286104786986,36.51711501633927,44.54980408313531,2.0619948580010687
2024-04-06 19:00:00,19,742.7208236765237,33.32144860987796,0.0,3.7136041183826185
2024-04-06 20:00:00,20,499.5523184936762,34.37263484908473,15.327841078267205,2.1149086650608315
2024-04-06 21:00:00,21,436.1827648124909,30.932499340311857,15.489633911161691,1.8430982567972634
2024-04-06 22:00:00,22,171.4829750113759,32.39620139044685,53.74254504816051,0.39661829957980693
2024-04-06 23:00:00,23,99.55821602209991,37.849429087597905,7.7231124519796595,0.4593461152176415
2024-04-07 00:00:00,0,55.6430206052622,35.03115861461478,34.533147192979875,0.18213867198513445
2024-04-07 01:00:00,1,198.4543610795031,33.78423328754547,27.437431711604376,0.7200179063980683
2024-04-07 02:00:00,2,235.30168928938625,34.58310343478104,50.86085053672764,0.5781262439475812
2024-04-07 03:00:00,3,376.95549221644444,36.40020396666705,41.91663729021094,1.0947421289927404
2024-04-07 04:00:00,4,378.57010026553513,36.25405198116415,32.42487463640759,1.2790960992175642
2024-04-07 05:00:00,5,580.1990929441919,34.70748749148374,18.906662508238632,2.3525140428268587
2024-04-07 06:00:00,6,778.3374342681304,38.21144582536415,0.0,3.891687171340652
2024-04-07 07:00:00,7,839.3697415797607,37.843956403394145,34.94171311374811,2.730397872566759
2024-04-07 08:00:00,8,906.0786614949352,36.17268458006533,40.60979597059745,2.6906098286436086
2024-04-07 09:00:00,9,927.8614274857634,35.09640384140435,0.0,4.639307137428817
2024-04-07 10:00:00,10,966.4908789793225,36.90453177803276,5.326116713429016,4.575072233701189
2024-04-07 11:00:00,11,938.6191702159344,35.87537075807769,35.046599467433516,3.0483253455290393
2024-04-07 12:00:00,12,1055.9062736162027,38.114968708091986,36.7828337241574,3.337570123545042
2024-04-07 13:00:00,13,1025.1226969249615,37.631252622889065,10.187053798158814,4.603464481460396
2024-04-07 14:00:00,14,1005.2873341284924,31.87780678842096,18.518705728639237,4.0956056549697735
2024-04-07 15:00:00,15,881.7967450978804,31.674678980449023,0.0,4.408983725489402
2024-04-07 16:00:00,16,693.7579701947392,32.828819859461916,57.54527807626467,1.4726650853496357
2024-04-07 17:00:00,17,881.1255572315309,37.860984562874904,4.002511852630953,4.229292011833892
2024-04-07 18:00:00,18,668.7997847058754,30.203641502360405,40.84518782497101,1.978136282348794
2024-04-07 19:00:00,19,539.7393678852711,36.116840659998125,29.300786076932393,1.9079574516411033
2024-04-07 20:00:00,20,555.4783129531194,36.02019776595303,55.79187239249518,1.22783280711165
2024-04-07 21:00:00,21,351.32242117155954,38.42051266873272,14.15491814450487,1.5079651001571632
2024-04-07 22:00:00,22,343.6139558262508,35.473584564665806,31.225054206807744,1.1816015592867377
2024-04-07 23:00:00,23,179.8866681861878,30.90294032092244,0.0,0.899433340930939
2024-04-08 00:00:00,0,54.6855458560382,32.033075757990176,0.0,0.273427729280191
2024-04-08 01:00:00,1,21.249735324008824,31.36515407424107,41.92667167730948,0.061702142812071946
2024-04-08 02:00:00,2,355.7745639334329,33.29730874093512,0.0,1.7788728196671644
2024-04-08 03:00:00,3,403.5834748637983,34.36243593766277,25.435649311309383,1.5046469875952306
2024-04-08 04:00:00,4,470.4578288603036,31.414816061271374,50.225908959458394,1.1708305402214148
2024-04-08 05:00:00,5,620.2325063961007,39.32312661189141,44.93369712189359,1.7076955526027378
2024-04-08 06:00:00,6,565.007962554682,30.93529652407722,16.708290241028124,2.353023961430631
2024-04-08 07:00:00,7,826.045565209689,38.949450911521986,0.0,4.130227826048445
2024-04-08 08:00:00,8,783.6756831298727,38.466629734252564,40.18989723311057,2.343586157195498
2024-04-08 09:00:00,9,815.6659096438038,37.60604828900165,56.84513565720361,1.7599975839860982
2024-04-08 10:00:00,10,844.1370913916371,32.82984081744429,16.75523842668753,3.5134995454043154
2024-04-08 11:00:00,11,1080.4599313730043,35.93849327746525,13.933742831857671,4.649557115671121
2024-04-08 12:00:00,12,949.6589285045769,31.07902723928269,19.501960742620028,3.8222840853941413
2024-04-08 13:00:00,13,1114.1430781671302,37.64386174503579,41.432174216142315,3.2626468850191706
2024-04-08 14:00:00,14,923.0617092448847,34.68918629532574,54.57035212829825,2.096718420742313
2024-04-08 15:00:00,15,787.290895903851,33.68317999617449,5.207863772389555,3.731449292763766
2024-04-08 16:00:00,16,776.7034485885459,31.239906099965737,0.03436381350693907,3.8821827183198545
2024-04-08 17:00:00,17,892.2182698917904,27.478622284047493,76.79992643864895,1.0349764747135448
2024-04-08 18:00:00,18,694.6349269516143,31.795518068827278,26.45354424219923,2.5543968461435034
2024-04-08 19:00:00,19,564.8984452894726,38.24953522677326,35.05785591380619,1.8342858114027902
2024-04-08 20:00:00,20,512.8014580682229,33.70264035451013,16.16138318764722,2.149628247189877
2024-04-08 21:00:00,21,422.8260512584935,34.4031540685894,39.79924618905432,1.2727223508333432
2024-04-08 22:00:00,22,348.2109503747179,36.8778037147999,49.201217494030445,0.8844346167141127
2024-04-08 23:00:00,23,246.4061306114861,40.32814727428334,35.99592343145859,0.7885498425307786
2024-04-09 00:00:00,0,0.0,38.861789867160326,64.8171615402887,0.0
2024-04-09 01:00:00,1,24.44237733348851,31.96977089087484,23.46510820117816,0.09353473522622592
2024-04-09 02:00:00,2,225.74183221265872,29.059064188011188,24.742350539292474,0.8494399838639062
2024-04-09 03:00:00,3,403.5058728917207,41.96561867962372,34.62812702554831,1.3188967333561405
2024-04-09 04:00:00,4,422.899285903151,41.69375073730177,39.299232910121944,1.283515552804146
2024-04-09 05:00:00,5,532.1893558171172,35.45213669161126,34.55894524125218,1.741351638802535
2024-04-09 06:00:00,6,734.6098117105383,31.075311165577943,4.311699460898183,3.5146782220965496
2024-04-09 07:00:00,7,789.4611521655993,37.77645550400523,36.250303323911226,2.516395449405626
2024-04-09 08:00:00,8,868.6491634173655,34.56282484428558,22.516528303931253,3.365297643373162
2024-04-09 09:00:00,9,863.199905735281,34.54783253300358,18.380459718507087,3.522698973857083
2024-04-09 10:00:00,10,947.493769152607,37.570152431638796,30.649641095064872,3.285451647546152
2024-04-09 11:00:00,11,917.5062098323459,35.889900142943304,10.769546253415715,4.093474770932449
2024-04-09 12:00:00,12,1071.2158728899828,31.32933116927857,7.292173522535371,4.965504763189516
2024-04-09 13:00:00,13,1074.2648081517104,33.912550097077485,0.0,5.3713240407585525
2024-04-09 14:00:00,14,818.230797310021,36.87023468830745,64.94474657019782,1.4341643981885943
2024-04-09 15:00:00,15,849.518663695894,36.417532569538466,41.114626382060045,2.5012111953572904
2024-04-09 16:00:00,16,746.3030633772323,35.672825625398836,27.664717573873897,2.6992021432437596
2024-04-09 17:00:00,17,741.3514255386834,37.687044765751,16.655535262267037,3.089376887203843
2024-04-09 18:00:00,18,700.4317436033188,33.80162493887161,0.0,3.5021587180165934
2024-04-09 19:00:00,19,492.7898114328383,35.422785227980626,15.429422475570313,2.083775947551497
2024-04-09 20:00:00,20,426.25121494997484,24.760038601790605,44.31732674328153,1.1867403563669359
2024-04-09 21:00:00,21,302.36684259857003,33.537825320794965,48.84348607187738,0.7734016797398104
2024-04-09 22:00:00,22,275.40043145443656,37.17848462805034,42.84583987206603,0.7870140179324485
2024-04-09 23:00:00,23,136.07373918295204,33.71559250097198,33.16783911504937,0.4547051014645931
2024-04-10 00:00:00,0,0.0,33.46079932448697,56.07748291862758,0.0
2024-04-10 01:00:00,1,144.6718619912034,31.73512264431385,23.429255558229194,0.5538816086221786
2024-04-10 02:00:00,2,215.08463833553958,37.86957917782574,51.70377832268723,0.5193887686218932
2024-04-10 03:00:00,3,360.9510235390055,36.504871320260015,22.308351125595742,1.4021440090824622
2024-04-10 04:00:00,4,633.8761672238828,37.33572529310756,12.377173822444753,2.777101060937661
2024-04-10 05:00:00,5,715.9983131519484,29.68083961376464,9.885740391549579,3.226082893529363
2024-04-10 06:00:00,6,603.1402822323397,34.378131369841405,8.710071576540944,2.7530316597147593
2024-04-10 07:00:00,7,859.7319337215692,34.01914847638829,43.181360576049705,2.4424399371690684
2024-04-10 08:00:00,8,930.9371281437659,34.01776637984265,15.14508857805843,3.9497293774017965
2024-04-10 09:00:00,9,832.0184694110771,33.01139886848444,9.339423099301122,3.771563721442237
2024-04-10 10:00:00,10,1031.4280377894572,33.82116868429826,44.274704393227196,2.873831615146556
2024-04-10 11:00:00,11,1114.4794148468145,37.40841584775826,36.55940780944466,3.535161703103275
2024-04-10 12:00:00,12,910.1964155004468,29.12092743959482,49.25183965691604,2.3095396818758474
2024-04-10 13:00:00,13,918.0446356926691,40.19136580372967,40.25199022545597,2.7425669933416654
2024-04-10 14:00:00,14,1047.3387436365488,36.31100487471769,14.937768396053766,4.454448538949909
2024-04-10 15:00:00,15,945.5991573773387,34.73248581265767,31.52204832937175,3.23763466993361
2024-04-10 16:00:00,16,910.1435058036005,37.57998393875709,32.50265981539354,3.0716132914017984
2024-04-10 17:00:00,17,820.6004776032751,30.503977264133002,11.616826830519955,3.626363705748415
2024-04-10 18:00:00,18,738.3624548607992,32.86537878418527,7.907500518120148,3.3998821995853845
2024-04-10 19:00:00,19,502.64365874383407,34.49625520246664,16.38556781764591,2.1014132057963324
2024-04-10 20:00:00,20,583.7854165297158,38.95616261093484,70.73164713344161,0.8543218784671246
2024-04-10 21:00:00,21,476.2506317593118,34.71999175625863,21.74511811556902,1.8634468467855287
2024-04-10 22:00:00,22,240.4677855770788,36.20964551319374,54.657335827734286,0.5451725022834942
2024-04-10 23:00:00,23,127.048036234943,33.090744511829925,20.62678981040404,0.5042105242125766
2024-04-11 00:00:00,0,0.0,36.28979172670229,47.77677639079984,0.0
2024-04-11 01:00:00,1,171.66657270147834,39.86098429872319,48.04983311115694,0.4459053550538755
2024-04-11 02:00:00,2,304.58364043965236,37.815845594822164,49.0518101590409,0.7758992567784918
2024-04-11 03:00:00,3,377.70815100514494,34.58489755646618,37.75654684017917,1.1754929802585636
2024-04-11 04:00:00,4,589.9482687896401,36.85573806159623,57.547331575623026,1.2522439121230906
2024-04-11 05:00:00,5,582.0352505303254,36.561816383621455,37.567079387054555,1.816908029514781
2024-04-11 06:00:00,6,752.2752552580356,36.349028534891644,64.2705945868056,1.343917378871433
2024-04-11 07:00:00,7,711.7801931958661,38.165125602381046,0.0,3.5589009659793303
2024-04-11 08:00:00,8,864.1412317144994,38.142698631312214,36.96572495333637,2.723525803952722
2024-04-11 09:00:00,9,909.9311918790597,34.44778972917516,35.66647185071333,2.9269541973332736
2024-04-11 10:00:00,10,983.9504600523437,36.754902704233125,11.269603083890175,4.365315743311666
2024-04-11 11:00:00,11,961.8827070671415,33.67998075632044,41.591684435274765,2.809097434531488
2024-04-11 12:00:00,12,989.4821923462666,32.060048330853085,0.1983464884676387,4.937597945818676
2024-04-11 13:00:00,13,1057.5286350891308,34.02078425268786,16.916313484793427,4.3931688799299815
2024-04-11 14:00:00,14,930.984687310011,34.60043106458107,0.0,4.654923436550055
2024-04-11 15:00:00,15,795.3533644521924,29.844522552265843,61.17253033925629,1.5440779313918966
2024-04-11 16:00:00,16,1005.9921161208724,37.41026319804998,25.369010121094092,3.753909371823798
2024-04-11 17:00:00,17,903.8696665864743,26.527289251992624,73.33768069632623,1.2049630829716862
2024-04-11 18:00:00,18,603.7257655780982,42.97371633825878,46.0589985303899,1.6282786204144837
2024-04-11 19:00:00,19,663.9380534283363,39.33490292118878,38.96196426702049,2.026273731482182
2024-04-11 20:00:00,20,459.76201835589245,34.04623934728288,18.275446114380014,1.878692292184377
2024-04-11 21:00:00,21,403.7624095915747,34.857544601491135,9.072999286251601,1.835645245255894
2024-04-11 22:00:00,22,282.35697542360055,35.73818114056167,40.45943147793891,0.8405847421445404
2024-04-11 23:00:00,23,111.77356819474623,33.06178435583299,28.569719814540356,0.39920086467396526
2024-04-12 00:00:00,0,0.0,35.37399435921571,3.214593690293981,0.0
2024-04-12 01:00:00,1,75.28290803475082,34.364136983349916,0.0,0.3764145401737541
2024-04-12 02:00:00,2,185.52369186402143,34.513318764762,10.825925417128325,0.8271951767585974
2024-04-12 03:00:00,3,316.1376557066542,35.34052010689681,66.4193445053246,0.5308054852589728
2024-04-12 04:00:00,4,494.62573679605146,30.855553521392913,74.26555836022608,0.6364458578554081
2024-04-12 05:00:00,5,551.5006298798604,34.914846088855846,34.099782946178195,1.817200560720112
2024-04-12 06:00:00,6,761.6709464435571,35.28648015630733,32.978855924825766,2.552402911973398
2024-04-12 07:00:00,7,912.3330327181095,35.18268578052264,23.27359256340958,3.500001799309493
2024-04-12 08:00:00,8,819.6211444748351,34.14864465014644,11.310293033809955,3.634597956338322
2024-04-12 09:00:00,9,943.0318925541168,38.209710244363016,57.50358115214488,2.003773914643263
2024-04-12 10:00:00,10,1005.9006351133031,33.735179251810244,67.47152787794272,1.6360205383421398
2024-04-12 11:00:00,11,1029.205043047352,35.47811463692447,12.13161828321429,4.521729079366279
2024-04-12 12:00:00,12,1006.076421433287,38.68802951823154,28.343232431507968,3.6046092143392636
2024-04-12 13:00:00,13,1050.859454842588,34.55800849639396,21.00267398579664,4.150754347465397
2024-04-12 14:00:00,14,1004.5057425035211,35.43952671885755,21.595218502700458,3.9379026626885607
2024-04-12 15:00:00,15,824.8665387251029,34.50698300751021,53.71816510859724,1.908816847635905
2024-04-12 16:00:00,16,935.5578889355805,38.508246297145696,3.760769092677563,4.501868585021923
2024-04-12 17:00:00,17,864.3366072725747,34.02296323169601,39.329393818726125,2.621991295394638
2024-04-12 18:00:00,18,646.0438928522611,38.646200648319514,44.56476214611731,1.79067984321567
2024-04-12 19:00:00,19,611.7964558445289,34.4853732325137,27.156976527963618,2.228255179659584
2024-04-12 20:00:00,20,554.6663194248854,32.21775774611085,47.86135653973545,1.4459774733955653
2024-04-12 21:00:00,21,365.938326798741,36.83425642817726,32.953036810749005,1.2267526763205645
2024-04-12 22:00:00,22,344.65728892380196,33.88213341518793,54.34259842312224,0.7868078123396005
2024-04-12 23:00:00,23,319.6359917896009,36.65763961375239,0.0,1.5981799589480046
2024-04-13 00:00:00,0,0.0,26.57189235155248,23.024494779862614,0.0
2024-04-13 01:00:00,1,20.042623967749577,34.77572129200852,28.563737142979306,0.07158850770522909
2024-04-13 02:00:00,2,283.1245327509109,33.38128961005124,0.0,1.4156226637545544
2024-04-13 03:00:00,3,440.40843277518127,31.57032944672985,8.280945328429304,2.019692256176381
2024-04-13 04:00:00,4,481.53069009241835,33.10038250080429,13.728014912824275,2.0771304257335275
2024-04-13 05:00:00,5,725.0222820744034,33.03899607344573,48.964119896467,1.850107513016957
2024-04-13 06:00:00,6,600.0183172086877,34.61614812177194,15.863133073707992,2.5241830654162514
2024-04-13 07:00:00,7,848.7868301337642,30.658126122468815,13.638420253880458,3.665128575902655
2024-04-13 08:00:00,8,817.556538123727,35.70892684710282,46.349715613123834,2.193107038634396
2024-04-13 09:00:00,9,1061.4297650078704,38.85874986194105,0.0,5.307148825039352
2024-04-13 10:00:00,10,1125.3270545425178,35.602890997167165,0.0,5.626635272712589
2024-04-13 11:00:00,11,930.1123343511424,37.18707133401071,22.768153998613073,3.591714628529897
2024-04-13 12:00:00,12,956.0354291273136,38.04379287016507,1.0458646384328958,4.7301829632159045
2024-04-13 13:00:00,13,1060.2118923321943,38.46957404287621,1.8064141068070185,5.2053003757353
2024-04-13 14:00:00,14,934.9553743059073,40.370521584787596,41.46867583375964,2.7362088047233826
2024-04-13 15:00:00,15,920.2466350767078,33.26249951149589,47.519476758251585,2.414751246014197
2024-04-13 16:00:00,16,868.0564774278315,32.60465355084033,45.7772843170425,2.353418978615946
2024-04-13 17:00:00,17,639.7794877954228,37.11050245129789,52.17553320614466,1.529855643473099
2024-04-13 18:00:00,18,705.9997614990086,36.88490416529588,54.822686400296035,1.594758631327846
2024-04-13 19:00:00,19,553.5832070835868,37.08713140517075,0.0,2.767916035417934
2024-04-13 20:00:00,20,460.5501742080181,40.42795286907444,39.00823919858933,1.4044883031171729
2024-04-13 21:00:00,21,498.17399264259507,34.79421523271917,19.407836008608825,2.007446005564906
2024-04-13 22:00:00,22,158.29849356018053,36.03857518526224,15.051515080191278,0.6723608596512717
2024-04-13 23:00:00,23,195.5826071598902,31.818940751873257,41.20829264417411,0.574931770201686
2024-04-14 00:00:00,0,0.0,41.12714533821849,0.0,0.0
2024-04-14 01:00:00,1,108.14537874038481,33.71154720266328,0.0,0.5407268937019241
2024-04-14 02:00:00,2,322.0487967866577,33.79653418180813,42.67145488163435,0.9231294488449638
2024-04-14 03:00:00,3,409.887535930601,33.68093229326589,39.755720350217956,1.2346689669781608
2024-04-14 04:00:00,4,545.6490397775624,32.7864943903576,32.734653117430206,1.8351635968389433
2024-04-14 05:00:00,5,686.2162018513495,32.532870819747664,12.401731905537265,3.0055675410269242
2024-04-14 06:00:00,6,680.6021105318817,33.15006911762204,44.876592691642486,1.8758553676888343
2024-04-14 07:00:00,7,744.3744015306153,30.623794182137782,43.60605784120952,2.09891034722009
2024-04-14 08:00:00,8,779.2133616598146,32.3652282055009,31.706090300949082,2.6607763478744637
2024-04-14 09:00:00,9,857.8466901129702,40.56807130063347,6.45357917460457,4.012424373849024
2024-04-14 10:00:00,10,1201.8533803137664,36.92814739721472,21.495033085409865,4.717572992886026
2024-04-14 11:00:00,11,1091.0192278327531,37.49889449647377,46.756673550488856,2.9044746455096426
2024-04-14 12:00:00,12,891.9140507033583,38.25280832854136,56.543824456035736,1.9379586778746687
2024-04-14 13:00:00,13,885.6482248343247,40.22358565937779,23.469267932473432,3.388965350043812
2024-04-14 14:00:00,14,1004.4751112265478,29.406914311959085,25.006540643834754,3.7664531714023837
2024-04-14 15:00:00,15,967.6607163015242,31.031532620430994,26.76621783949878,3.5432727051450197
2024-04-14 16:00:00,16,909.9361106098279,32.31001098360656,35.49786017821944,2.934641311772115
2024-04-14 17:00:00,17,772.9568768069395,33.31199257682182,18.37865399879952,3.1544890342933254
2024-04-14 18:00:00,18,697.0704403863157,33.819473794534865,0.0,3.485352201931579
2024-04-14 19:00:00,19,634.9917909414693,33.38024930787249,53.85538003294194,1.4650727437597841
2024-04-14 20:00:00,20,506.8714405034663,35.379108705686775,65.893778943251,0.8643734698582013
2024-04-14 21:00:00,21,205.1394025452871,34.827068138526265,17.75200280788575,0.8436152502268385
2024-04-14 22:00:00,22,240.43507465650555,32.55267758075587,8.666932621624518,1.097983643686368
2024-04-14 23:00:00,23,62.413677479226905,28.194535635327906,27.257989552195557,0.227004818963991
2024-04-15 00:00:00,0,14.016913512680965,31.700771714104544,26.249922325424542,0.05168742301590138
2024-04-15 01:00:00,1,369.34691242832434,33.03166187030291,49.91037154325919,0.9250224807589575
2024-04-15 02:00:00,2,288.21757834046514,33.93813951981748,31.09278883290076,0.99301347663882
2024-04-15 03:00:00,3,357.60105747129796,31.29037545230903,14.147543392576337,1.5350464634661711
2024-04-15 04:00:00,4,573.7441201581801,33.20695843075138,3.631810988839021,2.7645340907722877
2024-04-15 05:00:00,5,647.3764599854576,31.28641566478388,47.31268369639347,1.7054264157381438
2024-04-15 06:00:00,6,740.7143404226948,34.30191977559564,41.99022482328499,2.148433617904464
2024-04-15 07:00:00,7,841.901387748489,31.460103845152794,51.21119756183638,2.053768023963841
2024-04-15 08:00:00,8,1030.5488889708017,32.132663861129245,10.636264985578123,4.604684891669679
2024-04-15 09:00:00,9,833.4084576852133,30.753325437273222,66.76873799056659,1.3847607409107558
2024-04-15 10:00:00,10,1003.8163924339847,34.218875743531285,0.0,5.019081962169923
2024-04-15 11:00:00,11,917.3343709752871,32.08003452038344,44.19202042802959,2.5597288918027576
2024-04-15 12:00:00,12,1044.4410117073799,37.39973063026693,0.0,5.2222050585368995
2024-04-15 13:00:00,13,917.9499404549226,35.89692863031934,14.193372366030646,3.9383094363619944
2024-04-15 14:00:00,14,932.5364812006617,34.46982222568971,61.22045860895918,1.8081668535688313
2024-04-15 15:00:00,15,900.2723393722544,32.286921338209275,46.62728508951979,2.402498945555321
2024-04-15 16:00:00,16,944.0907413320155,35.82093874618955,19.07559169025636,3.8199992316500286
2024-04-15 17:00:00,17,866.8296958066285,36.751480498286554,19.623259143566237,3.4836472913255343
2024-04-15 18:00:00,18,607.4493910708369,35.10744306684553,32.01244221670884,2.064950028792677
2024-04-15 19:00:00,19,613.1561578887087,39.49048339664143,40.28281981521445,1.8307978381025416
2024-04-15 20:00:00,20,443.2336116200661,36.05828978446509,55.03158765365393,0.9965755906545671
2024-04-15 21:00:00,21,282.00303951106315,37.42019948294474,20.87531990783011,1.1156700143166207
2024-04-15 22:00:00,22,241.45768106857142,35.080074076848575,0.0,1.207288405342857
2024-04-15 23:00:00,23,105.84756914358641,36.706371190011566,33.1393725409752,0.35385174439763495
2024-04-16 00:00:00,0,194.1373189076418,32.24436178763396,20.851383249832104,0.7682850125563033
2024-04-16 01:00:00,1,165.16297824890728,33.25951039600311,3.987325905031053,0.7928869601583389
2024-04-16 02:00:00,2,148.60964504218185,35.68279614608863,35.953378306255885,0.47589728580291085
2024-04-16 03:00:00,3,337.50151203141445,35.66100393031363,25.737724918144217,1.253181506350958
2024-04-16 04:00:00,4,581.7106636343517,36.15754095447123,36.13024412939589,1.8576859036826574
2024-04-16 05:00:00,5,775.8368508383146,37.93588416247768,12.111115996256391,3.4093717494579177
2024-04-16 06:00:00,6,580.2281162075109,30.359791970195253,39.734210606509976,1.7483952725771659
2024-04-16 07:00:00,7,642.9593894801117,31.711347842810603,3.6580360649004326,3.097198515651328
2024-04-16 08:00:00,8,1015.702617814181,35.32342340886425,13.445372206068338,4.395688101711423
2024-04-16 09:00:00,9,955.0486667009588,32.46161459023111,25.141715378254446,3.574665245975949
2024-04-16 10:00:00,10,896.4624077389591,44.768010209509576,64.83636829919428,1.5761436969675142
2024-04-16 11:00:00,11,1034.2151882636051,36.1818643431519,45.696507370969876,2.8080748426351843
2024-04-16 12:00:00,12,789.1401808786497,34.39971293885102,51.54385008535579,1.911934745416265
2024-04-16 13:00:00,13,991.7149019015831,33.08829766638991,58.34154066686288,2.0656657455466583
2024-04-16 14:00:00,14,992.1515201165153,33.19421863606236,100.0,0.0
2024-04-16 15:00:00,15,997.8211436743131,34.72512746958702,30.83178135116868,3.4508755519045913
2024-04-16 16:00:00,16,784.9137276010357,34.97065128350526,58.40801846259711,1.632305863341818
2024-04-16 17:00:00,17,800.2083132035041,33.26460805156095,50.25270508803882,1.9904099473968857
2024-04-16 18:00:00,18,633.0728111017806,33.815248746081785,49.920650066150515,1.585193742038593
2024-04-16 19:00:00,19,629.1921294626661,38.66755921134528,65.48479236080362,1.0858348496676025
2024-04-16 20:00:00,20,428.372294210958,38.78822037359459,21.61373938031047,1.6789251148137239
2024-04-16 21:00:00,21,350.0353652322723,35.39080742544612,20.02629952127241,1.3996811728023881
2024-04-16 22:00:00,22,179.15381351930273,30.610926303931276,36.39531026963723,0.5697511361453261
2024-04-16 23:00:00,23,182.61709156594458,36.25021495555862,26.346004561562257,0.6725239214589425
2024-04-17 00:00:00,0,68.67608933253322,39.25002549470605,36.37001705996346,0.21849291963087572
2024-04-17 01:00:00,1,111.75654662345846,38.69652147576011,61.25497570106023,0.21650050572457466
2024-04-17 02:00:00,2,261.8780846993231,36.79045572830197,20.437065545874432,1.0417894443952094
2024-04-17 03:00:00,3,266.7961191944063,38.85444703573044,23.90642074812539,1.015073582000607
2024-04-17 04:00:00,4,476.02586815945693,34.747330987310036,33.48622007053154,1.5831139917746144
2024-04-17 05:00:00,5,604.745059645381,36.471487079374086,25.433631479496615,2.254682148923564
2024-04-17 06:00:00,6,916.7702284689456,32.54485147089743,0.0,4.583851142344727
2024-04-17 07:00:00,7,704.3959782293023,35.46397453834011,18.397447146021207,2.8740255021793364
2024-04-17 08:00:00,8,983.1595828846334,38.57578090178454,43.747464844750084,2.765260949971934
2024-04-17 09:00:00,9,1003.6282343885512,32.8189079354123,58.75093501865293,2.069936312870399
2024-04-17 10:00:00,10,988.3767386482792,32.00284788148011,6.907628649245467,4.600516719434664
2024-04-17 11:00:00,11,1132.134500109421,34.87964498694406,6.81435201538314,5.274934349921834
2024-04-17 12:00:00,12,1029.768437808549,33.90719155870097,30.60467605434671,3.573055716536679
2024-04-17 13:00:00,13,1022.5775970272446,36.53462133308423,0.0,5.112887985136223
2024-04-17 14:00:00,14,961.6761740476649,33.227399592031844,21.100595940257453,3.7937838515407
2024-04-17 15:00:00,15,1021.765043104777,39.742497016681114,0.0,5.1088252155238845
2024-04-17 16:00:00,16,953.7429424893094,30.718149875989802,57.3812259968493,2.0323677461525915
2024-04-17 17:00:00,17,743.2991572915383,38.34838252853218,14.61337691299191,3.173390249227166
2024-04-17 18:00:00,18,601.5670056186462,32.29263048494866,63.05668372678055,1.1111940074051616
2024-04-17 19:00:00,19,592.5229780170681,29.1992299661209,52.27042706916678,1.414043434623007
2024-04-17 20:00:00,20,435.99691484818817,35.300803638919575,17.073654046051665,1.80778154977775
2024-04-17 21:00:00,21,377.6014663958615,33.82335421183132,8.560807263078448,1.7263786631757694
2024-04-17 22:00:00,22,357.81409587725216,31.258350066163878,26.129085016648226,1.321602732819669
2024-04-17 23:00:00,23,93.9420598131088,29.543047494727176,27.907067514835937,0.3386279287811848
2024-04-18 00:00:00,0,0.0,34.51172760449009,36.922938879048026,0.0
2024-04-18 01:00:00,1,135.16801100472318,37.46432064117592,14.469134209396422,0.5780518504213903
2024-04-18 02:00:00,2,326.6935156789436,36.291670445563796,44.92789747044406,0.8995849395605937
2024-04-18 03:00:00,3,202.9322856463214,34.706929912822254,35.30656109999799,0.6564193711149025
2024-04-18 04:00:00,4,451.46397641877616,35.973352685957664,23.19209686568272,1.733800068470353
2024-04-18 05:00:00,5,625.6641243910784,34.45516756917089,15.759186891639539,2.635322728571741
2024-04-18 06:00:00,6,803.1130977006965,30.247637237213347,26.30230033802628,2.959379393447165
2024-04-18 07:00:00,7,754.001144490739,30.27412801063413,13.661974963448614,3.254948484531491
2024-04-18 08:00:00,8,715.9011873010886,33.927304379350424,31.168773897671752,2.463817824502324
2024-04-18 09:00:00,9,973.4564481885775,34.054850107206235,31.708773704398194,3.3239267296079458
2024-04-18 10:00:00,10,915.096835183018,37.089758001824755,35.23414566952679,2.96335141628702
2024-04-18 11:00:00,11,896.2715286465814,36.808722637628705,65.32484819343708,1.553917565786021
2024-04-18 12:00:00,12,950.0523688229421,36.35220901358131,27.351105606008552,3.4510127105689667
2024-04-18 13:00:00,13,976.6828327613423,33.69596182707292,50.09195734248965,2.4372164240155563
2024-04-18 14:00:00,14,917.5462531260115,30.394853455974044,34.591747939514036,3.000754830081031
2024-04-18 15:00:00,15,747.4342479433612,35.77302337750253,25.23511396203092,2.794091818418026
2024-04-18 16:00:00,16,937.7906995354093,36.112317906090965,27.61681460097532,3.394013903497629
2024-04-18 17:00:00,17,895.3433435935331,27.371215578871404,28.823471816638992,3.1863715364534895
2024-04-18 18:00:00,18,759.2285404937081,32.03379540655647,35.595354154564326,2.444892263312215
2024-04-18 19:00:00,19,517.7465753747354,32.46364683412277,10.813584695620602,2.3087980546895657
2024-04-18 20:00:00,20,483.88067728419844,34.89186056967477,0.6931923311006614,2.4026322676879324
2024-04-18 21:00:00,21,382.16172714673326,32.12672866800738,43.08594786948551,1.0875186230558316
2024-04-18 22:00:00,22,306.7225962674739,34.42240625983054,47.96247665162518,0.7980542132371407
2024-04-18 23:00:00,23,183.99343131749845,33.90520514524548,44.912716656056055,0.5067849142205764
2024-04-19 00:00:00,0,0.0,34.00616738550853,33.099440371129454,0.0
2024-04-19 01:00:00,1,137.0858367331364,32.33443291901948,45.34449254906578,0.37462479854927444
2024-04-19 02:00:00,2,295.4014774717401,32.566660637921686,44.268580520342844,0.8231571827944022
2024-04-19 03:00:00,3,499.1492181368311,31.24281462077964,45.752587179099095,1.3538776847749299
2024-04-19 04:00:00,4,556.3605231859777,35.623818121843215,12.809183573157728,2.4254764122125256
2024-04-19 05:00:00,5,671.8859639987621,36.196923685895825,8.06096405690738,3.088627389687081
2024-04-19 06:00:00,6,713.8129114208964,32.1717619497457,22.22861506495459,2.7757109352860003
2024-04-19 07:00:00,7,906.1900719075156,39.04553608817285,29.65231780914689,3.1874185591528117
2024-04-19 08:00:00,8,898.8064274611983,33.53981145779557,25.16157745735421,3.3632627601193534
2024-04-19 09:00:00,9,854.992499697401,39.0741726715114,0.0,4.274962498487005
2024-04-19 10:00:00,10,1078.1954238990836,32.55723427862691,64.43385224270284,1.917362887881823
2024-04-19 11:00:00,11,1047.2771231769325,28.40388247032341,24.51908022228529,3.952472025977695
2024-04-19 12:00:00,12,964.5564783097215,35.69020927485877,33.45408833153907,3.2093645102420236
2024-04-19 13:00:00,13,953.0854239818708,35.22925111547868,54.890979815261176,2.1496374814089285
2024-04-19 14:00:00,14,989.6518699003294,34.58679718604447,0.0,4.948259349501647
2024-04-19 15:00:00,15,960.9343161326935,32.55691836478975,19.76612256176576,3.8549743073391984
2024-04-19 16:00:00,16,881.8087850349352,34.37989912366426,22.25765452840391,3.427694160303717
2024-04-19 17:00:00,17,818.2580341666661,32.949837426513135,23.273799090987108,3.139091516244278
2024-04-19 18:00:00,18,843.1033711526582,33.576567101126464,26.530268185720946,3.0971289285150188
2024-04-19 19:00:00,19,694.4848811875115,37.00851256741694,58.94269596889689,1.4256838455960088
2024-04-19 20:00:00,20,515.2508473012018,35.036267488712,43.46917751454445,1.4563777092132404
2024-04-19 21:00:00,21,457.98827882648857,36.31346996211765,49.16070537257659,1.16419005215832
2024-04-19 22:00:00,22,176.2171328203179,33.78801028024435,30.942405436218476,0.6084565656748777
2024-04-19 23:00:00,23,162.3603562157967,33.457563762707395,2.0125390770899756,0.7954639530062566
2024-04-20 00:00:00,0,144.7445079786488,30.967163841238275,0.0,0.7237225398932441
2024-04-20 01:00:00,1,113.08252058866167,33.31750159619961,0.0,0.5654126029433083
2024-04-20 02:00:00,2,191.00833081299402,24.46426776713679,37.19531408332039,0.5998109112089661
2024-04-20 03:00:00,3,330.5163212776449,32.6569455349873,30.6353942539527,1.1463067159028872
2024-04-20 04:00:00,4,412.82935701260885,34.18198890233169,25.79672704887985,1.531664473032102
2024-04-20 05:00:00,5,545.9804763585043,36.11863239671467,22.628461865197266,2.112167462371489
2024-04-20 06:00:00,6,677.4661332993452,33.62157780132933,70.23443150885494,1.0082582295576434
2024-04-20 07:00:00,7,680.907978756944,35.470632060639204,13.541928180470514,2.943499546492926
2024-04-20 08:00:00,8,867.2748705004067,27.888245449733468,48.55638912232118,2.23078754810061
2024-04-20 09:00:00,9,996.0617064142184,34.25710087728336,30.03825872041988,3.484310570132432
2024-04-20 10:00:00,10,893.3053318773148,29.389103055163993,28.781209764280064,3.181006252371033
2024-04-20 11:00:00,11,1112.9875752651517,30.802700886926207,53.53275097233488,2.5858735412271487
2024-04-20 12:00:00,12,1040.8633670822076,33.86611479031262,59.250607653828894,2.1207274861994803
2024-04-20 13:00:00,13,1073.8913082237348,38.25640339752486,25.209010862303238,4.015869658421415
2024-04-20 14:00:00,14,913.2990619808975,35.54123172431438,45.98405438484284,2.4666356231167104
2024-04-20 15:00:00,15,992.241550676616,34.482304425315554,37.27782724300108,3.1117772979105602
2024-04-20 16:00:00,16,778.6706917528137,34.3690202655029,30.148742776198294,2.7195563391130695
2024-04-20 17:00:00,17,864.573140358156,32.2867247542908,34.085098853140515,2.8494126540468865
2024-04-20 18:00:00,18,720.8539283700302,32.79566119378615,16.239823703103248,3.0189426062292153
2024-04-20 19:00:00,19,653.0215266075033,35.70973957031659,23.878012133378306,2.4854648362529574
2024-04-20 20:00:00,20,405.95243155001174,30.27152987857072,18.387294404945873,1.6565438140843733
2024-04-20 21:00:00,21,311.07784498296155,36.206773584753265,48.02753432857839,0.808374130975839
2024-04-20 22:00:00,22,306.5973025627918,33.26209023254765,28.09597768917875,1.1022789641956297
2024-04-20 23:00:00,23,54.65835188211594,36.9042826585129,4.045719507699232,0.2622351413871714
2024-04-21 00:00:00,0,37.05650336792984,37.252093834650566,15.531255536738243,0.15650581568438324
2024-04-21 01:00:00,1,21.15516770323191,29.349561425437095,0.0,0.10577583851615954
2024-04-21 02:00:00,2,326.67298211585427,32.62407117327266,20.11014796235703,1.3048928102965593
2024-04-21 03:00:00,3,284.0815671836091,31.802230399132444,30.75290130194299,0.9835912160531045
2024-04-21 04:00:00,4,544.1839950143617,28.930629567734886,27.277283022660527,1.978726932651367
2024-04-21 05:00:00,5,658.8119037004006,31.27121363432608,69.60308703062785,1.0012924049983731
2024-04-21 06:00:00,6,651.3650357121816,41.69258099875033,41.498120818300734,1.9053039311208635
2024-04-21 07:00:00,7,839.9154656580134,36.19734315159163,40.60903706178301,2.4941694146065165
2024-04-21 08:00:00,8,886.860784851123,40.120677368771574,0.0,4.434303924255615
2024-04-21 09:00:00,9,880.7721840158675,36.85610878300932,22.707158917657345,3.4038692224443157
2024-04-21 10:00:00,10,885.2414515629717,32.14328397992889,20.266743853526087,3.52915917044734
2024-04-21 11:00:00,11,834.4348060400039,33.22349987293219,14.278376023839844,3.576455333799067
2024-04-21 12:00:00,12,1027.9720037839754,36.13412200367524,14.002386689733068,4.4201569437597295
2024-04-21 13:00:00,13,866.2606396648458,35.681332073373426,0.0,4.331303198324229
2024-04-21 14:00:00,14,973.5533622443731,32.63678741582931,4.482935906373431,4.649547945003072
2024-04-21 15:00:00,15,902.8036752247069,29.838833951216692,47.48186805529898,2.3706781267806085
2024-04-21 16:00:00,16,920.3568258194944,44.23209702512053,27.141706160136355,3.352781402654046
2024-04-21 17:00:00,17,769.1897003320462,33.9453644459259,19.871951634513323,3.08168347552202
2024-04-21 18:00:00,18,680.7509582787803,33.391596783406456,29.89177330694584,2.3863121252261297
2024-04-21 19:00:00,19,667.3110853517844,34.70881685467022,53.34781357402302,1.5565760578976242
2024-04-21 20:00:00,20,526.8046423267293,33.64062769502123,30.084210417515713,1.8415981261995753
2024-04-21 21:00:00,21,407.97590893971216,34.737000186070766,40.80748261862076,1.2074560540548953
2024-04-21 22:00:00,22,296.36045228720315,38.229655321303575,13.067903152234852,1.2881617770039313
2024-04-21 23:00:00,23,7.68042236348353,33.99516802389504,17.62740098506562,0.03163281758062817
2024-04-22 00:00:00,0,60.54309439895856,30.819107992396507,37.07953770127351,0.1904699744288956
2024-04-22 01:00:00,1,179.52369574113976,33.82230792694396,67.85307416674227,0.2885567466151373
2024-04-22 02:00:00,2,177.48439481640105,32.91403396615006,58.59549719029748,0.3674326561927015
2024-04-22 03:00:00,3,363.15699447115367,38.578936122120346,41.65656138912278,1.059391390651922
2024-04-22 04:00:00,4,496.8554169897894,37.8205965045925,33.02867520321436,1.6637532754132773
2024-04-22 05:00:00,5,598.0016862565819,34.62981431167219,58.02138711254342,1.2551640646705657
2024-04-22 06:00:00,6,733.8155785120304,30.471031745922023,45.89356646090248,1.9852071914357785
2024-04-22 07:00:00,7,907.8626828377301,30.629562520059956,0.0,4.53931341418865
2024-04-22 08:00:00,8,952.5667419982648,34.35260909513345,8.92138304289556,4.337923071026845
2024-04-22 09:00:00,9,818.9019970367741,35.31620821834363,36.76280650715863,2.5892532019144348
2024-04-22 10:00:00,10,1015.6914255135523,33.18337085240163,0.0,5.078457127567761
2024-04-22 11:00:00,11,1097.759526936643,32.86673055775809,12.048219904862759,4.827495225523675
2024-04-22 12:00:00,12,1030.9446816551363,32.52884161084385,16.003701126840518,4.329776880099954
2024-04-22 13:00:00,13,1078.7232953886876,34.237057429647955,24.876681875083328,4.051863664412142
2024-04-22 14:00:00,14,1126.9074619451296,27.158952254160596,24.251395835475844,4.268083363246509
2024-04-22 15:00:00,15,1005.7762961998453,31.003259424070663,24.217591456663463,3.8110075090910263
2024-04-22 16:00:00,16,885.970091435777,32.42608677403774,46.50615034480627,2.3696975435131846
2024-04-22 17:00:00,17,876.9604182180155,37.929748895235555,24.695522690989314,3.3019522957299534
2024-04-22 18:00:00,18,718.6978078342989,31.865798384593003,22.307397358575322,2.7918751601666587
2024-04-22 19:00:00,19,610.6736724715172,34.84864373587341,3.016557917129674,2.9612617372837553
2024-04-22 20:00:00,20,471.8868611429013,34.98686756317278,50.4869240397165,1.1682285000214112
2024-04-22 21:00:00,21,507.7565010716586,38.20098882736208,16.570049721050278,2.118104981911098
2024-04-22 22:00:00,22,193.34475182716093,38.09497153127224,8.259393439974495,0.8868782403910672
2024-04-22 23:00:00,23,253.11561019430127,34.13473040399504,34.26181149737942,0.8319680847954406
2024-04-23 00:00:00,0,39.98912989922971,32.81645299836261,14.661174752338743,0.17063126841381948
2024-04-23 01:00:00,1,18.581698235896255,32.25140791345386,19.480945204114118,0.07480903892283733
2024-04-23 02:00:00,2,288.23098854183456,33.51971755453359,35.16920348638138,0.934312228353741
2024-04-23 03:00:00,3,214.68131175295989,32.94080715896013,23.470347524408872,0.8214743090729029
2024-04-23 04:00:00,4,550.0406413464827,35.90378945000563,76.23218750601268,0.6536631413797865
2024-04-23 05:00:00,5,679.5799476478398,35.50383667438655,28.50342913361604,2.429381794318864
2024-04-23 06:00:00,6,659.7183047343833,36.018310795365984,42.35676437758444,1.9014148842112302
2024-04-23 07:00:00,7,803.2371559676819,38.02075835623944,0.0,4.01618577983841
2024-04-23 08:00:00,8,1022.3579984844614,39.83151458613146,12.787017361705399,4.458144518597346
2024-04-23 09:00:00,9,883.4197961703317,34.616897402153604,8.26172610166575,4.052170361414224
2024-04-23 10:00:00,10,881.2132193245403,37.54129853611789,10.912405533947425,3.925258296065465
2024-04-23 11:00:00,11,1109.977933570818,33.18792667042829,38.31075987674005,3.4236847637785037
2024-04-23 12:00:00,12,1157.0069752424636,37.79792817267998,50.711301355548194,2.8513684066127247
2024-04-23 13:00:00,13,991.740515121638,37.427434693458466,36.89261009269022,3.1293077687328728
2024-04-23 14:00:00,14,1046.842869121737,37.26815513175991,25.46710752867382,3.90121134993125
2024-04-23 15:00:00,15,1031.1976057537572,34.52511674550551,17.38289922575161,4.259727825636091
2024-04-23 16:00:00,16,806.626665181368,32.23783272995827,52.271995023730184,1.924934074488413
2024-04-23 17:00:00,17,754.5288734618059,30.059321908334503,71.42510908309724,1.0780290126412315
2024-04-23 18:00:00,18,805.5767422389265,34.122795599367635,32.701114095673816,2.7107208631558146
2024-04-23 19:00:00,19,743.5625713054014,38.84194484867848,48.78726128143145,1.9039937842585262
2024-04-23 20:00:00,20,545.0304688139482,33.313372517838715,36.8674069959095,1.720459338122982
2024-04-23 21:00:00,21,312.29828408492557,36.5982869783111,45.11009812931179,0.8571011083902936
2024-04-23 22:00:00,22,417.78393403847633,36.77476142348773,6.709064437797672,1.9487727034653441
2024-04-23 23:00:00,23,88.04852039509484,33.391848559149416,20.23727439715752,0.3511494986005114
2024-04-24 00:00:00,0,0.0,38.124870773152495,37.90938880091168,0.0
2024-04-24 01:00:00,1,157.91321897922128,25.449854027152426,54.249818881639584,0.3612279184641341
2024-04-24 02:00:00,2,383.15187875970275,30.507585424379414,13.637315567246507,1.6545012397570418
2024-04-24 03:00:00,3,451.00151048926773,31.42893937151856,0.0,2.2550075524463384
2024-04-24 04:00:00,4,533.1892400289528,31.71669119199177,20.034711471175015,2.1318315709690063
2024-04-24 05:00:00,5,645.8245114181691,35.18462511415163,50.202614286965,1.6080186149011473
2024-04-24 06:00:00,6,710.5879546780249,35.04594966975564,0.0,3.5529397733901242
2024-04-24 07:00:00,7,838.0045014527159,35.357807977118966,6.461602157368315,3.919279922540018
2024-04-24 08:00:00,8,663.6605975688942,35.9640807429914,33.11837172102224,2.2193350695003513
2024-04-24 09:00:00,9,900.1509357857027,31.325522553156993,27.68057494477072,3.254919906947432
2024-04-24 10:00:00,10,985.2315810824108,30.521308060171982,41.88932963106455,2.862623382267254
2024-04-24 11:00:00,11,899.3637346842497,35.36479530661753,5.425464791088416,4.25284535957569
2024-04-24 12:00:00,12,1030.9058654249247,32.28514003965462,23.500428116626644,3.943192867853263
2024-04-24 13:00:00,13,975.0871636949205,29.464411124490027,53.90370804806196,2.247395128813413
2024-04-24 14:00:00,14,1106.3638821543077,37.08986911421839,6.142076127264321,5.192050851339166
2024-04-24 15:00:00,15,1049.7211105284753,38.36114198010083,59.53824592620538,2.123677871013687
2024-04-24 16:00:00,16,828.7609582549857,38.84731892968992,8.651660282226224,3.7852968779752083
2024-04-24 17:00:00,17,781.2863233658996,34.7368594250181,46.98763154755222,2.070891922056567
2024-04-24 18:00:00,18,701.1909759378763,36.053632548512645,22.540829795737487,2.715683557543245
2024-04-24 19:00:00,19,572.6286709159509,38.28544093067967,7.101834847220466,2.659807642098333
2024-04-24 20:00:00,20,515.6019987222501,32.251588890523635,20.06201905694803,2.0608091374029365
2024-04-24 21:00:00,21,322.02086685408267,37.50786931275621,40.89858376357988,0.9515944644377982
2024-04-24 22:00:00,22,168.36981830751893,35.002024963023565,29.862920101970182,0.590448369952561
2024-04-24 23:00:00,23,180.34309013207348,36.916971217621715,52.369388228866875,0.42949258558436304
2024-04-25 00:00:00,0,50.362366737744864,34.664325363569965,58.71480121869763,0.10396101609323237
2024-04-25 01:00:00,1,66.18093144725218,37.99481643018617,6.339386693642993,0.3099273314267804
2024-04-25 02:00:00,2,330.44747956352876,34.77661758856677,4.874617101793103,1.5716971510614037
2024-04-25 03:00:00,3,332.1572140318633,29.654109122539907,3.904124527583164,1.5959469138435423
2024-04-25 04:00:00,4,520.2532190430384,38.461826197886325,12.016078079039616,2.288695930170549
2024-04-25 05:00:00,5,674.3889500177171,31.263454078025823,52.08429041639489,1.6156912537720658
2024-04-25 06:00:00,6,704.4177760102505,37.8652209316739,41.2072390133347,2.07073329698645
2024-04-25 07:00:00,7,829.7326132625261,33.83531765662119,19.099448541551368,3.3562912987999027
2024-04-25 08:00:00,8,824.7110322734327,37.63407925653528,29.777948187543313,2.8956450419304818
2024-04-25 09:00:00,9,908.1622058370388,37.510352145542456,58.086110103318774,1.9032305351890395
2024-04-25 10:00:00,10,949.4570718186411,35.396475223888274,68.16021701958239,1.5115253557964154
2024-04-25 11:00:00,11,931.7185936505912,35.63165225382355,35.187686668856045,3.0193418714067453
2024-04-25 12:00:00,12,985.8580669507375,35.373932152519856,0.0,4.929290334753687
2024-04-25 13:00:00,13,867.5553974647105,28.06457203209893,35.94574189519946,2.7785308674708693
2024-04-25 14:00:00,14,926.6335265177001,34.461036957636765,48.69496259082695,2.3770483871292276
2024-04-25 15:00:00,15,901.0894930417131,30.757853772726477,34.4926463171215,2.95139940603046
2024-04-25 16:00:00,16,845.5310235848083,34.61960773217915,44.530298374695676,2.3450676796593735
2024-04-25 17:00:00,17,774.033544621573,30.677218661792516,37.14130748920768,2.4327368287203055
2024-04-25 18:00:00,18,702.1656451977374,30.551190477263937,5.307091650362693,3.3245053543486645
2024-04-25 19:00:00,19,647.1167504556058,38.92084980620387,12.275231332730744,2.838408361721651
2024-04-25 20:00:00,20,569.9613659306017,37.31438846531473,23.576956257396873,2.1779091200054097
2024-04-25 21:00:00,21,330.7022142172285,34.093618546109695,51.308295564767036,0.8051227235371193
2024-04-25 22:00:00,22,162.5629766713895,34.66035225168923,14.682318633587588,0.6934748122812572
2024-04-25 23:00:00,23,47.16263924060377,33.36229822371313,39.11805266335294,0.14356766592518613
2024-04-26 00:00:00,0,0.0,35.74318715118541,36.07385187842394,0.0
2024-04-26 01:00:00,1,102.37248679473085,32.00539492360043,61.7239453015826,0.19592074520840652
2024-04-26 02:00:00,2,197.21935980672424,37.01477881185071,29.16640443741171,0.6984878184831044
2024-04-26 03:00:00,3,278.99409922509824,33.274297500204504,0.0,1.3949704961254912
2024-04-26 04:00:00,4,463.51033380206485,32.774017035753154,42.93740929793556,1.3224550231962247
2024-04-26 05:00:00,5,623.2755586178383,34.09869707870137,72.76110423268008,0.8488668987754696
2024-04-26 06:00:00,6,754.7091384533927,32.26011753347001,44.247666897329125,2.103839764134165
2024-04-26 07:00:00,7,748.7594960425696,35.01960507173629,14.24676816379186,3.2104273326850423
2024-04-26 08:00:00,8,832.9855780129637,32.421470255306645,8.361082416420707,3.8166948365920073
2024-04-26 09:00:00,9,849.7436678035017,35.43912883170335,10.940623329851896,3.783882069199263
2024-04-26 10:00:00,10,963.4106926590863,37.68157763998127,70.06623760764091,1.4419253380157588
2024-04-26 11:00:00,11,923.5705706385451,31.87559296282232,23.453451189571282,3.5348069882629445
2024-04-26 12:00:00,12,1045.850225059296,33.64183165136133,16.74713212343945,4.353501530276635
2024-04-26 13:00:00,13,848.5755420190814,35.41755016235311,26.831267117455333,3.104459858232736
2024-04-26 14:00:00,14,937.1554524928715,32.72598595830262,23.661859027885964,3.577035252259307
2024-04-26 15:00:00,15,947.9681196466262,35.42651970572683,61.35300719575007,1.831805854932075
2024-04-26 16:00:00,16,880.732165090239,35.69975460520206,9.710450179673941,3.9760455349139394
2024-04-26 17:00:00,17,1008.796033409675,37.283343352129755,53.612864633208936,2.339757907962824
2024-04-26 18:00:00,18,735.0907831519803,32.215587884992104,32.44184192902169,2.4830689662350363
2024-04-26 19:00:00,19,528.4370612613599,31.205232302555416,54.140530268553704,1.2116921707944885
2024-04-26 20:00:00,20,492.362860232874,33.11082585455561,61.65238087468103,0.9440471717831455
2024-04-26 21:00:00,21,240.58372568777378,31.130301004605542,31.6959526782619,0.8216421092108878
2024-04-26 22:00:00,22,252.37106515878017,35.727052635389335,23.698727808016685,0.9628116668030422
2024-04-26 23:00:00,23,63.88170765999131,30.548304122717607,31.323576637302065,0.21935836001948333
2024-04-27 00:00:00,0,73.23122204481294,40.95744216210715,28.104586559897367,0.2632494492817892
2024-04-27 01:00:00,1,86.56297025240877,37.84617649207034,0.0,0.4328148512620439
2024-04-27 02:00:00,2,249.47777183890108,33.99612021615003,61.049607475701464,0.4858628569606294
2024-04-27 03:00:00,3,331.83880505273754,36.560576386343016,34.915700347623805,1.079874811216941
2024-04-27 04:00:00,4,639.1081081482664,29.047987314416712,6.738016298978916,2.9802244982657022
2024-04-27 05:00:00,5,583.0620077192876,41.52851290154776,0.0,2.915310038596438
2024-04-27 06:00:00,6,853.7113446648837,32.187749070747614,0.0,4.268556723324418
2024-04-27 07:00:00,7,858.4854812606966,33.596900665651006,45.40960873375006,2.3432529159208153
2024-04-27 08:00:00,8,904.5907419712694,28.390593045783778,17.620448631858096,3.725988974768389
2024-04-27 09:00:00,9,953.3781842966881,35.417254821571774,20.90198663789733,3.770516018031831
2024-04-27 10:00:00,10,997.4296101463685,30.63936043611776,39.76308529077647,3.0041041177420436
2024-04-27 11:00:00,11,837.2310550261614,34.26336019204717,19.679036877964432,3.362360234768962
2024-04-27 12:00:00,12,977.6893284679395,32.32556960857547,40.930488321070264,2.887581560315096
2024-04-27 13:00:00,13,1059.057499068556,30.725161102558054,31.905281287534308,3.6058111249700358
2024-04-27 14:00:00,14,962.0140516111401,31.545308402061234,28.317408337015276,3.4479830217847427
2024-04-27 15:00:00,15,811.4643447670009,34.63575700960565,0.0,4.057321723835004
2024-04-27 16:00:00,16,861.8330477382411,30.113919988742612,13.605372871222809,3.7228872403301487
2024-04-27 17:00:00,17,929.6817815916746,31.711957894278356,42.05070731173732,2.6937200834200725
2024-04-27 18:00:00,18,806.8581184293253,35.94821305114252,16.359563702718972,3.3742982527716006
2024-04-27 19:00:00,19,603.8011082594381,41.76583253197202,54.107391115689815,1.3855004052631712
2024-04-27 20:00:00,20,576.1159421646469,35.391159366008104,76.92802647986797,0.6646065881074327
2024-04-27 21:00:00,21,353.36287073564574,31.206607980817225,43.12770601682645,1.00482785336079
2024-04-27 22:00:00,22,122.50931815638353,32.857050397132156,59.856637827303146,0.2458967964140925
2024-04-27 23:00:00,23,56.56891316968765,34.053159925806824,44.41454476592136,0.15722043953170767
2024-04-28 00:00:00,0,125.03110148065582,32.832298374387804,19.314759546556242,0.5044082243562822
2024-04-28 01:00:00,1,108.60674567370724,36.58974772650573,34.003033296148494,0.35838578890206624
2024-04-28 02:00:00,2,239.34832675251937,34.5329936753376,70.26641892194884,0.35583414396959584
2024-04-28 03:00:00,3,358.69637666309933,36.60413038102454,19.528925147450977,1.4432341487897193
2024-04-28 04:00:00,4,652.3309271658404,32.93724185540204,9.213454022438519,2.9611435855863437
2024-04-28 05:00:00,5,738.8381422376856,37.857073885458696,7.31611153769461,3.423919598342729
2024-04-28 06:00:00,6,884.6091998623983,33.38111647345029,25.64941232332902,3.28856069369795
2024-04-28 07:00:00,7,780.6297234592312,30.967003618880952,9.930558227138757,3.5155441711638002
2024-04-28 08:00:00,8,889.675362884206,40.41253436942159,63.48038854874475,1.624529928514286
2024-04-28 09:00:00,9,802.5481285576233,28.405639985411575,34.32713069182575,2.6352819180142304
2024-04-28 10:00:00,10,1084.0805803785304,31.664357050380147,49.434526195210054,2.740852409470603
2024-04-28 11:00:00,11,898.0224972723754,31.999489670803744,24.026692188406034,3.411286980350524
2024-04-28 12:00:00,12,1017.3420451010103,41.40549204546462,7.196056044877636,4.720667706837187
2024-04-28 13:00:00,13,903.6606591631827,39.30114987873446,3.812121091334454,4.346060102905655
2024-04-28 14:00:00,14,918.8164801499728,38.36235765722152,11.840165156437582,4.050135457078247
2024-04-28 15:00:00,15,856.8985380273108,32.88859723916593,36.95050988053422,2.7013507953368796
2024-04-28 16:00:00,16,817.3953829303733,41.15910723782025,40.39765863535895,2.4359339321648794
2024-04-28 17:00:00,17,750.223524039317,34.98562923781784,42.0639214611737,2.1732504505208454
2024-04-28 18:00:00,18,663.2452775925415,36.812363337204296,0.22654632436285738,3.308713598973227
2024-04-28 19:00:00,19,675.4281419511453,34.41965936961355,29.991816282034595,2.3642748724999896
2024-04-28 20:00:00,20,411.6109765549983,33.732173512325176,9.478763382152149,1.8629767301619216
2024-04-28 21:00:00,21,400.32674652619926,33.12523720451579,38.02931935169056,1.2404260481975908
2024-04-28 22:00:00,22,356.2557772869657,33.25165324603744,39.58154110994904,1.0762212517177843
2024-04-28 23:00:00,23,89.4704830589803,35.70604817232916,6.556539059471234,0.4180215794526034
2024-04-29 00:00:00,0,0.0,34.90172143606152,49.36059214392696,0.0
2024-04-29 01:00:00,1,112.0842222056315,33.7057079291243,76.77645883056489,0.1301496274418298
2024-04-29 02:00:00,2,353.19706177137766,38.32869401783192,46.69671475169325,0.941328186623178
2024-04-29 03:00:00,3,398.2120428413584,24.899862833513165,26.74331920897791,1.4585846254785106
2024-04-29 04:00:00,4,457.502856431392,35.32978378349894,23.669085935805157,1.7460805609194125
2024-04-29 05:00:00,5,647.4715611037637,35.953338159712295,25.81872036654983,2.4015134464472405
2024-04-29 06:00:00,6,618.9234091996336,37.24101064450087,14.785323064459789,2.637067918139497
2024-04-29 07:00:00,7,847.8621011266712,33.605507716575275,35.047964133040985,2.7535184801307384
2024-04-29 08:00:00,8,898.7139884005799,34.42388224188723,7.230748176913913,4.168651215343172
2024-04-29 09:00:00,9,899.2548548201759,36.75796718967952,0.0,4.496274274100879
2024-04-29 10:00:00,10,898.8389624132899,38.27362125257589,34.39203363627097,2.948549820621011
2024-04-29 11:00:00,11,920.5103875911336,32.89851408419905,30.424661315516424,3.2022410989619186
2024-04-29 12:00:00,12,1042.7853869076728,34.60104938911804,18.576599671256115,4.245356600757376
2024-04-29 13:00:00,13,1089.7633015729352,38.83584393278163,4.346067547792668,5.2120072618776
2024-04-29 14:00:00,14,914.9412065267649,27.428040812098804,35.794880538280694,2.9371954732750263
2024-04-29 15:00:00,15,960.5504687954055,31.7300842402916,10.196499228590984,4.313039738272274
2024-04-29 16:00:00,16,699.0632422962732,38.197629975544245,27.22111298269331,2.543852236451628
2024-04-29 17:00:00,17,746.5839218386593,37.07773554056027,65.29943708252888,1.295344117646737
2024-04-29 18:00:00,18,704.6220665568756,35.36745767251544,43.02379539150768,2.0073345517901613
2024-04-29 19:00:00,19,535.986755650174,32.454331420407996,2.6173467523660676,2.6097906185402597
2024-04-29 20:00:00,20,425.0794900168322,31.154666542779097,4.502968579753951,2.0296914707119798
2024-04-29 21:00:00,21,329.261067847579,32.026475182008234,33.036381854875174,1.1024256208700658
2024-04-29 22:00:00,22,282.1944633686309,38.44414670219143,2.493586358819581,1.375788503623633
2024-04-29 23:00:00,23,115.53987074754203,31.91479397226932,0.0,0.5776993537377102
2024-04-30 00:00:00,0,0.0,34.02133207981219,40.64744022593447,0.0
2024-04-30 01:00:00,1,0.0,31.45594025250798,36.41871508641735,0.0
2024-04-30 02:00:00,2,210.26983087394677,36.2453852773903,39.011966625582644,0.6411971731486679
2024-04-30 03:00:00,3,419.29835924937396,32.100884346053896,35.26070363635807,1.357254037211701
2024-04-30 04:00:00,4,280.1996125819811,33.424281516629975,28.693785766552104,0.9989986801449925
2024-04-30 05:00:00,5,568.7830149165901,28.66691678796474,16.756229046466785,2.3673821507988344
2024-04-30 06:00:00,6,665.0069526651539,28.876958478478397,40.32269932175886,1.984290993365963
2024-04-30 07:00:00,7,904.4203625479112,33.740082767057736,60.59766976810302,1.7818134896782396
2024-04-30 08:00:00,8,835.2236588474094,29.74159172149993,19.97541985113092,3.34192113148331
2024-04-30 09:00:00,9,954.5186512905609,40.03232310509672,9.585195795834029,4.315130848283031
2024-04-30 10:00:00,10,977.2263974960654,27.532493850756467,7.297611611775217,4.529561052195299
2024-04-30 11:00:00,11,820.9995429892342,31.316537291100904,12.665395333325648,3.585083525924254
2024-04-30 12:00:00,12,1061.456577330539,33.767165788895866,34.05197048952148,3.5000484842942945
2024-04-30 13:00:00,13,1008.6765818103132,32.62166437370586,0.0,5.043382909051566
2024-04-30 14:00:00,14,1006.5873174630357,30.40462681710146,38.783408488646515,3.0809922316821874
2024-04-30 15:00:00,15,1237.978549026193,30.843279668607412,42.87826020592312,3.5357744274061527
2024-04-30 16:00:00,16,699.2963686245516,30.7451009545955,0.0,3.496481843122758
2024-04-30 17:00:00,17,931.329072272124,32.856898102633025,10.416391274448014,4.1715909602578645
2024-04-30 18:00:00,18,684.1109796345193,39.57285045564549,31.593619596908276,2.339877795540533
2024-04-30 19:00:00,19,631.7477413609614,33.95087507676784,27.13060539391204,2.3017537728368347
2024-04-30 20:00:00,20,496.3590203759005,37.265764655255786,40.39274936537181,1.4793298266152413
2024-04-30 21:00:00,21,348.74452569324643,35.23799222457764,27.177263569672682,1.2698265338039398
2024-04-30 22:00:00,22,213.23241084342035,37.058650381039875,55.29539053549931,0.47662358259645343
2024-04-30 23:00:00,23,156.8868910658927,25.31717027931246,23.576612019126358,0.599491387252089
2024-05-01 00:00:00,0,0.0,32.718047217054426,10.339340265604925,0.0
2024-05-01 01:00:00,1,190.5725256217928,37.55282754995125,8.731162674764871,0.8696666419817306
2024-05-01 02:00:00,2,225.5234927117005,31.91621381225111,44.70937018563378,0.6234667974982776
2024-05-01 03:00:00,3,292.2778852418612,38.918840775107945,30.592422839138326,1.0143149936168978
2024-05-01 04:00:00,4,463.9989713603348,38.0830917418024,42.674318014503896,1.3299528736899933
2024-05-01 05:00:00,5,709.3333663577264,32.224029132116726,42.26244998458369,2.047758535884143
2024-05-01 06:00:00,6,664.2799742252497,32.121930723360045,0.0,3.321399871126248
2024-05-01 07:00:00,7,822.0296297480049,30.590603753435705,7.198347979531128,3.814285382519462
2024-05-01 08:00:00,8,807.5489017272006,31.74263858490772,9.587499189923587,3.650625786579342
2024-05-01 09:00:00,9,984.5132805051761,29.933654087992366,13.678716230164753,4.249222513082935
2024-05-01 10:00:00,10,1020.7664453922847,34.91785482179813,21.59289346846948,4.00176717138423
2024-05-01 11:00:00,11,1139.333568037523,29.26328180045981,49.98299189234372,2.849302815492887
2024-05-01 12:00:00,12,985.9548843600628,35.442620329069776,53.96964704767798,2.2691925661079764
2024-05-01 13:00:00,13,1044.9372457544428,35.51565737119986,24.142183395940062,3.963332897559601
2024-05-01 14:00:00,14,973.771229452184,28.647808064947345,24.97438277350511,3.652889376352644
2024-05-01 15:00:00,15,1027.549275060328,38.28087709948413,15.891325518854272,4.32129037446932
2024-05-01 16:00:00,16,808.5188127757402,35.17224916374478,31.783753944770883,2.7577059136295805
2024-05-01 17:00:00,17,852.9537653214178,35.88051534483372,34.05041765467873,2.8125972291408337
2024-05-01 18:00:00,18,691.5309974972131,31.355425675870794,46.129511100045306,1.8626556462324109
2024-05-01 19:00:00,19,603.6263748400409,35.49855863591847,45.96877451965106,1.6307336382433937
2024-05-01 20:00:00,20,507.3401987558697,37.01060162966531,0.0,2.5367009937793488
2024-05-01 21:00:00,21,402.8626640792241,33.33559608348508,26.94910104725764,1.4714739882741996
2024-05-01 22:00:00,22,249.5207216527644,39.6371886582442,57.682000617802075,0.5279608872373632
2024-05-01 23:00:00,23,147.7032468736941,33.763615185237924,21.237701453901664,0.5816723613246979
2024-05-02 00:00:00,0,126.24944460497476,36.96557909885569,52.78483636726577,0.29804440927828496
2024-05-02 01:00:00,1,209.36216706926905,34.422248119274236,23.870963999776222,0.7969269976950625
2024-05-02 02:00:00,2,328.3514125022725,35.29978629606887,33.49846934883928,1.0917935761435895
2024-05-02 03:00:00,3,346.24027028318017,28.529224894593952,7.262186152017019,1.6054782866098438
2024-05-02 04:00:00,4,428.86073374173395,34.65638291214436,8.015028848669704,1.972437111058587
2024-05-02 05:00:00,5,685.1854736677408,31.33829639372647,44.50983144526029,1.9010528712541053
2024-05-02 06:00:00,6,777.1905245889311,31.004026780165205,47.6363656040133,2.034826024279995
2024-05-02 07:00:00,7,911.1669943513139,38.7755312508962,30.528578124009854,3.165003333202903
2024-05-02 08:00:00,8,817.7069537069001,32.90191095331122,5.449515147232177,3.8657294470233587
2024-05-02 09:00:00,9,905.5156400824588,30.53331620457178,30.876091132144293,3.1296390291738962
2024-05-02 10:00:00,10,834.7670932870336,32.465826813171645,55.14469921348555,1.872186452803713
2024-05-02 11:00:00,11,960.0471728889404,29.641871010732526,64.8573294010352,1.6869310778151718
2024-05-02 12:00:00,12,1079.7256408463559,37.84487510208708,23.66584135348171,4.1209974181539675
2024-05-02 13:00:00,13,954.1252310355544,31.456179464998723,0.0,4.770626155177772
2024-05-02 14:00:00,14,1017.1642099051344,35.131121499329275,46.807271991095575,2.705286957893799
2024-05-02 15:00:00,15,908.6392840314619,37.61154184012924,24.48073807089998,3.4309884044920937
2024-05-02 16:00:00,16,891.9499660421635,32.04276365385408,48.8608128312208,2.2806798129308232
2024-05-02 17:00:00,17,701.5380291059819,35.13928899431663,35.62144450035239,2.258200247095643
2024-05-02 18:00:00,18,713.9235371572597,30.452963532784977,12.331117884763,3.1294439209166414
2024-05-02 19:00:00,19,369.4705513366629,40.88053040483932,31.16488721318762,1.2716273536332472
2024-05-02 20:00:00,20,485.0483073470411,36.352362101348135,56.166767341086555,1.0630617653377503
2024-05-02 21:00:00,21,252.2455728678787,32.96540238121585,27.016920220655123,0.9204829384301472
2024-05-02 22:00:00,22,355.29860642626636,31.224720504831378,9.303896731092447,1.61120995498678
2024-05-02 23:00:00,23,192.71878044121289,33.20123203897939,0.0,0.9635939022060644
2024-05-03 00:00:00,0,37.33367855728648,32.432539406476074,14.556706262706967,0.15949562316319538
2024-05-03 01:00:00,1,252.206690392802,39.311324235529156,21.797274764580358,0.9861625255661421
2024-05-03 02:00:00,2,182.90572343653383,29.775886406885924,46.399982718345186,0.49018749685558954
2024-05-03 03:00:00,3,522.4724881983344,33.85689484340124,7.583014643767566,2.4142666145429903
2024-05-03 04:00:00,4,574.5753251408307,33.3974763736295,61.07503771459271,1.1182661430616236
2024-05-03 05:00:00,5,589.837006031205,33.10025967249602,3.2569557831761706,2.853131377759792
2024-05-03 06:00:00,6,797.956392961183,33.126640608715604,76.62972185113674,0.9324231427083243
2024-05-03 07:00:00,7,704.8498592983046,33.10427814316918,64.51037113508943,1.2507429955990634
2024-05-03 08:00:00,8,800.0642708622246,36.07168877252693,32.82332498775984,2.6872828756308267
2024-05-03 09:00:00,9,875.1923546521106,35.27944391300794,0.0,4.375961773260553
2024-05-03 10:00:00,10,923.6076096439472,34.709225407648994,28.891518760351563,3.2838167191581578
2024-05-03 11:00:00,11,906.92024995299,24.350522487094825,22.263180840269886,3.5250547731446416
2024-05-03 12:00:00,12,1097.846645367626,34.351875196020124,4.514255538981523,5.241435211847977
2024-05-03 13:00:00,13,970.7365093442237,28.485572493020385,35.820192544948846,3.1150841129650373
2024-05-03 14:00:00,14,994.1262237576188,35.39145106293811,13.52713740288712,4.298247017558963
2024-05-03 15:00:00,15,878.2514231981924,37.875982676242174,15.701883059008372,3.7017470588176775
2024-05-03 16:00:00,16,720.3771397405574,30.67377323576498,25.92642730855289,2.6680454212914464
2024-05-03 17:00:00,17,814.9579289625491,32.66714840650251,18.50182342588593,3.3208792597532066
2024-05-03 18:00:00,18,554.1263831529654,31.654423458371642,71.56313234220059,0.7878809311707965
2024-05-03 19:00:00,19,603.2707053218833,37.158785900801035,19.285707340009004,2.434628413127484
2024-05-03 20:00:00,20,390.5347968933751,33.73757422934685,38.81762022788951,1.1946924128877252
2024-05-03 21:00:00,21,541.6655123035546,38.63747871522963,32.910449844207236,1.817004777767625
2024-05-03 22:00:00,22,331.72806287649877,34.693753182372795,37.055004505177436,1.0440310711633716
2024-05-03 23:00:00,23,138.98649552177042,34.17984111543809,38.58176807221864,0.4268152408392821
2024-05-04 00:00:00,0,101.09653421237348,33.56387514199488,47.627229732122444,0.26473527805916297
2024-05-04 01:00:00,1,62.82091402279271,35.81323109195838,35.328921512372844,0.20313481307162523
2024-05-04 02:00:00,2,302.29739539612825,28.14619619945034,34.4979158977264,0.9900554708567726
2024-05-04 03:00:00,3,398.6682670625869,33.6152866607479,31.16954136936279,1.3720259831699608
2024-05-04 04:00:00,4,521.1216065066935,33.149115463002474,27.231642953200513,1.8960581563540413
2024-05-04 05:00:00,5,710.549709017262,35.535511275659665,11.764042366786455,3.134801701056967
2024-05-04 06:00:00,6,765.7061494089318,32.79614997656426,28.782632451595973,2.726578813826453
2024-05-04 07:00:00,7,816.4512333172372,30.24305149169836,34.82534750531067,2.6605962705155726
2024-05-04 08:00:00,8,733.6344088861748,33.38130681894547,38.0432911314559,2.2726786743653586
2024-05-04 09:00:00,9,847.0758288889294,30.11073320758134,33.60569545980473,2.8120505275944963
2024-05-04 10:00:00,10,956.1091116014104,27.583468156423912,25.340899731029324,3.5691123015563084
2024-05-04 11:00:00,11,998.9146513159424,35.54062223864285,28.858401936082046,3.5532192312038764
2024-05-04 12:00:00,12,909.583702026086,35.09643951227038,18.92707030898416,3.6871307761227388
2024-05-04 13:00:00,13,1184.3789954200838,34.7605276261671,36.26447982013128,3.77435056816047
2024-05-04 14:00:00,14,1087.2373507093544,37.2680400600238,25.57743544171756,4.045749596167146
2024-05-04 15:00:00,15,972.0489981426855,31.364159123274593,33.6112187639494,3.226657414420845
2024-05-04 16:00:00,16,871.7883526871383,29.065912365872606,50.01606086765105,2.178770797850234
2024-05-04 17:00:00,17,776.3766226991432,33.14916546376224,15.812821807151604,3.26804785399673
2024-05-04 18:00:00,18,630.9533043847688,32.316753895068636,41.93390761820969,1.8318496430500926
2024-05-04 19:00:00,19,614.9598704902297,30.832367643876164,30.664203597707456,2.1319366187945383
2024-05-04 20:00:00,20,520.62020321142,33.119707333722985,70.4238719916151,0.7698964886966158
2024-05-04 21:00:00,21,283.34258632655997,31.524439355572618,25.67399343072981,1.0529861466330952
2024-05-04 22:00:00,22,285.55315848211285,27.851238944115877,43.90329166302133,0.8009296123037066
2024-05-04 23:00:00,23,118.1054683140721,32.03572472180509,30.307069035119543,0.4115558124893751
2024-05-05 00:00:00,0,0.0,29.854416487127523,2.2339098337301238,0.0
2024-05-05 01:00:00,1,61.69539135769142,33.95848620207186,19.586218089617113,0.24805798727565595
2024-05-05 02:00:00,2,225.73060242878927,31.295437712517128,47.60942210856787,0.5913078354512691
2024-05-05 03:00:00,3,533.6984449523051,36.59843640966225,21.34611078783454,2.0988729180991794
2024-05-05 04:00:00,4,544.5242499627005,38.07514018904269,0.0,2.7226212498135025
2024-05-05 05:00:00,5,501.9229034807293,35.301686106274815,29.371939661509924,1.772492055615354
2024-05-05 06:00:00,6,745.9896843399586,28.610463441289134,8.153274040979788,3.4258355052914085
2024-05-05 07:00:00,7,669.5690211761661,37.77912998387621,32.636354651934376,2.255230503928135
2024-05-05 08:00:00,8,952.6406880954044,37.99070333836039,61.02294162796037,1.8565565853737287
2024-05-05 09:00:00,9,886.1895603658563,33.31991352116292,45.389146216058066,2.419778425299778
2024-05-05 10:00:00,10,958.4349311899347,37.23232046824569,60.73311657479955,1.881737635683759
2024-05-05 11:00:00,11,1097.5085931771855,31.60851657309906,18.76975957111017,4.45754434482777
2024-05-05 12:00:00,12,897.02691451326,27.664804182690325,27.136673327289355,3.2680182553196673
2024-05-05 13:00:00,13,879.6754065647709,30.982688671374312,9.111276063844407,3.9976287590345447
2024-05-05 14:00:00,14,919.237880181388,38.451444585373366,16.3191310991981,3.846131227005489
2024-05-05 15:00:00,15,1006.9498405928322,28.790302216404672,11.462303354276397,4.457650976193396
2024-05-05 16:00:00,16,744.4777177462913,33.26210583303358,3.865540615760853,3.578498145957595
2024-05-05 17:00:00,17,566.7808924423898,33.36597366725973,57.317132506626805,1.2095916864947167
2024-05-05 18:00:00,18,671.0140725138277,31.724619255335657,0.0,3.3550703625691387
2024-05-05 19:00:00,19,652.9006930015944,31.93297718772775,57.40277809609113,1.3905877850502397
2024-05-05 20:00:00,20,596.0209399791063,33.4802893899477,54.92117849840462,1.3433960782265613
2024-05-05 21:00:00,21,345.630523398258,31.57705496143491,39.99585350957996,1.0369632278774812
2024-05-05 22:00:00,22,225.90491653324085,28.9973664957353,7.709854638118614,1.0424398792408238
2024-05-05 23:00:00,23,222.83825096051177,33.908637816069465,0.0,1.1141912548025588
2024-05-06 00:00:00,0,0.0,36.38548026179407,19.031926374728712,0.0
2024-05-06 01:00:00,1,99.44453020541083,35.77409807041942,42.50240912679848,0.28589104561642215
2024-05-06 02:00:00,2,274.05295629652545,30.736174112289724,30.061272748813483,0.9583457481402016
2024-05-06 03:00:00,3,418.6209300678926,29.41169676832613,9.130010098104847,1.902003984399568
2024-05-06 04:00:00,4,459.2154645447293,32.312816867994826,52.9640956931298,1.0799807323280417
2024-05-06 05:00:00,5,611.5167099451879,37.86875504384615,63.687666563630756,1.1102799336720581
2024-05-06 06:00:00,6,508.04059291350836,35.1021747513378,25.46801671970805,1.8932636488369607
2024-05-06 07:00:00,7,740.6934673045274,35.27727454484186,32.18673807194691,2.511442005335987
2024-05-06 08:00:00,8,902.3061007887959,35.83495136981564,0.0,4.5115305039439795
2024-05-06 09:00:00,9,845.2960097709122,34.42768020201492,21.712265677819296,3.3088154718272316
2024-05-06 10:00:00,10,970.6445640162361,33.527206157299894,40.20879956001988,2.9018001841535943
2024-05-06 11:00:00,11,1027.194661438026,35.15230120440306,37.09713080515555,3.230674571303934
2024-05-06 12:00:00,12,972.5960639313788,31.5268822018051,19.846643015805867,3.8978419756856955
2024-05-06 13:00:00,13,1005.0819630535359,28.921991480360198,24.51512983047106,3.7934240745415724
2024-05-06 14:00:00,14,888.9072210662995,35.33437131833213,21.055785269108963,3.508704126784879
2024-05-06 15:00:00,15,907.3506301356031,36.878594831706835,24.4307057256323,3.4283923389375173
2024-05-06 16:00:00,16,914.8426973515765,29.810684696391064,38.464696050362534,2.814756172381773
2024-05-06 17:00:00,17,805.9111771687101,35.63114496170686,0.0,4.029555885843551
2024-05-06 18:00:00,18,660.1842796214328,38.20767765462373,28.513009703841558,2.3597293595486857
2024-05-06 19:00:00,19,626.6987413519842,33.15864190918779,36.99951071251378,1.9741163670513384
2024-05-06 20:00:00,20,557.1687832509293,30.71137396023392,18.590306287178457,2.2679469995401806
2024-05-06 21:00:00,21,218.68813007889167,33.534436535039426,20.41333912070237,0.8702329023458241
2024-05-06 22:00:00,22,351.5449702989929,31.513778609857056,20.99211118369101,1.3887412963657737
2024-05-06 23:00:00,23,103.62581312556624,31.315190184589955,20.4190005292568,0.41233228897505103
2024-05-07 00:00:00,0,34.039194659218424,34.364351665024074,30.11767555700747,0.11893690224768404
2024-05-07 01:00:00,1,226.3059461116698,28.25361103811976,32.58005516027568,0.7628767201875203
2024-05-07 02:00:00,2,149.08514932408355,28.733012695732764,0.0,0.7454257466204177
2024-05-07 03:00:00,3,325.92815217088605,33.12267210433127,43.05760742944577,0.9279564395354967
2024-05-07 04:00:00,4,476.9161043299435,32.99787384647215,24.200022313060817,1.8075115033375837
2024-05-07 05:00:00,5,546.0611473187663,34.095463194329255,68.65926350937067,0.8556979262944089
2024-05-07 06:00:00,6,845.9017072534922,38.69047562865961,6.167029222025832,3.96867350888777
2024-05-07 07:00:00,7,724.8115727850919,33.37834157143691,12.653709824913367,3.1654800979373783
2024-05-07 08:00:00,8,821.5816614254892,34.85931591421383,25.94182042833478,3.0422421107317965
2024-05-07 09:00:00,9,940.2306550395248,30.13820065636555,38.26450899372071,2.902280057401033
2024-05-07 10:00:00,10,869.7538642029813,35.368612453759056,0.0,4.348769321014906
2024-05-07 11:00:00,11,959.7904044333092,31.485626867877414,13.417998957677867,4.155028689852777
2024-05-07 12:00:00,12,1025.396260900014,33.279061960952724,41.82640321147687,2.982549431502834
2024-05-07 13:00:00,13,964.8160290232094,32.73825358800196,11.03752107134915,4.291621282600092
2024-05-07 14:00:00,14,958.4548775770726,36.16372216795154,57.400527527524545,2.0414836086727166
2024-05-07 15:00:00,15,881.5329635154171,29.13486980008445,20.922328023018554,3.4854787262884255
2024-05-07 16:00:00,16,744.8677790499773,26.215083559364327,12.01253597316207,3.2769513456955273
2024-05-07 17:00:00,17,819.0807971983744,32.424501371945674,42.20488515579039,2.3669434370383398
2024-05-07 18:00:00,18,847.501426918327,34.47039323392482,62.15234773648893,1.6037969649417143
2024-05-07 19:00:00,19,610.2335594713958,33.521607590631945,38.32792517487793,1.881718487026025
2024-05-07 20:00:00,20,518.0211293798038,36.761412175451184,55.20858798446517,1.1601448919401733
2024-05-07 21:00:00,21,438.10125277443865,34.37691748574845,63.53270681273927,0.7988183415315839
2024-05-07 22:00:00,22,157.2726053787851,31.373254467629867,11.562826401448433,0.6954372352090056
2024-05-07 23:00:00,23,266.72736487042044,26.088539000790405,48.767826681191735,0.6832511292955197
2024-05-08 00:00:00,0,16.186303713824163,32.249891935240505,0.0,0.08093151856912081
2024-05-08 01:00:00,1,261.07474414718024,36.04570564459955,38.498050635727694,0.8028302847415113
2024-05-08 02:00:00,2,200.17640546060167,31.785685289824816,28.573642189703616,0.7148935780803951
2024-05-08 03:00:00,3,528.1283861697158,33.04678942885945,54.859004060841244,1.1920120667720804
2024-05-08 04:00:00,4,562.0124395227825,34.22590940074628,53.44503025969682,1.3082236057828556
2024-05-08 05:00:00,5,653.0046358769092,29.91595151507671,41.39566701068805,1.9134450562247396
2024-05-08 06:00:00,6,725.8287375347994,34.83153632774261,35.96855798965637,2.323793035845022
2024-05-08 07:00:00,7,773.4710508452794,37.87319400783127,40.16737353443902,2.313940223357526
2024-05-08 08:00:00,8,962.0679364623483,32.44338858214594,31.235417427530912,3.3078100028595046
2024-05-08 09:00:00,9,935.1083220991303,29.574635372329254,28.776085177841928,3.3301037741339807
2024-05-08 10:00:00,10,808.5602500020962,32.762025556760236,58.85156344504885,1.6635495074033346
2024-05-08 11:00:00,11,902.06994443725,26.288676311999552,61.257796393563524,1.747408872731739
2024-05-08 12:00:00,12,985.1323398245802,33.97253842975601,27.16681604595586,3.5875162462760786
2024-05-08 13:00:00,13,1016.2447800270546,34.31865177077189,34.75272806021489,3.3153599759906163
2024-05-08 14:00:00,14,961.3987471770769,37.98873751936284,31.633104495455488,3.286392384322761
2024-05-08 15:00:00,15,1021.3971956947798,32.37984426012628,0.0,5.106985978473899
2024-05-08 16:00:00,16,709.9372546613488,34.18728465226557,23.271288447759872,2.723628541654994
2024-05-08 17:00:00,17,804.8403752116482,30.377964330668455,61.994084020962056,1.5294347838415636
2024-05-08 18:00:00,18,561.6684431555752,31.892547276250923,15.004482499363785,2.3869649994892392
2024-05-08 19:00:00,19,669.5384126474542,28.386272327839563,72.29086924602603,0.9276163710428241
2024-05-08 20:00:00,20,492.4433028446397,32.377459773976454,53.44252619178765,1.1463458087109446
2024-05-08 21:00:00,21,416.25223012701935,32.045901177270466,38.02996301092418,1.2897583048878345
2024-05-08 22:00:00,22,189.70840825533975,33.85942793609285,41.216865719528414,0.5575827418304081
2024-05-08 23:00:00,23,232.8833867526721,31.09103799682824,11.655866073299489,1.0286940554290829
2024-05-09 00:00:00,0,83.3379731247081,33.106534603712426,24.695424955505956,0.3137865325612804
2024-05-09 01:00:00,1,177.2097364610026,31.856358383964153,58.82798220643519,0.3648041211382665
2024-05-09 02:00:00,2,248.45766535344555,31.86200038588861,17.70941321652933,1.0222863536393112
2024-05-09 03:00:00,3,429.0720151887004,33.09758552867624,51.22263513897599,1.046450111825704
2024-05-09 04:00:00,4,443.448594561012,32.97806737773818,2.459196211258835,2.162716617623435
2024-05-09 05:00:00,5,677.2058817303775,35.14002066794207,6.036831750499786,3.1816205102291306
2024-05-09 06:00:00,6,839.0652527324612,32.49456944839765,68.02769331172632,1.3413425795918057
2024-05-09 07:00:00,7,879.0021850895703,31.806842503418142,29.763257075193515,3.086912525223966
2024-05-09 08:00:00,8,807.6572061998457,32.314076215525475,19.23000226011318,3.261723535968242
2024-05-09 09:00:00,9,952.7929178931348,30.712506200264173,57.254816539979245,2.036365403737527
2024-05-09 10:00:00,10,862.4745027883765,31.776765270087136,54.916431099270085,1.9441714335791276
2024-05-09 11:00:00,11,1037.2360862678643,38.94997469000685,48.41509130514477,2.6752864402568384
2024-05-09 12:00:00,12,1036.0482730290032,30.11846226869955,18.602041611757883,4.216610710811246
2024-05-09 13:00:00,13,841.8595542112371,32.020529549149224,24.26164848124649,3.18805274231359
2024-05-09 14:00:00,14,872.9831187760794,31.69403256097808,36.2325764744946,2.783394213280542
2024-05-09 15:00:00,15,901.2284207717854,32.114983714053956,43.88798684294474,2.5284870501929277
2024-05-09 16:00:00,16,841.9566240131726,31.862780624151966,19.830328519629255,3.3749692973929037
2024-05-09 17:00:00,17,696.5951854577308,33.69421885445015,33.414742212413934,2.3191484998647165
2024-05-09 18:00:00,18,738.2250795347223,27.72597324661177,35.34782601594812,2.3863928140734703
2024-05-09 19:00:00,19,628.8793177239617,35.968012968383164,55.73539512750507,1.391854725576768
2024-05-09 20:00:00,20,484.45846944171836,34.754246949713746,45.08931657870238,1.330097282314029
2024-05-09 21:00:00,21,322.22011235242087,29.127883792597746,0.0,1.6111005617621044
2024-05-09 22:00:00,22,342.7156152158461,26.049266731929947,25.727393830292286,1.2727190958567816
2024-05-09 23:00:00,23,262.9587612671156,29.925282112362947,11.42433260033167,1.164587388891241
2024-05-10 00:00:00,0,0.0,32.02084102938904,41.36174841223347,0.0
2024-05-10 01:00:00,1,81.55283884766591,40.48971610974273,48.463067010100886,0.21014915954140997
2024-05-10 02:00:00,2,298.11565833548053,34.37861130859323,32.03111971220489,1.0131293746660752
2024-05-10 03:00:00,3,354.0410819853309,27.326071466126034,24.637459387443,1.3340717709816563
2024-05-10 04:00:00,4,488.8482239469412,30.679873898967575,31.383395860719663,1.677155253337876
2024-05-10 05:00:00,5,667.9336811466943,32.58920310485146,34.17838546955509,2.19822366461694
2024-05-10 06:00:00,6,554.3582941859642,33.5098910765647,17.19800696566186,2.2950985806856887
2024-05-10 07:00:00,7,898.8175262794489,28.804593832739137,5.625777984612693,4.241260238820896
2024-05-10 08:00:00,8,871.8398457307858,32.343869729739225,0.0,4.359199228653929
2024-05-10 09:00:00,9,890.9600809463121,30.595923000838788,55.34364263477768,1.989351588644296
2024-05-10 10:00:00,10,958.7870939513524,29.43756472586346,39.927324872699316,2.8798452805594152
2024-05-10 11:00:00,11,988.4392097754517,33.52762735376727,37.25022022688345,3.101217136626147
2024-05-10 12:00:00,12,861.503895724406,35.070471933998874,55.30397775905898,1.9252898641977694
2024-05-10 13:00:00,13,1111.039919570069,35.271964244555264,4.890639806151661,5.283514795006699
2024-05-10 14:00:00,14,969.231876870718,34.47199946707204,0.0,4.84615938435359
2024-05-10 15:00:00,15,959.3197029470768,31.25673181424962,37.684638330381794,2.98901771229689
2024-05-10 16:00:00,16,942.1493854303621,34.89248969806093,35.865427508868606,3.0212174028679226
2024-05-10 17:00:00,17,711.6603436864114,33.67600372798327,0.0,3.558301718432057
2024-05-10 18:00:00,18,744.9845331093659,33.15066606252645,37.19042124280944,2.3396082352610774
2024-05-10 19:00:00,19,587.3501417368172,30.913761048565014,21.995540952008643,2.290796503897074
2024-05-10 20:00:00,20,567.7416620173194,31.258212031645822,13.85823880524837,2.4453133334903665
2024-05-10 21:00:00,21,212.50523873697028,32.97050122204407,23.331525834351744,0.8146226203085161
2024-05-10 22:00:00,22,250.89150108321954,40.06846381462691,0.0,1.2544575054160978
2024-05-10 23:00:00,23,82.30053975733506,33.652567853944575,18.172515532161242,0.3367223069344041
2024-05-11 00:00:00,0,34.581036050732436,30.80532062115457,15.91410861031591,0.14538886207523186
2024-05-11 01:00:00,1,168.12972720950773,30.141717792997103,41.1420489387228,0.49478856280215455
2024-05-11 02:00:00,2,202.20897351675873,31.16358628993682,26.83539726978228,0.7397269607919384
2024-05-11 03:00:00,3,325.7095232310063,39.17076647055263,42.77737747357763,0.9318976550554435
2024-05-11 04:00:00,4,491.14677051541355,31.441116190067543,0.0,2.455733852577068
2024-05-11 05:00:00,5,537.030050823504,35.35949773173628,13.218035548579039,2.330226138995506
2024-05-11 06:00:00,6,774.4654768227177,31.511101391491362,41.11994103142888,2.280028647222208
2024-05-11 07:00:00,7,763.8167642554397,33.422439751744314,23.822707388536898,2.9092746576113777
2024-05-11 08:00:00,8,633.4663462387072,35.0141219499316,46.90921065948734,1.6815614171231728
2024-05-11 09:00:00,9,893.893767981542,30.92317757847566,0.0,4.4694688399077105
2024-05-11 10:00:00,10,882.8423206215506,30.71555116544712,44.62221679378949,2.4444925318324007
2024-05-11 11:00:00,11,860.9427961369346,37.61549521127142,17.217215644299195,3.5635620917598967
2024-05-11 12:00:00,12,901.0058689421942,35.59266481259282,15.276058312346514,3.816838435024601
2024-05-11 13:00:00,13,1000.1975391204478,35.01090308397762,49.820940938549036,2.5094485694321436
2024-05-11 14:00:00,14,1072.217092548927,35.000715007274174,53.23802259913012,2.5069495725299666
2024-05-11 15:00:00,15,948.9342904204852,34.017612592838624,50.69399392174564,2.339407994566822
2024-05-11 16:00:00,16,817.5051327271796,38.69221356743063,70.77283850096532,1.194667727025353
2024-05-11 17:00:00,17,829.8256759048916,32.7706110335369,55.336072168866686,1.8531637050518746
2024-05-11 18:00:00,18,670.3795563690284,34.370673229508185,14.09126832535402,2.879572871413753
2024-05-11 19:00:00,19,553.1933994756691,28.286147342123392,32.83276256271301,1.8578236205661112
2024-05-11 20:00:00,20,407.65098654136114,30.164004068131707,22.7960418303013,1.5736134856387824
2024-05-11 21:00:00,21,242.5371278249524,29.036429128400307,70.58179719898132,0.356750320656552
2024-05-11 22:00:00,22,227.62514857776543,36.46107687845388,52.09739909397419,0.5451918324247762
2024-05-11 23:00:00,23,143.17047141366254,24.981265671843182,26.222397265730883,0.5281387081617614
2024-05-12 00:00:00,0,0.0,31.319738207061917,47.55819595506004,0.0
2024-05-12 01:00:00,1,97.24883798426288,23.545548467338214,5.356030673737905,0.4602008019598604
2024-05-12 02:00:00,2,183.15936024677833,30.032804588874413,35.00523475290946,0.5952199811023322
2024-05-12 03:00:00,3,431.3431276998873,31.053821426124486,11.241550147938316,1.9142673684490943
2024-05-12 04:00:00,4,394.6294464042731,36.68128155670222,0.0,1.9731472320213657
2024-05-12 05:00:00,5,670.8436621161986,33.71655209298446,45.69072475059667,1.8216516547593176
2024-05-12 06:00:00,6,626.9294196724096,30.027243705333184,48.171821903751024,1.624630480827983
2024-05-12 07:00:00,7,733.1585213029925,35.72455943451556,39.14425272423972,2.2308454842742513
2024-05-12 08:00:00,8,748.6825885351843,32.58016503890936,26.34065918866998,2.757373297421095
2024-05-12 09:00:00,9,883.7673607604356,32.639368851441844,4.672826903071812,4.2123522088312715
2024-05-12 10:00:00,10,1043.9508229673067,28.918653752004108,6.773062585655051,4.86621690182135
2024-05-12 11:00:00,11,1032.6951084493267,29.556627133610668,10.614400405224057,4.615403573366761
2024-05-12 12:00:00,12,1078.273768962243,30.05137637548351,25.326534165501524,4.025921972341897
2024-05-12 13:00:00,13,1033.2162650485252,32.66605209478265,51.523574672098306,2.504331556009916
2024-05-12 14:00:00,14,877.632240006639,32.76032545626211,51.20808422157305,2.141067916941805
2024-05-12 15:00:00,15,897.4163945650822,37.15894626589222,0.0,4.487081972825411
2024-05-12 16:00:00,16,803.6094734550417,33.681833779133584,16.135333265661057,3.3697220337932334
2024-05-12 17:00:00,17,899.7993326143585,24.40397119430376,15.596779608563223,3.7972980689358717
2024-05-12 18:00:00,18,611.3636894724427,33.31459423893516,0.0,3.0568184473622133
2024-05-12 19:00:00,19,680.2572441598496,28.176619206817485,41.322418938998155,1.9957924793261654
2024-05-12 20:00:00,20,571.4363096087014,29.628755501485475,25.076803513629567,2.140691745212957
2024-05-12 21:00:00,21,529.0530485023769,30.090159860141092,27.73714926738048,1.911544073678229
2024-05-12 22:00:00,22,226.04411769216125,30.53665330478318,56.91742116751277,0.48692817600462796
2024-05-12 23:00:00,23,187.51196498646496,28.401220099199175,31.766180265687144,0.6397328808456617
2024-05-13 00:00:00,0,182.5321469231074,33.02266611884282,21.385390700679643,0.7174846707463114
2024-05-13 01:00:00,1,81.11485806535583,28.179813253213084,41.441552420098866,0.23749800819856304
2024-05-13 02:00:00,2,136.01582529993203,33.4822229302355,51.17743693151124,0.3320320604509241
2024-05-13 03:00:00,3,232.2826296524687,39.12313333967085,35.92935132098451,0.7441249379350594
2024-05-13 04:00:00,4,557.0169623089064,28.424142931683768,43.78379197396297,1.5656690713594354
2024-05-13 05:00:00,5,458.1094123640339,31.558689195468293,27.088647005142313,1.670068853757045
2024-05-13 06:00:00,6,677.3212569515138,24.841848020948554,28.362845072806746,2.426068390985843
2024-05-13 07:00:00,7,828.3383952543522,31.50941422957556,32.260414205976566,2.8055649895907946
2024-05-13 08:00:00,8,880.8394467308316,34.34037156638041,14.937580991346763,3.7463167048584145
2024-05-13 09:00:00,9,957.9151216460203,34.574137802557765,18.638767712607986,3.8968577361923624
2024-05-13 10:00:00,10,983.7090147531367,32.64431129933825,57.55759283636947,2.0875489267343226
2024-05-13 11:00:00,11,1093.7541264388817,35.080010382762886,70.15912191724642,1.6319291769785653
2024-05-13 12:00:00,12,923.8146895408962,40.050383716314336,61.8439582807636,1.762455591748293
2024-05-13 13:00:00,13,937.2852502971277,37.54913417079876,3.534852864629052,4.52076797888627
2024-05-13 14:00:00,14,904.1130706674026,30.84465732025705,1.6028493083005486,4.448107502839776
2024-05-13 15:00:00,15,990.2948774602957,28.058908149085745,6.185811361096782,4.645185522109986
2024-05-13 16:00:00,16,938.0572908560438,31.19376585876455,32.687748837589616,3.157137398341613
2024-05-13 17:00:00,17,829.4513658367159,29.571271811633917,0.0,4.14725682918358
2024-05-13 18:00:00,18,801.7862745377419,33.76626275207986,18.223968667609988,3.278344975423932
2024-05-13 19:00:00,19,514.5181596186103,28.868639490197467,58.14198578322227,1.076835422005305
2024-05-13 20:00:00,20,633.3779289240908,32.19375281071493,49.64877661457815,1.5945676793326367
2024-05-13 21:00:00,21,504.54252210207056,34.926262272094895,19.818106988529856,2.0227587263462765
2024-05-13 22:00:00,22,317.6688048821808,32.11013249003443,21.332891176587246,1.2495043221734994
2024-05-13 23:00:00,23,273.0701049217368,29.57327864024257,41.34483413613808,0.8008486148323325
2024-05-14 00:00:00,0,0.0,35.82001771362195,48.70537510488398,0.0
2024-05-14 01:00:00,1,88.57034131903941,26.65863270660339,19.337254645204798,0.35721634439024863
2024-05-14 02:00:00,2,199.99476824796463,31.312190373232486,25.312679565611248,0.7468536670668525
2024-05-14 03:00:00,3,440.40177826567725,32.17059547072087,18.679805429599533,1.7906779148857617
2024-05-14 04:00:00,4,415.98874083182824,32.34330151606377,3.3730111724957226,2.009786970636232
2024-05-14 05:00:00,5,669.3610409557194,32.83706370909912,25.605125039563717,2.489851547264411
2024-05-14 06:00:00,6,816.7496727062846,34.12689500029335,24.08144919582473,3.10032257608228
2024-05-14 07:00:00,7,848.9695722979553,32.18935322372882,4.787117680226885,4.041641999013667
2024-05-14 08:00:00,8,888.7254856773586,31.19140069443383,42.92161875275459,2.5363506047817803
2024-05-14 09:00:00,9,844.8496652392266,31.072807506885788,39.66641357251779,2.548640514797015
2024-05-14 10:00:00,10,898.1777489990392,30.46102813474981,43.914394016901525,2.5187421666573213
2024-05-14 11:00:00,11,1091.4143737975435,34.65820551384547,14.638592890712639,4.658233334333002
2024-05-14 12:00:00,12,1062.3479203124266,30.35599010243533,0.0,5.311739601562133
2024-05-14 13:00:00,13,988.3232998236067,34.83588886788961,39.34662259291298,2.9972573052209426
2024-05-14 14:00:00,14,932.4930626277973,32.35257278764449,16.717745707405733,3.8830062183924126
2024-05-14 15:00:00,15,761.8149026623767,30.731811120296484,12.18663733508598,3.3448764165513727
2024-05-14 16:00:00,16,780.3572102896836,34.15079718809728,4.85893850713115,3.712200666528719
2024-05-14 17:00:00,17,946.2668672624131,30.11321376669552,24.493549438256924,3.5724626215582447
2024-05-14 18:00:00,18,604.6703355063503,34.21012766304951,61.54654594100946,1.1625831483613918
2024-05-14 19:00:00,19,623.9198147064071,32.93375390444023,19.891009572889708,2.4990793231799997
2024-05-14 20:00:00,20,580.5955178556158,30.50660147358911,8.203939116661324,2.6648190752833827
2024-05-14 21:00:00,21,282.2896189249065,33.88147998686855,43.03866802060057,0.8039796348959878
2024-05-14 22:00:00,22,273.5958830850077,33.93534471793079,33.45624559542568,0.910304862505569
2024-05-14 23:00:00,23,205.5594352209044,35.768134358294745,0.0,1.027797176104522
2024-05-15 00:00:00,0,0.9999457525800268,35.07521017398751,43.24692639506573,0.0028374997448557824
2024-05-15 01:00:00,1,359.99843667339303,33.650591198938464,72.56935537003201,0.49374945918659385
2024-05-15 02:00:00,2,125.33110439226519,28.79399628313333,0.0,0.6266555219613259
2024-05-15 03:00:00,3,467.3817147558001,39.52253010128179,5.285879519557525,2.2133824020868325
2024-05-15 04:00:00,4,486.1758610082827,27.965920503544186,0.0,2.4308793050414135
2024-05-15 05:00:00,5,670.5150413956546,35.02455865960654,28.493911585183305,2.397295391675108
2024-05-15 06:00:00,6,742.4113533224872,33.470620587418516,49.80772473222706,1.863165750394106
2024-05-15 07:00:00,7,734.7008445224355,28.654342019316275,32.11001499592558,2.493941465855448
2024-05-15 08:00:00,8,884.3451151811857,31.80386632012412,57.83991396225339,1.8642033071549864
2024-05-15 09:00:00,9,775.2474163994236,31.940510478025697,46.61100580660268,2.069483990629755
2024-05-15 10:00:00,10,1014.1856263347798,36.093517284191186,64.04294647004355,1.8233563427716046
2024-05-15 11:00:00,11,1015.2975386530522,30.036836435918982,53.204215362141895,2.3755822481077824
2024-05-15 12:00:00,12,1051.0928134914482,31.390934117486555,21.941138627809913,4.10235541088171
2024-05-15 13:00:00,13,1076.0943273807823,25.16856032169583,31.334529124696797,3.6945261847922053
2024-05-15 14:00:00,14,995.3354135058454,37.38105751613035,12.626461690380538,4.348298844143695
2024-05-15 15:00:00,15,935.7266860951489,28.965364407699404,25.386876622639026,3.4908745338553238
2024-05-15 16:00:00,16,795.5399368515353,33.15750172947714,31.236633440362397,2.7352002145276533
2024-05-15 17:00:00,17,736.3756791993112,31.872545647594027,28.30185352929292,2.6398385652349314
2024-05-15 18:00:00,18,802.0455508007342,31.882766236409598,56.845070526072206,1.7306109589841627
2024-05-15 19:00:00,19,723.668261465199,34.606355091372244,23.396638749863385,2.7717710629138472
2024-05-15 20:00:00,20,480.95116509503555,37.19055651767052,11.35827172885286,2.1316171244022883
2024-05-15 21:00:00,21,386.36365214535186,32.93125014658559,12.607779301936255,1.688258877899826
2024-05-15 22:00:00,22,186.44989510301974,34.14200318965119,43.10200543245062,0.5304312559345885
2024-05-15 23:00:00,23,224.34673984144757,33.16344374694074,1.9372318382200078,1.1000031168461522
2024-05-16 00:00:00,0,53.233345895342296,35.10843037286365,25.976276596981656,0.19702652361870102
2024-05-16 01:00:00,1,285.8235871371515,30.667086962612796,56.550004909108424,0.6209516728985127
2024-05-16 02:00:00,2,188.5531989281417,35.282007764321015,35.85196891481661,0.60476582330266
2024-05-16 03:00:00,3,352.44280044363245,35.38733569801393,28.50789221762491,1.2598439338219143
2024-05-16 04:00:00,4,518.5156738020456,35.303447127120506,29.281791927231403,1.8334249654462436
2024-05-16 05:00:00,5,660.4805920267822,30.07539249906235,9.408708155456544,2.9916895034977533
2024-05-16 06:00:00,6,689.853370182737,31.550823198360202,12.85730579130918,3.005784064333452
2024-05-16 07:00:00,7,723.5164530549393,32.77423706741308,26.096366541708456,2.673524737380772
2024-05-16 08:00:00,8,936.5380060983242,27.94330996658476,35.425460602185865,3.023825518617327
2024-05-16 09:00:00,9,981.5703615149331,36.84059672532982,48.96300023604221,2.50482031544728
2024-05-16 10:00:00,10,892.6238982439704,32.01900650056525,31.851212343428696,3.041561824930463
2024-05-16 11:00:00,11,1099.88028546225,32.90761976388594,57.05548351508496,2.3616913525233327
2024-05-16 12:00:00,12,1093.6158967357283,30.324822781890166,62.1039603041905,2.0721855717332733
2024-05-16 13:00:00,13,1002.1885811536337,28.07520342297071,45.905344249644074,2.710652314722173
2024-05-16 14:00:00,14,972.2936552791514,30.243746444647464,54.49962816111769,2.2119861425893723
2024-05-16 15:00:00,15,968.2041542005594,32.71344866397254,10.185729572238113,4.3479274867325755
2024-05-16 16:00:00,16,797.089158163938,34.07612253933286,7.016021306238752,3.705826064987185
2024-05-16 17:00:00,17,795.7558586243618,32.54121072287994,40.35946752580331,2.372965156390926
2024-05-16 18:00:00,18,534.9160976178132,33.096008149797626,3.1758037626590543,2.5896410603129887
2024-05-16 19:00:00,19,678.8778806489555,31.044756977027646,24.192563119681335,2.57319960433701
2024-05-16 20:00:00,20,375.0805422046511,33.54458179980806,45.423838106594786,1.0235228197213624
2024-05-16 21:00:00,21,502.95701863940985,36.5043347002295,58.26745849370414,1.0494837328125997
2024-05-16 22:00:00,22,232.409437585205,34.170204428388736,24.91568699423869,0.8725151478570239
2024-05-16 23:00:00,23,113.59283366555785,34.484461765830595,17.00111409384619,0.4714039320582172
2024-05-17 00:00:00,0,0.0,32.814861466789665,36.40923243023165,0.0
2024-05-17 01:00:00,1,107.48308230628547,27.42334706007097,8.529131129522213,0.49157854637165044
2024-05-17 02:00:00,2,372.30155271436377,28.798812676976045,26.534427034131458,1.3675673443121623
2024-05-17 03:00:00,3,183.65873984228344,33.2974396708613,29.839999034474374,0.6442748682330912
2024-05-17 04:00:00,4,602.1572308870549,31.89999511298952,29.440320146584103,2.1244010716405013
2024-05-17 05:00:00,5,635.8033074968572,33.252340928288255,31.770069476357637,2.1690407748606297
2024-05-17 06:00:00,6,610.5450493579704,36.96208252240199,13.309702888557165,2.646416586438149
2024-05-17 07:00:00,7,707.3283488472963,34.11092026655778,15.46014014763166,2.9898719740578765
2024-05-17 08:00:00,8,1000.1368459610948,35.70947088609824,15.057674779347597,4.247697461739243
2024-05-17 09:00:00,9,848.2389821158681,32.21685643728196,0.0,4.241194910579341
2024-05-17 10:00:00,10,873.6577854413916,29.511165236416456,36.83660643692212,2.7591595270640834
2024-05-17 11:00:00,11,1082.4300247629885,31.759213791226752,47.8931490338401,2.820100999081091
2024-05-17 12:00:00,12,1027.084230102873,29.51855682771236,45.92620165707072,2.7769172769892765
2024-05-17 13:00:00,13,916.4108152508983,36.60769713918712,24.750062790784906,3.4479928152737855
2024-05-17 14:00:00,14,983.255824321438,34.30398549847618,13.779895210722248,4.238821010383103
2024-05-17 15:00:00,15,841.8193178200646,33.494349758754616,44.886292847253785,2.319789167892982
2024-05-17 16:00:00,16,954.0911156582471,35.64064187555408,42.778460447491035,2.72972812556679
2024-05-17 17:00:00,17,878.263017481086,25.8726430253001,34.348412848725914,2.882968051695023
2024-05-17 18:00:00,18,749.6672770923032,33.69722612289775,64.88622504846546,1.316182402817441
2024-05-17 19:00:00,19,637.6943139084821,28.000874915956658,29.471489572658744,2.24878150339753
2024-05-17 20:00:00,20,640.8950499893898,31.91104517347279,24.862200321502225,2.4077721940521797
2024-05-17 21:00:00,21,382.65833855614795,30.99768949146813,22.003653378507995,1.4922976205814777
2024-05-17 22:00:00,22,164.26911506885693,33.91802210516062,0.0,0.8213455753442847
2024-05-17 23:00:00,23,166.48410524663655,32.61737413575264,43.226799282845846,0.47259177616915565
2024-05-18 00:00:00,0,166.8837639629691,35.843085615605524,27.89029265684447,0.6016969689846975
2024-05-18 01:00:00,1,49.3454327651834,30.00204261197232,40.1986248271359,0.1475462368929037
2024-05-18 02:00:00,2,229.90202376700196,33.93507726367001,66.8375600418248,0.38120560297180844
2024-05-18 03:00:00,3,415.999115413206,32.29440374546666,22.184964601907655,1.6185492945726863
2024-05-18 04:00:00,4,495.68761207954077,26.901863284555503,0.0,2.478438060397704
2024-05-18 05:00:00,5,530.1771425785355,29.051884719201063,39.621407390215445,1.600567485138453
2024-05-18 06:00:00,6,796.8554096849853,31.358099994203656,33.33718779785351,2.656031126404734
2024-05-18 07:00:00,7,978.9565980526161,35.144611444445346,15.350922480573603,4.143388647835492
2024-05-18 08:00:00,8,881.715920506351,33.19890326744151,37.94532671242995,2.735729668973535
2024-05-18 09:00:00,9,851.5540693324066,28.30523162312802,45.721926402087504,2.3110357223913125
2024-05-18 10:00:00,10,842.0089842847904,31.386785410628683,11.067801795769054,3.7440854940079076
2024-05-18 11:00:00,11,1012.0829398715047,37.861153441149256,23.97336277193235,3.8472631257163545
2024-05-18 12:00:00,12,1088.3101874653007,32.141404099292735,59.53507459697856,2.2019195275565835
2024-05-18 13:00:00,13,1029.4582810934407,30.825757369552974,15.567556175412697,4.345983924408907
2024-05-18 14:00:00,14,965.7335190155602,33.28295301703882,31.333395108275706,3.3156820990467994
2024-05-18 15:00:00,15,876.7378003681423,34.09791333351607,0.0,4.383689001840711
2024-05-18 16:00:00,16,778.6523131669916,30.439229052329985,0.3630899783740986,3.8791255232575206
2024-05-18 17:00:00,17,860.133446397226,33.31545841788447,33.15034994665599,2.8749809945415636
2024-05-18 18:00:00,18,780.2085108973945,30.821065604757734,54.55975619171202,1.772643247823946
2024-05-18 19:00:00,19,485.10304607346205,33.96571690025848,2.7594063599799803,2.358585408838272
2024-05-18 20:00:00,20,627.1871182544546,32.31681356868401,31.491281241209933,2.1483892946815217
2024-05-18 21:00:00,21,428.60913003661,33.253637575928835,22.485641818925664,1.6611680812668228
2024-05-18 22:00:00,22,370.7866167141845,29.530183456267647,49.061761099849875,0.9443608631582763
2024-05-18 23:00:00,23,23.155972341242787,29.343874942551583,5.643933893548297,0.10924532284947358
2024-05-19 00:00:00,0,0.0,34.51713055611352,38.601552967349704,0.0
2024-05-19 01:00:00,1,118.60864743866782,31.442449497978853,16.92618626007486,0.49266363426321697
2024-05-19 02:00:00,2,299.0417992541363,32.53574286843342,34.4607604965295,0.9799486051432792
2024-05-19 03:00:00,3,526.3922981992469,30.761452360875776,31.378621046169453,1.8060882686554147
2024-05-19 04:00:00,4,556.4863131052105,34.376818964176266,24.964418517147642,2.0878137045549057
2024-05-19 05:00:00,5,589.346926863758,29.85720870204636,39.55623692538769,1.781117300805193
2024-05-19 06:00:00,6,624.9972445732761,31.273834922432687,30.873054686059223,2.160207517349026
2024-05-19 07:00:00,7,891.7533861087674,34.038617080244734,27.3438739584661,3.239567320954162
2024-05-19 08:00:00,8,788.8489697243813,35.19954173962813,22.87166931954514,3.0421302096919103
2024-05-19 09:00:00,9,1054.1570168930723,30.109360769055286,31.551967794906737,3.6077486720761023
2024-05-19 10:00:00,10,943.1750543205476,37.55969058800299,34.44087096292144,3.0916867545377182
2024-05-19 11:00:00,11,1118.6914271832384,32.62036372321619,10.217158398387578,5.021964760393721
2024-05-19 12:00:00,12,1054.3145032047423,28.551853856709123,23.010575241652468,4.058553355805803
2024-05-19 13:00:00,13,980.4852222184136,32.78779478790524,8.896281107376545,4.46629250316789
2024-05-19 14:00:00,14,924.3741165429783,30.531640998684964,29.203091544384286,3.2721414853816944
2024-05-19 15:00:00,15,896.6069023236005,32.98284410368487,18.15335590291944,3.6692133014732806
2024-05-19 16:00:00,16,900.2907391744577,31.552069899154322,45.41566295962512,2.457088657071342
2024-05-19 17:00:00,17,799.5258599886527,31.903459712705768,43.45453955513379,2.2604778945318
2024-05-19 18:00:00,18,659.6018685410512,28.945858512376898,11.545028728712609,2.917253216614308
2024-05-19 19:00:00,19,595.5109161833101,34.65082233428441,29.953853092030503,2.0856622560137823
2024-05-19 20:00:00,20,506.28616237753187,28.21225654068224,42.77033158496728,1.4487294597992784
2024-05-19 21:00:00,21,212.38470481190495,28.35434395592035,26.493833596719426,0.7805792726707754
2024-05-19 22:00:00,22,295.47249428561696,32.782719689577796,15.435649503889104,1.2493219784364518
2024-05-19 23:00:00,23,52.14849424270746,36.489171383669245,8.151929439104087,0.23948692894243342
2024-05-20 00:00:00,0,0.0,30.493784280897632,47.085351231567245,0.0
2024-05-20 01:00:00,1,0.0,33.65448054020275,48.054262965699394,0.0
2024-05-20 02:00:00,2,115.3076452730896,34.77158410268149,25.841048022519026,0.42755470642217314
2024-05-20 03:00:00,3,274.2476321161067,33.99561688397306,45.32275169053355,0.7497552939747786
2024-05-20 04:00:00,4,443.2783233895607,30.61793870456981,0.0,2.2163916169478033
2024-05-20 05:00:00,5,765.022160010846,28.27842342050863,56.55109301418472,1.6619688336199367
2024-05-20 06:00:00,6,665.0364071149312,24.928920875076788,26.861103894456427,2.4320014343191465
2024-05-20 07:00:00,7,807.5733487926778,30.763042073703673,32.83553121598978,2.71201174878922
2024-05-20 08:00:00,8,898.0639147049448,35.08582567777738,23.589645526680613,3.431069103115085
2024-05-20 09:00:00,9,934.3647474085545,28.17906561780505,57.914149637350114,1.9661767471785796
2024-05-20 10:00:00,10,959.7303494309889,33.65219311464715,8.785367520889324,4.377072555119806
2024-05-20 11:00:00,11,895.8213602858707,28.701105981935235,59.48920653213671,1.8145217055320624
2024-05-20 12:00:00,12,1116.074203862337,31.86978130125137,37.925418418902225,3.4639919609105694
2024-05-20 13:00:00,13,1136.020592864841,33.6749384145559,42.45328431836316,3.2687127033038763
2024-05-20 14:00:00,14,831.3131307592537,29.57307726157557,23.415908733421677,3.183268033858582
2024-05-20 15:00:00,15,841.9572452403764,32.0630176141816,3.835616042072587,4.048314990372721
2024-05-20 16:00:00,16,843.6405763942782,30.306289561914866,48.610215310722026,2.1677253788020163
2024-05-20 17:00:00,17,716.19031669842,33.667009548905384,36.22816702378662,2.2836384627836503
2024-05-20 18:00:00,18,747.5840254630169,32.25751507754477,57.23246916617635,1.5986161429931791
2024-05-20 19:00:00,19,550.4996528161917,31.721086595378654,26.124473595686037,2.0334225818594116
2024-05-20 20:00:00,20,673.2044854245281,36.22661345251679,21.615372422021704,2.638444143691308
2024-05-20 21:00:00,21,477.9273199125776,33.53848199919576,57.76176473280604,1.0093403289543463
2024-05-20 22:00:00,22,275.82496755309825,29.480507973711987,68.23788328994888,0.4380392405483784
2024-05-20 23:00:00,23,212.68509328563056,31.293971869697568,30.1869435273146,0.7424098214224044
2024-05-21 00:00:00,0,88.47203394858471,31.192850777126655,14.944850062857878,0.37625010563704
2024-05-21 01:00:00,1,85.4103931753921,31.661505850241273,46.210615255790984,0.22970862498326652
2024-05-21 02:00:00,2,193.52166553916362,38.99407496218812,24.919588676586514,0.7264843124336229
2024-05-21 03:00:00,3,388.9348774026616,32.533102810498626,41.985256508015965,1.1281978573800835
2024-05-21 04:00:00,4,568.9308899598354,25.31283942205131,24.814480512424932,2.1387682257079317
2024-05-21 05:00:00,5,619.886260900994,29.792150217214743,61.28028036423626,1.2000911114074189
2024-05-21 06:00:00,6,580.9470626112677,25.623430869878213,16.010209898986005,2.4396810924260506
2024-05-21 07:00:00,7,729.1273847751679,30.43115236122812,39.6105932504392,2.2015785105715566
2024-05-21 08:00:00,8,860.1075746968883,25.45861644318635,20.22596059535752,3.430712777805052
2024-05-21 09:00:00,9,917.8262841652202,28.805775719160355,24.36986877158462,3.4707661158152234
2024-05-21 10:00:00,10,1123.729200432253,26.85838254346328,21.75888690478847,4.396091172970577
2024-05-21 11:00:00,11,880.5658259818904,32.57302766626807,44.77216132186831,2.431587369140181
2024-05-21 12:00:00,12,1040.44713934687,31.422165220252275,48.36726229867742,2.6860567118994183
2024-05-21 13:00:00,13,1110.5739100400733,32.32943405486183,41.15477657864742,3.2675984931116617
2024-05-21 14:00:00,14,1147.6418059228922,31.10689296666006,27.84033066509459,4.140672661515479
2024-05-21 15:00:00,15,891.5277386565699,27.237653881752383,32.80360062003186,2.9953726992543364
2024-05-21 16:00:00,16,905.3397600020547,32.961111240129846,47.9544313691885,2.3559461306694676
2024-05-21 17:00:00,17,838.934168867127,37.187220813173994,48.5862317441521,2.156638347002341
2024-05-21 18:00:00,18,722.7453197108109,32.648184868185275,0.0,3.6137265985540545
2024-05-21 19:00:00,19,600.8538129095763,30.14277333441294,24.555556564546084,2.266554075051667
2024-05-21 20:00:00,20,534.8780311600035,27.136345604049303,25.51482417121029,1.9920242098954861
2024-05-21 21:00:00,21,180.10374554751508,28.696346220085744,43.385051282523236,0.5098282158999025
2024-05-21 22:00:00,22,313.38460430753156,32.77966610208181,28.664583645785086,1.1177710613639331
2024-05-21 23:00:00,23,140.62042451300937,34.63990121276376,44.38366761898575,0.3910396134637427
2024-05-22 00:00:00,0,0.0,32.07022667012427,8.426784579388954,0.0
2024-05-22 01:00:00,1,294.27516787761624,33.68729001507629,35.2010903092156,0.9534355013771038
2024-05-22 02:00:00,2,204.82432359927662,33.41066287804007,48.00411306900989,0.5325011185292259
2024-05-22 03:00:00,3,350.43735323988733,32.807231320116095,0.5123426136370348,1.7432095667256884
2024-05-22 04:00:00,4,659.3242641763786,29.312207360174575,80.27286936417806,0.6503287945387295
2024-05-22 05:00:00,5,542.196524620732,31.809398681883803,53.81771865733039,1.2519936221526167
2024-05-22 06:00:00,6,663.0975585516244,28.74249473431193,30.027066049312836,2.319944083369736
2024-05-22 07:00:00,7,781.5913064167673,31.339915004832648,13.431837855224636,3.383046147241676
2024-05-22 08:00:00,8,933.2841623548024,32.28021873915908,26.498296994525884,3.4298987660557687
2024-05-22 09:00:00,9,940.5037330995517,36.32397956811891,31.67604719222681,3.212946633791414
2024-05-22 10:00:00,10,862.5157985168873,27.35843222285545,38.81325113624095,2.6387268777438693
2024-05-22 11:00:00,11,948.8713763236351,32.73215103893226,60.013216989200615,1.8971156915105882
2024-05-22 12:00:00,12,951.4116453430231,35.73133792082913,20.47803061114308,3.7829063868584942
2024-05-22 13:00:00,13,985.2671777559666,33.564171443474734,41.254196751451225,2.8940155885852468
2024-05-22 14:00:00,14,999.9933189794548,33.786464474433465,4.1514167479977395,4.792397144282416
2024-05-22 15:00:00,15,957.3359929823246,33.050712851561784,21.727985713494654,3.7466308259849144
2024-05-22 16:00:00,16,723.9444634605666,35.18263161528459,37.53433695738717,2.261083545804644
2024-05-22 17:00:00,17,878.4686192961038,28.02519364162124,43.8252498201761,2.467387761488673
2024-05-22 18:00:00,18,727.3122888662775,27.129848148047603,14.935350466707607,3.0934282476833306
2024-05-22 19:00:00,19,719.5239928162332,31.268625724562575,21.18416607976172,2.835494175971548
2024-05-22 20:00:00,20,535.5358661832537,24.804141835243215,59.21113271167091,1.0921950686944548
2024-05-22 21:00:00,21,470.7892689839509,34.979565558492375,53.2381723925609,1.1007483317829894
2024-05-22 22:00:00,22,296.1426700185312,34.94977373244467,34.16914434104733,0.9747662682223388
2024-05-22 23:00:00,23,238.22425271627185,29.987576480704764,0.0,1.1911212635813593
2024-05-23 00:00:00,0,41.780050881422284,30.040534209651746,80.22265095380017,0.04131493247249387
2024-05-23 01:00:00,1,122.69297250461925,30.93580357418126,29.6013687668551,0.43187086631255384
2024-05-23 02:00:00,2,440.6138227382713,31.308907950952133,23.748658839573462,1.6798697458807814
2024-05-23 03:00:00,3,453.80640214748115,31.53436775721613,19.5528014829177,1.825372686094065
2024-05-23 04:00:00,4,545.8995536803529,32.827542320268186,37.52734074398217,1.7051898402542451
2024-05-23 05:00:00,5,506.6570756856537,30.63496694060784,37.7316517834186,1.5774349607594562
2024-05-23 06:00:00,6,604.0421717894645,33.98242591006666,49.01255746253025,1.5399282762161874
2024-05-23 07:00:00,7,816.7705788625836,32.490689331009186,11.478756713019738,3.6150773560571228
2024-05-23 08:00:00,8,877.6670996058978,29.331955662015368,23.750102437174778,3.346101321960581
2024-05-23 09:00:00,9,874.7497273106213,35.15818400304557,70.61091446448404,1.2854047279050553
2024-05-23 10:00:00,10,977.2044422580332,27.078075041265812,34.491812664999834,3.200744583401679
2024-05-23 11:00:00,11,1118.5350156172979,30.876348567168847,26.549512533465073,4.10784710727394
2024-05-23 12:00:00,12,1055.6321979640238,34.053598202859675,11.167644688325964,4.68871472439918
2024-05-23 13:00:00,13,900.1641805935911,28.98362668489684,40.118686116415034,2.6951506922442445
2024-05-23 14:00:00,14,957.0051201176329,32.08151293993473,50.62036434084888,2.3628282077675435
2024-05-23 15:00:00,15,859.482214043082,32.78286479063042,47.49175291619615,2.2564952229554467
2024-05-23 16:00:00,16,835.0094104717538,28.571274395689557,24.823982727821665,3.1386340932028003
2024-05-23 17:00:00,17,760.264087040864,30.93541284085117,37.22504566727072,2.3862771672402174
2024-05-23 18:00:00,18,668.8951345782273,30.683334509005643,63.433188732972226,1.222968107177759
2024-05-23 19:00:00,19,508.3505992508491,29.497632444136396,51.417645843429376,1.234843442425483
2024-05-23 20:00:00,20,489.78762547854467,38.0578705557856,14.316745156133608,2.0983298966625163
2024-05-23 21:00:00,21,337.83482141730514,28.863526939296847,0.0,1.6891741070865258
2024-05-23 22:00:00,22,24.46314990233961,34.16763688183693,35.9354501416847,0.07836103433049385
2024-05-23 23:00:00,23,294.763954180185,29.97444294898985,45.971362534968655,0.7962847409080164
2024-05-24 00:00:00,0,87.10157233733376,27.75633206559338,8.215510162534748,0.3997286690511627
2024-05-24 01:00:00,1,100.42213422605188,31.32468336171443,29.824209557544446,0.35236013236157804
2024-05-24 02:00:00,2,260.3245690817687,32.96352078541173,24.726018682538427,0.9797833374768645
2024-05-24 03:00:00,3,288.95108457968485,33.77776935744626,32.085726444643974,0.9811951501130765
2024-05-24 04:00:00,4,635.6578302248691,35.703035964214436,19.10607425760575,2.5710428657891002
2024-05-24 05:00:00,5,760.5445245905695,39.851979502054526,55.81021995255987,1.6804147628971096
2024-05-24 06:00:00,6,719.6422794462695,31.767783243516018,32.95937761265525,2.412263315516269
2024-05-24 07:00:00,7,875.235791826063,29.02696411077306,12.419662276705001,3.832672311782105
2024-05-24 08:00:00,8,880.0483460991524,32.3748636126339,48.349243071874405,2.2727581604683134
2024-05-24 09:00:00,9,816.9414974012121,30.21760178102975,4.716248080165897,3.8920625485697444
2024-05-24 10:00:00,10,932.9799567719758,33.79413902180592,55.68988755070265,2.0670223398753413
2024-05-24 11:00:00,11,1001.9990987155668,27.12474774315206,49.82118848445128,2.5139561956599064
2024-05-24 12:00:00,12,963.6361825005245,38.121244259450535,57.79550590641572,2.033488878635374
2024-05-24 13:00:00,13,973.9525991790074,33.584384916575765,26.835072551167684,3.5629585628766867
2024-05-24 14:00:00,14,958.6138616883393,25.96422857886073,20.077720404332467,3.830730253906901
2024-05-24 15:00:00,15,917.4092526820499,28.88915392530431,31.680435218661863,3.1338500434805154
2024-05-24 16:00:00,16,870.2060830242374,33.464483764591044,28.311264272889375,3.1191986957024325
2024-05-24 17:00:00,17,708.5049349795072,34.54527280076359,16.945274288729752,2.9422341519902164
2024-05-24 18:00:00,18,649.7454892563128,27.199527750553337,18.92753371748715,2.633823463497362
2024-05-24 19:00:00,19,505.99468775272317,33.15531818354807,22.672543054670715,1.9563641215882017
2024-05-24 20:00:00,20,578.2252439748959,25.174221014263455,6.599926271202747,2.7003140209553527
2024-05-24 21:00:00,21,214.23167701786394,30.748233035836087,43.55926579198669,0.6045696570751106
2024-05-24 22:00:00,22,351.10627256787507,34.35238115855884,28.95405724857987,1.2472338070260882
2024-05-24 23:00:00,23,241.43414400107946,29.361693441940282,23.832430615327063,0.9194725957515669
2024-05-25 00:00:00,0,0.0,26.357085625510692,7.792916781166454,0.0
2024-05-25 01:00:00,1,0.0,31.31649691205741,6.792540446650701,0.0
2024-05-25 02:00:00,2,229.91420014513758,29.0636959230183,68.71828101444825,0.35960556998640464
2024-05-25 03:00:00,3,377.54869946198426,32.76652762112224,17.454850742768606,1.5582406874481547
2024-05-25 04:00:00,4,419.15214240568685,28.221873226270553,42.21056788418653,1.211128213987561
2024-05-25 05:00:00,5,567.5439575040612,28.559941853965434,33.25268939800354,1.8941016405904925
2024-05-25 06:00:00,6,829.5223970956157,24.814845560296003,0.0,4.147611985478078
2024-05-25 07:00:00,7,846.5475132753746,31.387686656079183,65.84901646277184,1.4455215094674374
2024-05-25 08:00:00,8,792.0602746341905,30.395137708094936,43.681679575522324,2.2303752171174063
2024-05-25 09:00:00,9,796.071598943652,27.31269851070452,14.646596913903824,3.397371003501531
2024-05-25 10:00:00,10,939.7644408802867,31.45924866422601,29.432669911408095,3.3158333752560103
2024-05-25 11:00:00,11,974.3683190257751,33.95906342485715,7.016332651926685,4.530016982539703
2024-05-25 12:00:00,12,1039.6959349890653,30.231148692667883,66.52440956922268,1.7402217646119016
2024-05-25 13:00:00,13,948.6195243683975,31.682353372390654,11.846845835170711,4.181190158770719
2024-05-25 14:00:00,14,1006.8457923180174,31.697786271680226,19.538320066106813,4.050625194213971
2024-05-25 15:00:00,15,1078.6918557161052,27.26486304138785,15.408778437048177,4.5623930882516355
2024-05-25 16:00:00,16,931.2654855799797,37.04760998504752,31.607588004183405,3.1845746383635087
2024-05-25 17:00:00,17,789.5062597047735,29.46530303255788,57.40633000278628,1.6813984543299818
2024-05-25 18:00:00,18,692.4547435022841,32.84620112850555,65.78748898190315,1.1845307770802662
2024-05-25 19:00:00,19,580.227578274331,33.18549835461188,22.020077115554066,2.2623050904630575
2024-05-25 20:00:00,20,594.4512729961715,30.459067141577478,37.565179646358445,1.8557229219254754
2024-05-25 21:00:00,21,332.49835668898567,32.69823759810364,31.638108252081466,1.136510833316662
2024-05-25 22:00:00,22,262.43686182251963,31.6153101883739,10.36781471111884,1.1761394712754292
2024-05-25 23:00:00,23,134.6220243705388,26.624933251242517,78.45111149191888,0.145047749694646
2024-05-26 00:00:00,0,0.0,29.74090457529298,57.25519124592511,0.0
2024-05-26 01:00:00,1,20.728948389323506,28.900069971981058,33.78231699422069,0.06863114667436916
2024-05-26 02:00:00,2,284.65700539193426,29.352487555004863,61.63752186997975,0.5460074071952568
2024-05-26 03:00:00,3,377.8031146166591,26.82571314553333,54.242134254356095,0.8643732098457602
2024-05-26 04:00:00,4,540.0192375549254,34.11702382928134,31.637226821635114,1.8458606324460458
2024-05-26 05:00:00,5,566.0734044935873,35.54370064288348,36.51927210655987,1.7967375879185343
2024-05-26 06:00:00,6,804.7724850915914,33.67173160703847,60.24252284753308,1.5997861844481482
2024-05-26 07:00:00,7,723.2114377942878,34.54931035148467,11.07692837740639,3.2155091240630176
2024-05-26 08:00:00,8,1002.9886265058699,29.703818168018778,63.47381394642679,1.8317674590685629
2024-05-26 09:00:00,9,784.0686117250257,28.828952174085135,25.497748786297677,2.9207438339758345
2024-05-26 10:00:00,10,1000.7074314536196,28.40196153860811,60.49353485695134,1.9767206629556084
2024-05-26 11:00:00,11,1029.4793159759402,32.66991744791491,29.8954680507436,3.6085582798966955
2024-05-26 12:00:00,12,936.3554345647294,31.418911838475694,36.75212444945944,2.961124599821117
2024-05-26 13:00:00,13,1025.3963764026912,30.506057544247966,29.31383286855082,3.6240669819191496
2024-05-26 14:00:00,14,1068.2873198698812,34.62316831162927,19.36312754377545,4.307167417947479
2024-05-26 15:00:00,15,746.5340253629616,31.952546740489275,24.59890203711376,2.8144742589510234
2024-05-26 16:00:00,16,906.2449883837039,28.22174976648149,57.58222806337134,1.9220446617986322
2024-05-26 17:00:00,17,593.8916746648291,28.69499619163616,0.0,2.9694583733241453
2024-05-26 18:00:00,18,629.853596904691,32.78370257680568,5.220681103903257,2.9848547459441637
2024-05-26 19:00:00,19,739.0947382007963,33.862921237007036,15.490565812837955,3.123023906802898
2024-05-26 20:00:00,20,453.4574373286356,32.39276337581115,8.433104151279576,2.076084496784942
2024-05-26 21:00:00,21,288.7730352123721,36.42838892265949,60.19959220830978,0.5746642280348264
2024-05-26 22:00:00,22,242.9840267837465,35.6427441762375,55.153539557064086,0.5448486772711283
2024-05-26 23:00:00,23,295.9586992731362,32.060830183595534,41.840636187892315,0.860638483219225
2024-05-27 00:00:00,0,0.0,28.08015064565726,17.243918650449295,0.0
2024-05-27 01:00:00,1,46.42139928890401,26.665930088906464,56.70103733588273,0.10049992173131674
2024-05-27 02:00:00,2,378.61357975689094,29.433747389057622,0.0,1.8930678987844547
2024-05-27 03:00:00,3,531.2996198481084,32.855532963350235,72.83965280295872,0.7215141070365334
2024-05-27 04:00:00,4,491.72550205677715,36.07583386203758,16.307404056448984,2.057689187938881
2024-05-27 05:00:00,5,509.6372128065892,31.848233727334165,24.759295563171236,1.9172731449394893
2024-05-27 06:00:00,6,874.7742613312803,34.10206100679547,21.413122990105716,3.4372888643331225
2024-05-27 07:00:00,7,920.9087316311711,29.859970165538357,8.53785171802646,4.211414548330717
2024-05-27 08:00:00,8,920.3411628054171,32.46419999978441,68.50226247873839,1.4494332188028867
2024-05-27 09:00:00,9,858.887344596293,33.06596311253328,45.77789261568974,2.3285340914862647
2024-05-27 10:00:00,10,962.0034790220254,24.65710979654418,54.30941084159575,2.1977252864475463
2024-05-27 11:00:00,11,978.6160548902237,29.355576216972235,5.52661455878458,4.622658587630287
2024-05-27 12:00:00,12,1026.4681043692462,33.44499377693538,33.618756540079985,3.406911456998876
2024-05-27 13:00:00,13,1107.5249764243172,31.41929763101146,40.420573786628076,3.299285130616954
2024-05-27 14:00:00,14,1036.2791895800608,27.006347479648966,35.415130470996864,3.346397812732466
2024-05-27 15:00:00,15,837.6894463525061,23.305525496919696,6.792530978640002,3.9039456560210706
2024-05-27 16:00:00,16,976.1451197860017,29.498550388195746,51.51000042261274,2.366663822294593
2024-05-27 17:00:00,17,818.4039114922878,30.38113554542013,32.431001655703085,2.7649366270294253
2024-05-27 18:00:00,18,762.072044855261,27.944123774616727,10.900719287139943,3.3950035523991087
2024-05-27 19:00:00,19,726.0846977510089,31.025147435185747,0.0,3.630423488755045
2024-05-27 20:00:00,20,411.0735800389158,32.11505286580045,42.1333302697976,1.189372954546193
2024-05-27 21:00:00,21,379.8173860685729,32.60795413628046,79.00911468263001,0.3986351596254328
2024-05-27 22:00:00,22,216.30268099378384,23.528135849304796,9.694914533074371,0.97666160469344
2024-05-27 23:00:00,23,5.097438190815524,26.653037330677403,33.40894100825932,0.016972190363567424
2024-05-28 00:00:00,0,27.73679820839359,29.538536440342302,52.20994558183153,0.06627715478824438
2024-05-28 01:00:00,1,331.45071634680545,32.1689237785189,4.606954677973974,1.5809046603244403
2024-05-28 02:00:00,2,111.61282554206059,31.920106426056616,20.400864618299508,0.44421422053282994
2024-05-28 03:00:00,3,380.1009834811322,31.868014229036536,12.796824414771962,1.6573006401311514
2024-05-28 04:00:00,4,551.2434348059818,29.302150559499715,49.69353389649092,1.3865554583924522
2024-05-28 05:00:00,5,618.6076851412151,29.469504073476628,56.51045138708119,1.3451484497637023
2024-05-28 06:00:00,6,698.0565369852883,28.267416580141287,33.1807252946347,2.3321815752347987
2024-05-28 07:00:00,7,689.4160312155694,32.75698676972405,13.16531862011798,2.993261070439338
2024-05-28 08:00:00,8,884.6483432196516,27.690938022187776,21.144181241443043,3.487983470899327
2024-05-28 09:00:00,9,863.3384143500125,33.00251357097522,17.390029715064937,3.5660180377648745
2024-05-28 10:00:00,10,790.7320898907841,31.075964099819448,10.454622767539867,3.540320163954092
2024-05-28 11:00:00,11,1087.0122390149086,30.31727095004105,27.959235983630705,3.9154596096889125
2024-05-28 12:00:00,12,1076.6708655873633,28.48227318607711,41.49652968923724,3.1494491009676775
2024-05-28 13:00:00,13,995.5777395218967,26.38577880191413,39.805148888570386,2.996432690018711
2024-05-28 14:00:00,14,984.2518013455247,28.509446116272372,29.835352708609786,3.4529840243662107
2024-05-28 15:00:00,15,1009.8249735285317,29.46238377953185,31.141076736507276,3.4767730180879863
2024-05-28 16:00:00,16,883.9725763266853,23.345331450662755,28.368984098204425,3.165992683580399
2024-05-28 17:00:00,17,865.6747446721405,29.860338919402516,4.055769216674534,4.15282487430601
2024-05-28 18:00:00,18,683.3082051166397,33.22547648948453,33.20269793965745,2.2821572288743344
2024-05-28 19:00:00,19,713.7201280946365,32.15405810170813,18.327488290907006,2.914565775941228
2024-05-28 20:00:00,20,525.6628580746146,28.96378675818199,3.0531356168112467,2.5480682906519534
2024-05-28 21:00:00,21,398.20758785355986,30.593213280652193,37.41411134231167,1.246108787802477
2024-05-28 22:00:00,22,157.2141580055585,28.78391067714051,17.7653992716291,0.6464221756217059
2024-05-28 23:00:00,23,153.4826605641887,30.8986865854136,34.55507842517672,0.5022330341859277
2024-05-29 00:00:00,0,0.0,34.92762395285143,46.95275630138855,0.0
2024-05-29 01:00:00,1,79.46357409777204,33.21279688949396,10.995225577095361,0.3536318743704984
2024-05-29 02:00:00,2,193.58899483723113,31.86968339869759,31.842425641459428,0.6597278155306854
2024-05-29 03:00:00,3,297.3846378131518,28.828645744468176,0.0,1.486923189065759
2024-05-29 04:00:00,4,669.9817122413568,32.557115660453846,60.650661812185525,1.3181668487318077
2024-05-29 05:00:00,5,715.2685539677929,25.246669627500175,2.81867006222436,3.4755374668629884
2024-05-29 06:00:00,6,860.7361813580885,29.55024003564666,19.703606752052504,3.4557005450532867
2024-05-29 07:00:00,7,695.5217387267902,32.05843474109118,56.767598075279146,1.5034537678008641
2024-05-29 08:00:00,8,871.7257037773098,32.528564123762585,25.309541478380282,3.255479626010446
2024-05-29 09:00:00,9,820.3989224949589,32.31695395226656,6.052046273993994,3.8537400003710798
2024-05-29 10:00:00,10,910.2702361133032,31.191792549248415,44.261464645730705,2.5368564868770207
2024-05-29 11:00:00,11,917.9947027004843,29.720125544367683,43.8106492430237,2.579076317154185
2024-05-29 12:00:00,12,1099.1667205153249,31.9212283910988,17.336273212695332,4.543060873918824
2024-05-29 13:00:00,13,959.7464871256694,27.44871735986043,19.50146958439202,3.8629090892579305
2024-05-29 14:00:00,14,1051.3961729845898,27.77326869173958,21.291820587638277,4.13767393083708
2024-05-29 15:00:00,15,972.2092036783682,30.492504511000224,25.859520786279376,3.604002812835197
2024-05-29 16:00:00,16,1050.316503952822,30.826893409745576,0.0,5.25158251976411
2024-05-29 17:00:00,17,674.9978024400574,24.830454945925393,26.37152277763801,2.484953016105108
2024-05-29 18:00:00,18,807.8454403694916,31.672739624467887,65.67828396366298,1.3863320902805663
2024-05-29 19:00:00,19,700.476698640779,32.625485615377514,12.080600655265915,3.07927452997398
2024-05-29 20:00:00,20,422.1296929578371,30.075444769220447,18.330128130604724,1.723763896806686
2024-05-29 21:00:00,21,463.25409928294266,37.43069933147131,6.327646736072083,2.169705081949727
2024-05-29 22:00:00,22,285.7106421446193,28.258495162673775,42.243238527907074,0.825086070419264
2024-05-29 23:00:00,23,112.32809142377937,29.224038991458723,54.063947162847526,0.25799545713696115
2024-05-30 00:00:00,0,0.0,28.975423191776898,53.6063567835525,0.0
2024-05-30 01:00:00,1,72.9974361041167,29.932061076285475,5.0397882221267984,0.34659259958443445
2024-05-30 02:00:00,2,422.8040127653949,29.174449471259653,39.9958346099392,1.2685000954778065
2024-05-30 03:00:00,3,382.7380578816884,25.94019227634391,58.67500068428471,0.7908324990029487
2024-05-30 04:00:00,4,562.5704001225166,28.5209790214491,40.193262154202465,1.6822750219966385
2024-05-30 05:00:00,5,545.4894784753163,29.8677618228363,39.56819366687553,1.6482457259988692
2024-05-30 06:00:00,6,644.7185454888164,33.84634015634452,20.56714842729683,2.5605916264991113
2024-05-30 07:00:00,7,879.9121250312307,36.767353730277264,34.402196475873275,2.886015134814775
2024-05-30 08:00:00,8,758.0593068603159,34.16704560371049,54.7263635941281,1.716005071644061
2024-05-30 09:00:00,9,890.6624310788649,27.834486821140707,36.56417936857528,2.824995111053378
2024-05-30 10:00:00,10,968.6480191748469,28.07319507828003,5.034504879405471,4.599406936926124
2024-05-30 11:00:00,11,1000.3546695210144,29.682638177630473,20.87916651428057,3.9574447616917037
2024-05-30 12:00:00,12,985.6725371987075,35.514300576719286,54.18559077777987,2.257900248916279
2024-05-30 13:00:00,13,1023.1104438614841,29.66435175361285,36.4948664070219,3.2486382708897334
2024-05-30 14:00:00,14,1021.3542867544934,26.178101438546236,32.381241564861526,3.4531354396372618
2024-05-30 15:00:00,15,982.6505361480332,28.657092499299424,18.919689335066,3.9836805372973245
2024-05-30 16:00:00,16,787.1610990910126,32.43179191561678,53.7719836106887,1.8194448094903812
2024-05-30 17:00:00,17,770.6209324569315,32.230444740846785,63.24825195644514,1.4160833173373228
2024-05-30 18:00:00,18,802.6878101367026,29.55997391068356,55.26378246036066,1.7954608245346126
2024-05-30 19:00:00,19,680.3332040146305,32.21086793083862,58.85183242890746,1.3997232341486152
2024-05-30 20:00:00,20,390.1712438815148,23.341107302518033,22.82587518467667,1.5055562137330991
2024-05-30 21:00:00,21,410.80182439326603,30.47211161525662,19.996618052521924,1.6432767630827638
2024-05-30 22:00:00,22,100.56102515253622,32.74268017426442,26.87309653001628,0.367685818958606
2024-05-30 23:00:00,23,134.28098438488158,27.662034084694923,30.771464839525073,0.46480379244359793
2024-05-31 00:00:00,0,151.82136133967816,27.503402524968894,58.62039560250511,0.31411539356625034
2024-05-31 01:00:00,1,54.694774838532666,24.41307367616733,53.31773478936833,0.12766379923240828
2024-05-31 02:00:00,2,192.07320146319427,34.78210491888984,40.76938774508989,0.5688306660212846
2024-05-31 03:00:00,3,443.80581489091855,27.85195620339306,1.37626468306226,2.1884893609959915
2024-05-31 04:00:00,4,376.5758787832282,30.73554796804409,0.0,1.882879393916141
2024-05-31 05:00:00,5,558.1410266179175,31.82416925890788,34.80925489603406,1.8192814699157267
2024-05-31 06:00:00,6,754.8220721930877,34.548621981882114,47.60526411201433,1.977435155748944
2024-05-31 07:00:00,7,742.610472476083,29.550724812500853,28.40865902027725,2.658223977507414
2024-05-31 08:00:00,8,847.1478048075608,28.3941287531225,68.2980900995681,1.3428101690178984
2024-05-31 09:00:00,9,983.4143893364893,30.53162108016942,8.351179124391287,4.506438460739802
2024-05-31 10:00:00,10,999.6495129719933,33.86465896408462,5.83296101008802,4.706701733214011
2024-05-31 11:00:00,11,1012.7903330774424,29.501900540255406,16.714380510513582,4.217543515165904
2024-05-31 12:00:00,12,972.8702176583969,27.14781088970553,15.954055736175285,4.088289804462632
2024-05-31 13:00:00,13,1021.0497505953267,25.39014470951167,40.52571737363959,3.0363100721240635
2024-05-31 14:00:00,14,956.027211881088,26.34852598064208,21.565762963129945,3.7492632475189622
2024-05-31 15:00:00,15,960.5039813053496,32.605592626677755,0.0,4.802519906526748
2024-05-31 16:00:00,16,826.2708417750005,29.050544705537323,47.831569133902335,2.1552626642905715
2024-05-31 17:00:00,17,778.7478223408721,28.189855404695628,0.0,3.89373911170436
2024-05-31 18:00:00,18,627.9101577823866,27.86451646490593,8.575635539785814,2.8703143556683752
2024-05-31 19:00:00,19,605.9608202082219,30.267555715058304,0.0,3.029804101041109
2024-05-31 20:00:00,20,435.1199309096923,29.294052853161006,34.142425541417474,1.4327971624149174
2024-05-31 21:00:00,21,293.55971635213047,29.1930217033,33.72095424302424,0.972842893625384
2024-05-31 22:00:00,22,279.5119369309521,34.06038991788998,68.32908642032706,0.44261991995135896
2024-05-31 23:00:00,23,147.54537428866482,34.62646698004266,48.276533122911005,0.38157791399437263
2024-06-01 00:00:00,0,62.6298987958858,25.03266205235991,58.83292366684401,0.1289144912234033
2024-06-01 01:00:00,1,96.03614665404365,30.845505264515776,35.77219302596986,0.30840955449127827
2024-06-01 02:00:00,2,291.4632728494613,27.532140775222725,10.461363578188731,1.3048612008989546
2024-06-01 03:00:00,3,426.74723814698285,29.11797372950362,32.56215203986993,1.4389457681780826
2024-06-01 04:00:00,4,535.5819046265275,30.790562226466985,41.84842014774613,1.5572466947155863
2024-06-01 05:00:00,5,542.7091343845492,29.224567320294142,44.0761476450315,1.5175192751507145
2024-06-01 06:00:00,6,719.0558597682426,30.5541067129698,20.551757117833155,2.856386229635632
2024-06-01 07:00:00,7,822.4845639756082,31.881637689182654,39.775729475647985,2.4766766441485375
2024-06-01 08:00:00,8,866.5996811370738,30.74645747270786,11.33944058317471,3.8416606260027697
2024-06-01 09:00:00,9,756.9613198415998,27.92221815858403,9.13444811778566,3.4390854040448167
2024-06-01 10:00:00,10,978.7649962069468,27.97512825017593,7.684305772290301,4.517768505531297
2024-06-01 11:00:00,11,1168.4473445255896,25.543611181232794,30.49251977113594,4.060791534904057
2024-06-01 12:00:00,12,971.1968584994414,27.300966178524746,6.4432728984739285,4.543099972624583
2024-06-01 13:00:00,13,933.1986935453846,35.74893215678249,21.505112202579845,3.6625663371272017
2024-06-01 14:00:00,14,995.7937110659803,27.486716348801167,48.058331028279156,2.5861593652155292
2024-06-01 15:00:00,15,948.8697893486126,26.28259063375544,9.4174064384339,4.297554323570711
2024-06-01 16:00:00,16,961.4442170177518,30.822510656621223,19.913759329913663,3.8499226477473196
2024-06-01 17:00:00,17,692.7238878185243,29.531632793211323,31.432625535523393,2.3749129108270424
2024-06-01 18:00:00,18,765.617201392547,29.275947360539224,34.937738030645335,2.4906393462623035
2024-06-01 19:00:00,19,655.9951939088378,34.08986497032317,20.01418818388878,2.623515406613284
2024-06-01 20:00:00,20,488.6282770447562,31.510107097761995,45.73720137470314,1.3257168899952685
2024-06-01 21:00:00,21,409.7784177988251,28.272748275976475,41.80904601569449,1.1922698526946478
2024-06-01 22:00:00,22,341.17564363038963,28.58929931831156,52.79713208723406,0.8052234420669091
2024-06-01 23:00:00,23,200.31142262232802,28.354967529369844,28.367961513058802,0.7174357767328272
2024-06-02 00:00:00,0,0.0,32.33581394147941,19.74362381087313,0.0
2024-06-02 01:00:00,1,196.13884716049034,28.787152188379228,16.34735955975756,0.8203766228940084
2024-06-02 02:00:00,2,253.64395669991933,24.332134569376187,36.140550358587255,0.8098781739863588
2024-06-02 03:00:00,3,388.513360206331,29.566636040535606,22.456884343774544,1.5063268212234155
2024-06-02 04:00:00,4,505.85575928013543,25.10051707335485,18.616604446384216,2.058412967528495
2024-06-02 05:00:00,5,596.7419899048598,36.26428688200335,21.034254715093553,2.356108798781769
2024-06-02 06:00:00,6,802.4433809551127,26.814591335196948,16.326190297514962,3.3571747377528403
2024-06-02 07:00:00,7,786.6559035032984,29.226000780665448,33.98042225525464,2.5967345289849457
2024-06-02 08:00:00,8,776.461713513785,30.48620328084205,1.7483363491187802,3.814432755697165
2024-06-02 09:00:00,9,892.3971440337083,28.84562059470095,36.06032584949926,2.8529791301176393
2024-06-02 10:00:00,10,980.2214036339064,28.841503872340063,43.530975208059004,2.7676073371697134
2024-06-02 11:00:00,11,1089.7820441175743,30.97707693522127,18.382417236454046,4.44726880899962
2024-06-02 12:00:00,12,1048.2475747959068,34.290242953127475,68.44073879213094,1.6540959511749642
2024-06-02 13:00:00,13,923.4020390740467,32.01412232219053,30.352426219537065,3.2156355822719793
2024-06-02 14:00:00,14,1164.7410196233798,34.14713671245927,0.0,5.823705098116899
2024-06-02 15:00:00,15,945.0615573895252,26.571737752458134,24.37514187326659,3.5735073099306285
2024-06-02 16:00:00,16,968.0566628243599,30.663682976504724,31.253122898715933,3.327543621313273
2024-06-02 17:00:00,17,781.216185605057,30.177333232913476,38.97935111140428,2.383515928394711
2024-06-02 18:00:00,18,749.7755207629837,30.764868951768843,24.85138951778307,2.8172294279459402
2024-06-02 19:00:00,19,675.9189093701931,33.84029098864536,9.768594485912185,3.049455660301093
2024-06-02 20:00:00,20,597.4555769403404,29.049227627362477,8.100387637754345,2.745296796223956
2024-06-02 21:00:00,21,467.27289679534795,28.495084977076377,16.928014296366577,1.9408643701139259
2024-06-02 22:00:00,22,328.59480510835925,31.31353746899463,18.84449274962474,1.333363904420355
2024-06-02 23:00:00,23,105.3192537245233,24.376986894041096,7.300516702014853,0.4881520200796354
2024-06-03 00:00:00,0,0.0,28.84851078771805,15.343736777926019,0.0
2024-06-03 01:00:00,1,157.13479304598738,29.15647386722823,43.1891704887871,0.4463478969007656
2024-06-03 02:00:00,2,333.46929088980636,26.79799108616381,62.968252153889736,0.6174475347326253
2024-06-03 03:00:00,3,364.86577630296125,32.730243969154316,45.10923427741926,1.0013880923616698
2024-06-03 04:00:00,4,585.2137572571507,26.372345983054736,56.11722172373625,1.284040277696739
2024-06-03 05:00:00,5,724.9707686476149,29.1514477899932,49.48236936467396,1.8311902755974307
2024-06-03 06:00:00,6,633.801107660674,30.43853861105349,46.66260656796689,1.6902649518477872
2024-06-03 07:00:00,7,726.399683987533,33.61942161951294,23.244074738853435,2.7877739926933782
2024-06-03 08:00:00,8,854.7953990720116,29.527397630442028,32.81821756773894,2.871333926227683
2024-06-03 09:00:00,9,948.4885459664223,32.367527717469216,21.58761315087957,3.7186625394139425
2024-06-03 10:00:00,10,923.9604651877042,31.66085312691597,25.61785675332746,3.436307983792701
2024-06-03 11:00:00,11,1099.6210756831817,29.929439603592016,31.36334200773172,3.7737157846378344
2024-06-03 12:00:00,12,1033.9253489214761,26.29052671026422,44.271323031580536,2.8809645889752664
2024-06-03 13:00:00,13,994.6006252330694,25.25532435237154,38.466467630302475,3.060064488385023
2024-06-03 14:00:00,14,851.0530643795863,29.878583139342147,26.763414739712875,3.1164110155232096
2024-06-03 15:00:00,15,818.6142671970863,27.930976313376746,31.110774817833324,2.8196851295137217
2024-06-03 16:00:00,16,888.5061438069832,32.316850210128464,38.669273483870526,2.724636365686345
2024-06-03 17:00:00,17,622.7456901988485,31.79663648938032,43.3478887611567,1.7639929057327703
2024-06-03 18:00:00,18,788.1177739580734,29.005233951773437,0.0,3.940588869790367
2024-06-03 19:00:00,19,596.1091214589351,26.08592816326078,8.452220722021263,2.7286233138456204
2024-06-03 20:00:00,20,759.4474375675786,31.091273583906407,52.146210678786844,1.8171218838947043
2024-06-03 21:00:00,21,567.3167324143787,26.505218596679136,28.78260860137884,2.0201408889670818
2024-06-03 22:00:00,22,244.3031195627197,27.283675166291992,21.518468132660423,0.9586641531626028
2024-06-03 23:00:00,23,122.0192320175468,26.620819720439123,24.730010541479224,0.4592193153848774
2024-06-04 00:00:00,0,79.64652112016238,28.989684777685092,24.72589388846892,0.2997660341106702
2024-06-04 01:00:00,1,266.7800010134946,32.91576484571664,41.15875563048748,0.7848833616266917
2024-06-04 02:00:00,2,127.77672050763948,29.390065232834363,7.839672120384659,0.5887972228683012
2024-06-04 03:00:00,3,239.77339513671487,28.075531766221864,30.495554929935224,0.8332658385771367
2024-06-04 04:00:00,4,450.23721555564936,24.828343053369217,34.92235458900809,1.4650188932381443
2024-06-04 05:00:00,5,655.3804356626298,31.061561597694478,37.925358331310065,2.034125285021382
2024-06-04 06:00:00,6,746.8566684271553,27.06397402571907,34.457279924205864,2.4475508777730623
2024-06-04 07:00:00,7,878.9350566899434,29.75774070097924,40.31812460628056,2.6228246266270463
2024-06-04 08:00:00,8,770.0496015152138,28.342531995755028,18.546076978833742,3.136178048214999
2024-06-04 09:00:00,9,738.5880234737765,31.919719502303263,11.163945353500889,3.280662300728309
2024-06-04 10:00:00,10,1034.56696191324,28.933478667419294,79.14008886501027,1.0790487444353245
2024-06-04 11:00:00,11,925.1891595365914,29.228408779935798,23.974706308515273,3.516888878697364
2024-06-04 12:00:00,12,838.520970848909,30.86242928587133,26.31091058690864,3.089492339781871
2024-06-04 13:00:00,13,1003.0499610505608,35.72600839029451,43.55680195435769,2.83076738006253
2024-06-04 14:00:00,14,1029.3798813465626,32.07052863458061,61.92178584388482,1.959847378495542
2024-06-04 15:00:00,15,914.1149619415846,29.139369524459124,19.10943766130608,3.697163665683428
2024-06-04 16:00:00,16,829.3975328898396,29.414781815350818,10.023694636209488,3.7313062843635336
2024-06-04 17:00:00,17,780.6043617195628,27.830609462531648,5.1569329841677956,3.7017455895709714
2024-06-04 18:00:00,18,677.4601601944851,26.555200732945867,61.86212443005851,1.2918445646544952
2024-06-04 19:00:00,19,500.91766005350735,27.746935482305986,9.237860270779315,2.273217932730535
2024-06-04 20:00:00,20,442.82554584076536,27.088740952369122,29.448881269688666,1.562091883071338
2024-06-04 21:00:00,21,424.38582476619507,31.365292994892606,10.45430335914062,1.9000962161597308
2024-06-04 22:00:00,22,284.55332841264106,26.191603269897993,1.0328816408339208,1.4080711466254254
2024-06-04 23:00:00,23,143.97097669739762,33.40481952764508,24.15249293812628,0.545991983588036
2024-06-05 00:00:00,0,0.0,31.506142550552028,11.244266673176792,0.0
2024-06-05 01:00:00,1,116.0059392491982,29.311508587798546,16.167431491533744,0.4862537924748691
2024-06-05 02:00:00,2,84.65384138709243,29.250959234090747,70.12210194834807,0.12646394213221301
2024-06-05 03:00:00,3,396.96156547592096,27.57815947085188,38.49792208344806,1.2206980564888261
2024-06-05 04:00:00,4,614.3086166250853,30.06025663373883,48.62939039107978,1.5778704062021547
2024-06-05 05:00:00,5,490.83085844535213,32.514280789321305,46.49319125698506,1.313139643400265
2024-06-05 06:00:00,6,660.2325673211271,27.1405340129281,27.982781538419502,2.377405651810788
2024-06-05 07:00:00,7,819.6818825880457,24.64982713293935,21.205632812447526,3.2293157616813377
2024-06-05 08:00:00,8,966.2528145386372,31.359658164265774,34.97869223722233,3.141351081538343
2024-06-05 09:00:00,9,888.0215632072747,30.223101322426942,33.369015398649886,2.9584875551865384
2024-06-05 10:00:00,10,910.5457999477967,25.889406995372003,18.62389165669384,3.704833683404714
2024-06-05 11:00:00,11,833.9310099805236,27.049829286953187,32.59695660933721,2.8104744025268236
2024-06-05 12:00:00,12,1008.2750503446485,26.67269057754512,15.87340586607416,4.241137296785395
2024-06-05 13:00:00,13,1154.8109445853097,27.076406592592793,26.570841387183204,4.239839800888575
2024-06-05 14:00:00,14,988.1145032462425,28.278955137571977,23.29433050965326,3.789699225231222
2024-06-05 15:00:00,15,922.0972141765898,28.4503614868533,4.622548147884416,4.39736413240488
2024-06-05 16:00:00,16,891.7919886457976,27.297622434490158,0.0,4.4589599432289875
2024-06-05 17:00:00,17,792.4659799753472,26.975511941195755,11.218735001206017,3.5178066085360133
2024-06-05 18:00:00,18,642.0656314057372,28.563650367937395,66.08209329172601,1.0888761093304415
2024-06-05 19:00:00,19,674.6238222629371,29.753078004274222,23.80636435926544,2.570102085403095
2024-06-05 20:00:00,20,518.0609218489402,28.301113790601008,45.51936321792809,1.411214445711873
2024-06-05 21:00:00,21,384.0924925197825,32.72600446971944,0.0,1.9204624625989126
2024-06-05 22:00:00,22,180.78976292026107,30.7742665429579,9.834278640713446,0.8150519694039868
2024-06-05 23:00:00,23,234.80682677483273,24.477465829119453,2.910207652752991,1.1398673026642254
2024-06-06 00:00:00,0,53.176219626648795,30.664742884397775,25.9539997982577,0.19687431846013648
2024-06-06 01:00:00,1,86.29252523066741,30.91019153591296,78.43910961070486,0.09302718389569527
2024-06-06 02:00:00,2,338.9650333970758,27.78935468378364,39.20477886455836,1.0303727081278793
2024-06-06 03:00:00,3,342.8777652942732,24.60796682624675,63.91225066556173,0.6186843423146045
2024-06-06 04:00:00,4,437.4397205991169,29.117759866389623,24.91126544628673,1.6423397531658794
2024-06-06 05:00:00,5,547.9851796102977,29.07043363370948,57.29738747710144,1.170019939659476
2024-06-06 06:00:00,6,565.4212969395003,25.72862087855663,71.46513413365781,0.8067110433070938
2024-06-06 07:00:00,7,831.0767307246917,24.73990193937641,27.812618671790837,2.9996626436912366
2024-06-06 08:00:00,8,719.5338135173705,28.830898948795895,19.214705775452703,2.9063875414755667
2024-06-06 09:00:00,9,825.6040260100256,28.394328012003747,3.6437812601969455,3.977604106134204
2024-06-06 10:00:00,10,799.8787855627857,27.841763492189035,23.818794828460607,3.0467864937660165
2024-06-06 11:00:00,11,984.5592859505388,28.84332738391653,31.637933504015823,3.3653253687694713
2024-06-06 12:00:00,12,987.9743631782502,25.785230466695257,70.61907234698297,1.451380164378787
2024-06-06 13:00:00,13,965.3091643189011,27.78909774955787,4.100520518078273,4.628632319865573
2024-06-06 14:00:00,14,882.5196107154223,30.693534679999257,31.193237873939562,3.0361658463039762
2024-06-06 15:00:00,15,830.1008322363556,28.04364934710235,0.0,4.150504161181778
2024-06-06 16:00:00,16,903.1749928681646,24.07764217277856,21.46474342322864,3.546553989931248
2024-06-06 17:00:00,17,749.3091857545563,27.6754827549855,36.22790714824038,2.3892507484307983
2024-06-06 18:00:00,18,732.4154469094392,25.883084197635633,40.25166305377116,2.1880302453283975
2024-06-06 19:00:00,19,537.9415341187829,29.894968477541408,41.780461592838435,1.5659353903217947
2024-06-06 20:00:00,20,514.4850194216865,30.05007179829749,37.94808065773691,1.5962391463978574
2024-06-06 21:00:00,21,486.94567535037504,24.117235712898122,41.60843880192482,1.4216759101179737
2024-06-06 22:00:00,22,305.71230913394373,31.37059849990278,30.914782580053267,1.0560100672236237
2024-06-06 23:00:00,23,97.53308676273357,25.757000684320538,9.042673880220566,0.44356743900733503
2024-06-07 00:00:00,0,20.57591762847419,33.61344963801172,0.0,0.10287958814237096
2024-06-07 01:00:00,1,111.27297825763452,28.789573973062815,19.06624356525566,0.4502870060035997
2024-06-07 02:00:00,2,259.44945987809905,25.19672227094718,27.307691338735406,0.9429990109728579
2024-06-07 03:00:00,3,356.6345481932095,25.509944554486623,55.07863594350961,0.8010255187254566
2024-06-07 04:00:00,4,486.8531835291686,29.980188641926702,27.98796649687626,1.7529643881702468
2024-06-07 05:00:00,5,625.7288972546546,27.762003096869535,26.06861931566615,2.313050065406115
2024-06-07 06:00:00,6,627.6380852199915,28.645941037710244,37.71054253683559,1.9547617905786305
2024-06-07 07:00:00,7,712.083034132037,33.77424346465578,24.599760250975958,2.684561574738403
2024-06-07 08:00:00,8,754.9419994779416,26.83817057387744,46.210839978938765,2.0303848008269463
2024-06-07 09:00:00,9,795.8578441509898,29.115791339651786,69.58667236767756,1.2102342681458933
2024-06-07 10:00:00,10,868.54321091143,33.195436228683825,73.81571028421402,1.1371093532591945
2024-06-07 11:00:00,11,1004.2018619181406,29.747443192963868,31.940812544889784,3.4172581381528717
2024-06-07 12:00:00,12,928.5769987606493,24.116094560490648,36.73784729390896,2.937188994747995
2024-06-07 13:00:00,13,1032.534018512298,30.452069801761077,61.57712240746967,1.9836464101710731
2024-06-07 14:00:00,14,968.7029261892734,25.446894193214334,27.00075954207458,3.5357288920593373
2024-06-07 15:00:00,15,766.3991954362425,33.15632535276356,43.583842838483584,2.1618648729095398
2024-06-07 16:00:00,16,918.4234505221739,26.467299951570734,7.2967974062834955,4.257039760028863
2024-06-07 17:00:00,17,858.2172319385721,37.84443128980166,23.78321703450004,3.270527825195715
2024-06-07 18:00:00,18,627.5977671997593,33.338030731547704,53.12229233290614,1.4710172331655573
2024-06-07 19:00:00,19,642.37675244032,26.54606505768073,15.636087324247534,2.709670812390431
2024-06-07 20:00:00,20,431.48014100726397,28.9959441815695,27.438976425406445,1.5654320341798516
2024-06-07 21:00:00,21,390.4970625049568,31.19683561146506,0.0,1.9524853125247836
2024-06-07 22:00:00,22,157.65917254612378,31.286884189244788,70.11536589019273,0.23557933427979397
2024-06-07 23:00:00,23,0.0,30.262911546493257,55.26056139633806,0.0
2024-06-08 00:00:00,0,0.0,32.53355676293798,33.761991323054964,0.0
2024-06-08 01:00:00,1,120.62787651806468,28.40817281213654,40.15025744164656,0.360977367748351
2024-06-08 02:00:00,2,227.0046696133525,27.67692664631155,37.91796213886737,0.7046456246795026
2024-06-08 03:00:00,3,287.960987707285,27.736487688265818,57.686235060615715,0.6092356772779493
2024-06-08 04:00:00,4,468.0080750295089,31.35219934795603,19.62399915257255,1.8808308717587348
2024-06-08 05:00:00,5,630.3050092151793,29.872622772947587,44.64535239856464,1.7445155833262858
2024-06-08 06:00:00,6,703.5153387767446,29.650930649110418,51.548329977043466,1.7043246525249656
2024-06-08 07:00:00,7,807.9534227391724,31.162782399811196,54.30651940952914,1.8459102019968439
2024-06-08 08:00:00,8,812.4161877480999,22.623922428478085,0.0,4.0620809387404995
2024-06-08 09:00:00,9,1017.6169656885794,29.7072861236651,18.014510434697108,4.171491256096811
2024-06-08 10:00:00,10,871.8319593646859,29.432786318660796,9.616587573961919,3.9399573774729637
2024-06-08 11:00:00,11,1030.4496851407478,33.78350389594176,32.99176571141371,3.45243069622556
2024-06-08 12:00:00,12,1094.5512874367969,24.19131570524865,0.0,5.4727564371839845
2024-06-08 13:00:00,13,1029.917508793722,33.448639549169926,0.0,5.14958754396861
2024-06-08 14:00:00,14,949.723888123882,29.003307038813645,73.4018998375252,1.263042555150701
2024-06-08 15:00:00,15,881.6157687782485,30.244048244019783,42.35378776526681,2.541090485823918
2024-06-08 16:00:00,16,948.9124158681392,33.80483601486778,32.42018486397623,3.206366282232328
2024-06-08 17:00:00,17,679.5153462703015,30.45936345605637,37.27345295677964,2.131182566720712
2024-06-08 18:00:00,18,629.4968403561762,29.978184520427334,32.9268184749836,2.111117792131704
2024-06-08 19:00:00,19,576.956807769383,29.503953209446603,49.947013131030516,1.4439205761621738
2024-06-08 20:00:00,20,599.0123006009597,27.32664524705652,17.351116158720426,2.4753849025933183
2024-06-08 21:00:00,21,413.0648432483616,28.691612278508472,33.73229652147138,1.3686429274893666
2024-06-08 22:00:00,22,181.37538442170143,26.630541353671404,34.54842535875431,0.5935652255780811
2024-06-08 23:00:00,23,105.7015757892597,28.643378953763204,9.062840830833245,0.48061005109898264
2024-06-09 00:00:00,0,0.0,21.609345216132386,55.53966118126105,0.0
2024-06-09 01:00:00,1,73.74307284136876,29.90425601000032,21.086465201971812,0.29096632723904403
2024-06-09 02:00:00,2,337.13020978706317,28.251925545946797,50.34843339617802,0.8369521532701423
2024-06-09 03:00:00,3,272.94398202400936,27.608526097297382,32.298254527429606,0.9239391999629656
2024-06-09 04:00:00,4,628.7024684587498,29.276411559118106,62.67169664818116,1.1734198230332762
2024-06-09 05:00:00,5,675.0198042234904,24.316445538401354,9.172418229569516,3.0655208232384528
2024-06-09 06:00:00,6,794.3757148348434,34.40494729716152,8.304823969791002,3.6420210502952037
2024-06-09 07:00:00,7,756.3181793292147,28.308834922834876,11.886088179913827,3.332107668067127
2024-06-09 08:00:00,8,854.0301462581098,28.179604008381105,32.66591101028748,2.875267093402038
2024-06-09 09:00:00,9,809.2273873493097,25.720948676898907,60.829367915564106,1.5848974131254554
2024-06-09 10:00:00,10,923.9528337237241,28.68897645464546,61.86187236330501,1.7618915551420704
2024-06-09 11:00:00,11,1030.9372491852623,32.77801697811752,0.0,5.154686245926312
2024-06-09 12:00:00,12,1103.6850449425117,31.724885935593775,34.994143224450774,3.587299597842426
2024-06-09 13:00:00,13,902.8723160296141,31.180450560719343,0.0,4.514361580148071
2024-06-09 14:00:00,14,936.6853513302472,30.25633416229949,45.900635875700694,2.533704094575613
2024-06-09 15:00:00,15,911.775594892685,27.541509724609845,52.36338829790414,2.171694998667515
2024-06-09 16:00:00,16,754.3622676090399,24.26664780618757,29.195114506156287,2.670626698946718
2024-06-09 17:00:00,17,840.6612796319073,28.01402099169777,31.679631549895092,2.871714418309429
2024-06-09 18:00:00,18,649.187554647139,27.909522913696645,31.472777858804793,2.2243509884301895
2024-06-09 19:00:00,19,593.1302009145588,31.763520626311397,14.311161625175071,2.5412318960697533
2024-06-09 20:00:00,20,463.84405024704967,29.545308634677134,38.634115706429604,1.423210015886075
2024-06-09 21:00:00,21,319.53635190751595,33.45407189100832,25.371839966934857,1.1923205003267958
2024-06-09 22:00:00,22,258.2554462640767,32.2096029274122,48.60583418579237,0.6636411613859075
2024-06-09 23:00:00,23,113.2774259346102,27.24765047878539,27.727461309615403,0.40934235743031455
2024-06-10 00:00:00,0,0.0,23.07073553684773,12.779537870234822,0.0
2024-06-10 01:00:00,1,72.24926248562414,32.61284882853178,0.0,0.3612463124281207
2024-06-10 02:00:00,2,284.38101876515725,32.53427879639957,0.0,1.4219050938257862
2024-06-10 03:00:00,3,514.9728138444726,24.357488354000658,56.2501868790887,1.1264982184022758
2024-06-10 04:00:00,4,511.19097862713005,32.98384318618984,20.844212942819617,2.0231862124880378
2024-06-10 05:00:00,5,688.450886201611,29.60247463848489,36.771483801632975,2.1764864004989346
2024-06-10 06:00:00,6,595.8890271742705,28.938179621084295,65.66459783489037,1.0230044696902258
2024-06-10 07:00:00,7,805.9742554347368,33.30047288944932,18.743913374042172,3.2745156958948423
2024-06-10 08:00:00,8,778.2359382667531,32.49017864639918,17.450450312376926,3.212151312732265
2024-06-10 09:00:00,9,805.7255383087345,30.410115982692947,27.35676495289352,2.92652548314089
2024-06-10 10:00:00,10,906.7761136923455,29.875774324143286,30.588654008399857,3.1470275282208973
2024-06-10 11:00:00,11,1086.796808126896,30.305305998298415,67.75102700511692,1.7524040458104693
2024-06-10 12:00:00,12,1076.0012662935717,27.25595082505976,61.31641188188226,2.0811794899936826
2024-06-10 13:00:00,13,1010.8852391381622,28.290818777510374,42.41750831813494,2.9104645436996694
2024-06-10 14:00:00,14,843.309781497874,25.749171662923708,58.98827537993736,1.7292794264098004
2024-06-10 15:00:00,15,908.1770804002518,27.45700379949058,26.43561974864288,3.340474203906573
2024-06-10 16:00:00,16,890.1614044965776,27.356221490700538,35.98329134376957,2.8492601644339146
2024-06-10 17:00:00,17,807.3962386575232,26.550207017842343,23.969727109226103,3.069327817805795
2024-06-10 18:00:00,18,559.603294508088,28.866362634652724,4.1926323484072086,2.680705928798947
2024-06-10 19:00:00,19,537.536001167131,27.484180574605606,54.0774948358719,1.234249989475117
2024-06-10 20:00:00,20,494.87377886810253,29.962827287763258,40.63397467979721,1.4689344643294104
2024-06-10 21:00:00,21,425.5867051264651,23.58916128682604,30.361469468473278,1.4818616379380602
2024-06-10 22:00:00,22,83.12881941452534,28.116058744385438,29.950643013756494,0.2911560173506528
2024-06-10 23:00:00,23,117.55627418166333,28.850778047239825,0.0,0.5877813709083166
2024-06-11 00:00:00,0,11.443901590316187,27.36219710273466,10.45049333694569,0.05123978708566787
2024-06-11 01:00:00,1,198.4951513013486,27.77690672281761,36.723063402280495,0.6280082551925089
2024-06-11 02:00:00,2,314.24765184151573,23.53834679005573,19.417746654509884,1.2661391946959197
2024-06-11 03:00:00,3,429.2891378697942,29.36351613625378,25.6457391756502,1.595973826311547
2024-06-11 04:00:00,4,436.0047594638452,30.236902769946514,27.906878704417966,1.5716472004739026
2024-06-11 05:00:00,5,456.121258038856,29.774696704856602,16.350624619657786,1.90771291663231
2024-06-11 06:00:00,6,675.6625606216355,31.410266000571852,10.64163359951899,3.0188051327557655
2024-06-11 07:00:00,7,873.4838863079201,28.898673639592808,0.0,4.3674194315396
2024-06-11 08:00:00,8,977.501765986393,29.730128364198116,27.06963441976919,3.5644780574354433
2024-06-11 09:00:00,9,980.7234606951095,28.76235703761586,42.37217095220567,2.8258481968049507
2024-06-11 10:00:00,10,1000.2730921132071,30.356736981022785,0.0,5.001365460566035
2024-06-11 11:00:00,11,1021.8160332446874,23.56239591384894,29.519043498003473,3.600928569608073
2024-06-11 12:00:00,12,955.5105002591375,25.61334191831127,35.62286505383121,3.075651420883187
2024-06-11 13:00:00,13,981.0400378895206,33.054783793344576,10.208391925417107,4.40445812938249
2024-06-11 14:00:00,14,1099.451388355175,20.912777355956685,58.44283623096176,2.2845040700986234
2024-06-11 15:00:00,15,848.4748920479367,27.87355103276927,22.28569261923184,3.2969319282738723
2024-06-11 16:00:00,16,995.2077070412269,31.810909701069505,27.974806230869778,3.584001397008808
2024-06-11 17:00:00,17,767.5910879318707,28.01430282562001,26.774609988040424,2.8103578391757793
2024-06-11 18:00:00,18,813.1413499141539,27.07905160789321,0.0,4.0657067495707695
2024-06-11 19:00:00,19,496.2162282489177,28.682349852691203,50.175041433680875,1.2361976506218737
2024-06-11 20:00:00,20,546.8723360931718,27.234724282237963,10.889624631615252,2.4365999573924007
2024-06-11 21:00:00,21,323.74182148928014,28.38663330051612,25.269589691885272,1.209667957689517
2024-06-11 22:00:00,22,145.59766974858604,26.243941712684915,41.95322002555991,0.4225737950343683
2024-06-11 23:00:00,23,148.00891561292764,31.620108082112473,59.218068522890675,0.30180447272638355
2024-06-12 00:00:00,0,80.7577430876775,32.40086517255525,8.401354362063213,0.36986499458038546
2024-06-12 01:00:00,1,62.930877132571865,27.7308994430234,21.070328288111458,0.24835567363075453
2024-06-12 02:00:00,2,138.89776826584873,23.97160214728454,57.64837260014307,0.2941273264133449
2024-06-12 03:00:00,3,375.3358512182934,26.559540898418085,39.27427758550894,1.13962703566444
2024-06-12 04:00:00,4,493.0051736978254,27.579104429049377,43.42342718103217,1.3946271554921452
2024-06-12 05:00:00,5,652.6269992130805,29.647687040067893,8.977365284476644,2.9701914477430185
2024-06-12 06:00:00,6,783.0743468957066,25.107030739846234,22.415809401468838,3.037709469118841
2024-06-12 07:00:00,7,788.6001257894358,25.823583453431816,26.643291352391387,2.892455483350157
2024-06-12 08:00:00,8,1014.4656689679796,29.663098822934693,12.842104853140519,4.420934620299991
2024-06-12 09:00:00,9,941.8183120741099,30.94779690547694,0.0,4.70909156037055
2024-06-12 10:00:00,10,938.2117058085164,26.266288273846218,19.790028824728083,3.7626966939601902
2024-06-12 11:00:00,11,862.519472645584,24.13141924750528,57.085763991688594,1.850718210543844
2024-06-12 12:00:00,12,978.9872383747066,37.98342501322192,31.183469311209922,3.368525266677342
2024-06-12 13:00:00,13,964.5339057409193,30.48098312062441,57.48581827146752,2.0503184876000327
2024-06-12 14:00:00,14,1042.7502099915862,27.330059124057176,33.580418284590394,3.4629516390648343
2024-06-12 15:00:00,15,960.8782224366352,30.738164235950787,14.70584540824075,4.0978647824182595
2024-06-12 16:00:00,16,771.6758740538294,27.757700520215003,55.55238026463444,1.7149577904450228
2024-06-12 17:00:00,17,807.1336912041183,30.732541076658826,34.24652281335798,2.6535923375580084
2024-06-12 18:00:00,18,760.8292749248719,28.609250002686935,49.236776648547945,1.9311073207667295
2024-06-12 19:00:00,19,731.0039377597474,28.40488610386099,8.633436577588572,3.339465882067923
2024-06-12 20:00:00,20,571.0003173931246,27.790324804665904,50.77512579229007,1.4053709398119505
2024-06-12 21:00:00,21,443.55116471000815,23.788926408969,51.37778551088397,1.0783219933713626
2024-06-12 22:00:00,22,263.62592467173414,33.94535510753769,35.79534288713071,0.8463006049805899
2024-06-12 23:00:00,23,161.59115265392796,25.30646864855504,13.86155828380435,0.6959605042366623
2024-06-13 00:00:00,0,99.9603920564927,23.887057463803124,29.07982342574776,0.35446043275389716
2024-06-13 01:00:00,1,23.904000421679598,27.328548544465807,42.225822944764886,0.0690516976345266
2024-06-13 02:00:00,2,230.86389892516434,25.08271275220339,34.69140039873067,0.7538698968645736
2024-06-13 03:00:00,3,320.8779324645906,27.811989821054095,42.02165476215528,0.9301985773818927
2024-06-13 04:00:00,4,530.3322494980898,30.030419738420214,50.2449181530581,1.3193362239925133
2024-06-13 05:00:00,5,707.1792030607836,30.953036894322576,17.031066932561572,2.9336951982717303
2024-06-13 06:00:00,6,659.3488382488616,30.411320357599955,6.898487580797216,3.0693187026406656
2024-06-13 07:00:00,7,602.1289908936803,27.050232028377867,29.249223972555164,2.1300546687175075
2024-06-13 08:00:00,8,833.0477441824809,28.115903675719665,23.405136822602643,3.1903588992948313
2024-06-13 09:00:00,9,996.9574310726791,29.19076534542738,45.716928263123,2.7058955874765425
2024-06-13 10:00:00,10,1008.9362185250587,22.69376592090869,8.510032206823837,4.615377106911328
2024-06-13 11:00:00,11,1025.6997611986562,29.678882293094485,50.40763748355359,2.5433437195198136
2024-06-13 12:00:00,12,977.6005358500416,23.595230329983412,57.07224219093532,2.098309951849122
2024-06-13 13:00:00,13,889.1224024762273,34.08816798945438,30.006099285245796,3.111657258109239
2024-06-13 14:00:00,14,1007.1493720190259,26.75358293880982,31.21472251162609,3.4638524513285107
2024-06-13 15:00:00,15,857.1369877085168,27.412502661151134,14.649069975396937,3.6578719529704338
2024-06-13 16:00:00,16,1040.7531424548752,25.65800689502134,19.14678202051867,4.20741203448671
2024-06-13 17:00:00,17,838.9939169595966,26.07721809716784,21.833266387086326,3.2790707004917903
2024-06-13 18:00:00,18,660.6549169822316,34.78940890016463,58.85880135675862,1.3590067587100068
2024-06-13 19:00:00,19,559.8506092176304,30.788237258604802,28.56258428378452,1.9997140354828182
2024-06-13 20:00:00,20,492.5644634709128,23.319520857291394,3.556540867199832,2.375231035151331
2024-06-13 21:00:00,21,363.5232786033499,32.4797668947906,35.10708684224007,1.179504227461568
2024-06-13 22:00:00,22,348.1657471449174,31.546855018159203,46.52580249244552,0.9308941964096292
2024-06-13 23:00:00,23,145.4394857995757,27.12349080587004,29.491772613568102,0.5127340167861107
2024-06-14 00:00:00,0,0.0,28.722397578081672,59.384268794539786,0.0
2024-06-14 01:00:00,1,281.7614470325142,27.757474513728937,45.55017334531796,0.7670930974446385
2024-06-14 02:00:00,2,262.76371162413864,33.720046465332956,9.017425402242928,1.195345949721336
2024-06-14 03:00:00,3,444.19060644260156,25.41343618501589,18.97134375207196,1.7996083978998128
2024-06-14 04:00:00,4,451.34187940441916,28.24033858131934,34.52452562849218,1.4775911828866113
2024-06-14 05:00:00,5,637.8106792282824,26.517870759013746,0.0,3.189053396141412
2024-06-14 06:00:00,6,731.9955804780031,23.503185538138595,36.72713474941229,2.315772886380521
2024-06-14 07:00:00,7,642.1813969235432,34.37722151715712,0.0,3.210906984617716
2024-06-14 08:00:00,8,1027.2474126212896,24.257607014684922,50.4686691112902,2.544046574955805
2024-06-14 09:00:00,9,1027.1310893850903,28.462694314455486,48.14547369583417,2.663069804617283
2024-06-14 10:00:00,10,934.1502009973893,22.580204932851153,40.095627218301416,2.7979840937323135
2024-06-14 11:00:00,11,903.2632821373418,26.60509513426288,16.482432712953774,3.7719175971911825
2024-06-14 12:00:00,12,1027.8049291042842,29.06821321629253,33.404056492270776,3.4223819497797265
2024-06-14 13:00:00,13,998.380677326962,25.32810481348507,19.732450249707018,4.006878534353656
2024-06-14 14:00:00,14,994.3793421741268,29.562712304199124,9.383694450998675,4.505349115103281
2024-06-14 15:00:00,15,939.205724206814,26.995183476327913,23.225139764571786,3.6053694104146143
2024-06-14 16:00:00,16,906.5246829289129,31.282554289188,43.96531072984191,2.539841446182511
2024-06-14 17:00:00,17,909.1377962425798,31.88758949201283,30.87628385663522,3.1421491481338153
2024-06-14 18:00:00,18,752.5550375968394,26.042072469802125,59.014198482688464,1.542203570089849
2024-06-14 19:00:00,19,524.7889890959254,28.03250533017103,45.31561078960549,1.4348882666525533
2024-06-14 20:00:00,20,609.005028216996,28.352669431408856,43.17381627811237,1.730371581050619
2024-06-14 21:00:00,21,513.9325974441529,29.660354638296255,0.0,2.5696629872207644
2024-06-14 22:00:00,22,510.98358386348787,27.845452740724955,24.29682939689443,1.934153871230196
2024-06-14 23:00:00,23,40.64666956088416,28.372939630020685,8.71255179131601,0.18552653711973527
2024-06-15 00:00:00,0,19.430561052022,26.906435502894713,26.339942407521917,0.0715628123073051
2024-06-15 01:00:00,1,0.0,27.982374528196125,16.134477521536862,0.0
2024-06-15 02:00:00,2,303.0709776128575,31.530475507885466,22.447900938841226,1.1751895239197279
2024-06-15 03:00:00,3,338.827408511748,29.574904650915634,51.22325464747701,0.8263449111716406
2024-06-15 04:00:00,4,653.8756635859961,29.740421845610175,39.50499858011668,1.9778104598530992
2024-06-15 05:00:00,5,546.792231407234,29.805865899686804,50.1422885796327,1.3630904640200283
2024-06-15 06:00:00,6,571.9721381491667,27.175228593636962,0.0,2.8598606907458333
2024-06-15 07:00:00,7,755.6522410350337,28.59313605801866,31.15949393231327,2.6009741342016652
2024-06-15 08:00:00,8,707.9863820870675,24.381133892272835,49.33409962793202,1.7935383749802103
2024-06-15 09:00:00,9,983.9674888718714,31.44307789623094,60.12591829774311,1.9617400021820777
2024-06-15 10:00:00,10,800.7191825885627,19.287773630250406,0.0,4.003595912942814
2024-06-15 11:00:00,11,993.7214678684629,27.375209750273793,22.9703272767766,3.827301972397443
2024-06-15 12:00:00,12,833.7750544115042,31.059342858730894,50.684533480095254,2.055900289048115
2024-06-15 13:00:00,13,965.8210370108789,23.545051126392046,26.154433743771094,3.5660800690123287
2024-06-15 14:00:00,14,1097.396078753431,28.83599468013062,11.791646516605525,4.8399750612986825
2024-06-15 15:00:00,15,952.7313638261504,25.59435558754299,0.0,4.763656819130752
2024-06-15 16:00:00,16,796.945915387244,26.530245131713464,11.025969306736663,3.545374516826775
2024-06-15 17:00:00,17,790.8570611761086,30.474477809198383,0.0,3.9542853058805427
2024-06-15 18:00:00,18,708.5481309501034,28.23082570493552,31.169209136680514,2.438496410901124
2024-06-15 19:00:00,19,646.5718566761932,21.533587323626982,47.926203715573195,1.6834725573899847
2024-06-15 20:00:00,20,390.65133093753377,24.707378308085275,4.780504821827918,1.8598811261276504
2024-06-15 21:00:00,21,430.08881427287633,30.562662131946347,35.15459482422105,1.3944641711547503
2024-06-15 22:00:00,22,42.46771457429904,28.983483081859063,46.90542058891734,0.11274027219361564
2024-06-15 23:00:00,23,80.13542803094717,32.88106164485292,29.945833463033008,0.2806910310395553
2024-06-16 00:00:00,0,0.0,32.518164586849245,0.0,0.0
2024-06-16 01:00:00,1,181.19233830575064,26.44348641436898,37.72423109325006,0.5641946094001291
2024-06-16 02:00:00,2,260.62951331667034,34.97993522001782,28.907061104710593,0.926445903226553
2024-06-16 03:00:00,3,270.23838805658687,27.543660814365087,26.86990702798289,0.9881279221593119
2024-06-16 04:00:00,4,421.2005499346387,24.58221620158228,19.063255084790704,1.7045300734102864
2024-06-16 05:00:00,5,624.6558297725131,25.569302207077623,31.735748525480826,2.132083132430764
2024-06-16 06:00:00,6,700.781393837383,20.700046488941098,40.1963581689392,2.0954639739461207
2024-06-16 07:00:00,7,747.0234115203756,32.2912788295572,77.81296268671697,0.8287118152649279
2024-06-16 08:00:00,8,827.5587006234801,32.25450777194094,32.2466413677441,2.8034940716293173
2024-06-16 09:00:00,9,979.5729722840297,24.423699488369394,60.222823200253465,1.948232365339753
2024-06-16 10:00:00,10,924.5104204595312,26.78656893966364,37.15510166853753,2.9050381690078435
2024-06-16 11:00:00,11,984.3975618514844,27.757044437147087,28.009433447044934,3.543366909551799
2024-06-16 12:00:00,12,1173.5949270464434,24.589162648383013,32.97095055422585,3.933247619715288
2024-06-16 13:00:00,13,877.5502504230964,22.20491571099587,5.5652726061498115,4.143560933655504
2024-06-16 14:00:00,14,817.7784077630959,26.83914899347862,36.11720541504076,2.6120985019572447
2024-06-16 15:00:00,15,986.5667056951753,26.506983516431614,0.0,4.932833528475877
2024-06-16 16:00:00,16,811.7339588809104,26.30498808184303,12.746672842229362,3.5413244339654213
2024-06-16 17:00:00,17,767.8943380718257,28.13836999261225,32.196861862676215,2.603282293957641
2024-06-16 18:00:00,18,644.6142709360586,31.758780780387333,53.879645463576885,1.4864919357404465
2024-06-16 19:00:00,19,587.9774177473197,26.560943645734177,58.61248793996788,1.2167461234021872
2024-06-16 20:00:00,20,627.8830489677072,27.981550800973444,25.269068407181305,2.346114259034808
2024-06-16 21:00:00,21,446.8537090545395,29.65083337604416,33.114346390608816,1.4944051198946797
2024-06-16 22:00:00,22,327.7969260534792,29.1326505843476,49.687249391640556,0.8246182495357771
2024-06-16 23:00:00,23,17.22802775664036,25.62695123146583,3.410128556141622,0.0832026493122558
2024-06-17 00:00:00,0,0.0,27.59218807164823,38.09495010631007,0.0
2024-06-17 01:00:00,1,0.0,28.94567616281328,13.44214265268382,0.0
2024-06-17 02:00:00,2,194.0685794159005,23.91800268977379,26.563499106465628,0.7125858702841362
2024-06-17 03:00:00,3,459.2196872759425,31.093673734695646,20.819534990113695,1.818061419010185
2024-06-17 04:00:00,4,541.3557212598696,31.597823417948455,38.70716254096295,1.6590614115350482
2024-06-17 05:00:00,5,591.0403679725507,25.13471593597264,41.006073480181804,1.743389601920948
2024-06-17 06:00:00,6,705.3227584891033,27.884066757350627,47.82157354794795,1.8401315839391075
2024-06-17 07:00:00,7,738.2424968852029,29.229891472319217,36.96397656928897,2.3267935665601134
2024-06-17 08:00:00,8,882.4061143765812,25.666214233319863,33.43307539937793,2.9369530641416888
2024-06-17 09:00:00,9,985.1497948697357,28.747898239370407,67.08047600877204,1.6215331153583785
2024-06-17 10:00:00,10,836.6548832962305,27.792823581182617,0.0,4.183274416481153
2024-06-17 11:00:00,11,1015.4166764007981,22.89930216938972,63.91219720258479,1.8322078387579386
2024-06-17 12:00:00,12,1074.5947896763735,28.680540650241795,24.20356182263206,4.072522877071347
2024-06-17 13:00:00,13,958.2368382567406,24.002629453493014,41.41783172736611,2.8067795851896524
2024-06-17 14:00:00,14,1021.9818752587151,30.120665257292263,23.48680638812798,3.9097548544747056
2024-06-17 15:00:00,15,1149.051888069091,25.289423476904457,15.94916740896748,4.8289383941252515
2024-06-17 16:00:00,16,857.6779803454874,26.819200401322686,39.69154385588457,2.586261743171966
2024-06-17 17:00:00,17,824.8179042916612,31.419893442645847,50.84256617228887,2.0272965775064353
2024-06-17 18:00:00,18,648.0622144936364,28.792201641892657,39.460159099348104,1.9616791679584444
2024-06-17 19:00:00,19,623.2615220168848,24.064634943582487,19.157684266342354,2.5192952373764506
2024-06-17 20:00:00,20,536.8217299985841,24.25830698990887,100.0,0.0
2024-06-17 21:00:00,21,398.27081958670095,25.505148336434946,53.97147341732504,0.9165909503225103
2024-06-17 22:00:00,22,177.2434195258125,28.48698895237612,48.66684608414505,0.4549231867545492
2024-06-17 23:00:00,23,147.03513392608806,28.377956147104427,22.940715385155915,0.5665211116796067
2024-06-18 00:00:00,0,116.97567509741094,24.605902240409357,17.496684234219213,0.4825440529738537
2024-06-18 01:00:00,1,166.41705338121375,23.633580697554883,24.403218483141213,0.629029681256952
2024-06-18 02:00:00,2,335.77802022826813,27.979959369655464,51.628130887849665,0.8121105222609376
2024-06-18 03:00:00,3,363.7224747640796,26.589628957027475,10.18791325848344,1.6333337226675293
2024-06-18 04:00:00,4,559.9920191538968,33.60685681674117,8.635923370913659,2.5581576874826704
2024-06-18 05:00:00,5,631.1028560660427,27.245020124087198,40.790950667220365,1.8683500069436225
2024-06-18 06:00:00,6,631.033922811569,32.57796763749879,36.383928892842405,2.0071949452304683
2024-06-18 07:00:00,7,818.8350206751453,23.62405836008494,14.593729242182082,3.4966822740882444
2024-06-18 08:00:00,8,786.6896707092136,22.415570335712843,8.175928431695503,3.6118524312624363
2024-06-18 09:00:00,9,873.2491105205032,23.774953756821358,58.75793986736864,1.8007296163426723
2024-06-18 10:00:00,10,981.0720908724583,30.702598498758363,37.14008850599124,3.0835052400742424
2024-06-18 11:00:00,11,1015.2244032442202,32.40351392347856,2.7292827254393472,4.937580294910155
2024-06-18 12:00:00,12,904.8614027938297,24.78867079254006,4.127489278354123,4.337566727047749
2024-06-18 13:00:00,13,1075.7637230684404,25.75351106511929,22.769760550990615,4.1540744961566745
2024-06-18 14:00:00,14,1011.6863285531064,23.628266423760465,44.65683613995266,2.799496112804213
2024-06-18 15:00:00,15,867.5012576624162,21.700289613042802,41.9001760421656,2.520083517669316
2024-06-18 16:00:00,16,743.0186200685047,29.29044424772785,52.63357074002435,1.7597069453159777
2024-06-18 17:00:00,17,781.7609739647208,27.804270063284452,0.19300385078405213,3.90126072590521
2024-06-18 18:00:00,18,671.4312840776548,27.16667310241959,34.47693379559313,2.1997118239165045
2024-06-18 19:00:00,19,617.8126655729625,22.935039542907823,58.51820664642722,1.2813988662258797
2024-06-18 20:00:00,20,470.9506671075546,32.05507919988394,56.65603460952198,1.020643470786619
2024-06-18 21:00:00,21,222.08688350548914,25.625138940249542,37.178199628253715,0.6975948930382555
2024-06-18 22:00:00,22,227.75129003842838,28.73608842884739,76.96037017307752,0.26236527075447236
2024-06-18 23:00:00,23,106.07666333458695,22.771524938663788,42.18570232831719,0.30663738950223457
2024-06-19 00:00:00,0,50.6928819819247,26.395153329075654,50.85493265682686,0.12456525494106088
2024-06-19 01:00:00,1,74.6702182511676,27.840852266651517,30.888958375510136,0.25802682808330935
2024-06-19 02:00:00,2,393.11301897232613,27.947954552095688,14.380494143114257,1.682907121515956
2024-06-19 03:00:00,3,229.75218831294924,27.430674527645643,12.495815984425079,1.0052138882058665
2024-06-19 04:00:00,4,604.8933998242098,28.450296374082086,33.6323042958884,2.0072690546479337
2024-06-19 05:00:00,5,590.8159113384722,23.575167529836882,25.76995986299586,2.1928144406117736
2024-06-19 06:00:00,6,775.8735709740321,27.558846714254745,0.0,3.8793678548701607
2024-06-19 07:00:00,7,799.737459015934,27.3080019483766,9.484128301485178,3.619446661639127
2024-06-19 08:00:00,8,957.189846666476,27.66174695052095,23.63192851891814,3.654937131559561
2024-06-19 09:00:00,9,892.8905753470617,27.18376454989331,44.54558751874319,2.4757361132961337
2024-06-19 10:00:00,10,878.0361922748434,23.147090576195573,29.678522276758507,3.087240126762759
2024-06-19 11:00:00,11,1105.0852043554953,23.013329641608845,28.558715789989723,3.947435308031911
2024-06-19 12:00:00,12,990.9215483294287,20.32392434028211,10.261747459933677,4.44617840756899
2024-06-19 13:00:00,13,1009.1695392637471,29.41933242747166,30.463321601241976,3.5087148850802987
2024-06-19 14:00:00,14,1064.7059794126521,29.449701427141363,56.382020548919755,2.3220161765731664
2024-06-19 15:00:00,15,841.323113143732,29.497379771602127,33.11150225517114,2.8137419578093454
2024-06-19 16:00:00,16,913.6646755955793,27.88709878532012,0.0,4.5683233779778964
2024-06-19 17:00:00,17,746.161759774204,20.567371244781434,4.969544113909379,3.5454046098055128
2024-06-19 18:00:00,18,696.5332327349979,23.886597422579968,41.77577754446306,2.02775529452184
2024-06-19 19:00:00,19,614.5437462394639,27.477975150715103,25.513690495547607,2.2887547843209175
2024-06-19 20:00:00,20,379.98225108424504,27.373282906311154,28.508395397929714,1.358277042515972
2024-06-19 21:00:00,21,320.37646893945515,26.298484258479704,17.74531649970486,1.317623252677851
2024-06-19 22:00:00,22,366.9048764955722,28.073480506660506,40.06824424399825,1.099462672190931
2024-06-19 23:00:00,23,201.42148730683564,27.001684020991505,23.981645735093014,0.765586498932775
2024-06-20 00:00:00,0,0.0,27.15997725390971,26.267735565427905,0.0
2024-06-20 01:00:00,1,149.976068901083,24.880469858759575,12.975532166737473,0.6525793791920731
2024-06-20 02:00:00,2,235.2796446516042,29.743698815620395,48.433825962855394,0.6066235551751081
2024-06-20 03:00:00,3,491.2101032313284,25.50535103121447,25.57734416767157,1.8278580227073837
2024-06-20 04:00:00,4,483.97179377646677,22.805718608193743,42.157606662395196,1.3997043429962275
2024-06-20 05:00:00,5,627.3087963795084,24.484668818799438,6.128168719319646,2.944331274731194
2024-06-20 06:00:00,6,798.7891927179128,25.752267283169683,64.67766276757217,1.4107550621400449
2024-06-20 07:00:00,7,731.1636215035628,29.779674222362164,55.54748077026445,1.6251032472485107
2024-06-20 08:00:00,8,990.72853854419,26.670861861951245,0.0,4.953642692720949
2024-06-20 09:00:00,9,801.4426197318164,26.239221200358678,13.9612504987257,3.4477560399375395
2024-06-20 10:00:00,10,1096.2971967780923,23.05167558296774,39.5526878201977,3.3134109447743754
2024-06-20 11:00:00,11,961.6308146576523,29.15411362674435,3.6054268770199194,4.634799594041398
2024-06-20 12:00:00,12,980.5841001739775,24.841809395185464,27.368118356733483,3.5610834152552666
2024-06-20 13:00:00,13,840.2440476791749,26.497582280431615,38.53263571953594,2.5823793481593724
2024-06-20 14:00:00,14,929.542248898853,31.238215087901217,26.30548176041033,3.4251084107972862
2024-06-20 15:00:00,15,840.695010029136,28.323955850403536,40.77677407074192,2.489433525827771
2024-06-20 16:00:00,16,817.4136961545609,21.9129037141101,16.133401907962366,3.427685296516076
2024-06-20 17:00:00,17,782.368463028125,21.48913514819821,0.0,3.911842315140625
2024-06-20 18:00:00,18,783.7301103443801,26.604734506897884,49.64230624330121,1.973342044231302
2024-06-20 19:00:00,19,625.3696971207708,23.15944401263121,49.51629307205061,1.5785490255532733
2024-06-20 20:00:00,20,524.614132272089,28.743306100154616,80.07273284576665,0.5227062983336115
2024-06-20 21:00:00,21,295.0418812574449,26.92445505215056,0.0,1.4752094062872245
2024-06-20 22:00:00,22,188.35871793430263,27.29382016432721,45.01664218693631,0.517829739269585
2024-06-20 23:00:00,23,274.42419368815695,24.677436312328563,0.0,1.3721209684407847
2024-06-21 00:00:00,0,0.0,31.85222109524529,65.12986563350638,0.0
2024-06-21 01:00:00,1,263.02285238463526,35.15585131341655,39.75733667392019,0.7922598571636384
2024-06-21 02:00:00,2,239.3741491920515,25.79231595811503,10.961423046474938,1.0656766801760533
2024-06-21 03:00:00,3,382.8664672565701,27.687187874630176,45.604449492028714,1.0413116128731648
2024-06-21 04:00:00,4,585.6292128183943,26.92032215857811,18.939099845661282,2.3735815573867924
2024-06-21 05:00:00,5,710.5128227638131,25.849009539061967,36.00832199102538,2.273345388777479
2024-06-21 06:00:00,6,698.2417763642205,24.13185872618678,34.119214324181684,2.300035840927694
2024-06-21 07:00:00,7,762.2938960095122,23.37316616694374,64.88336272294589,1.3384599122339225
2024-06-21 08:00:00,8,861.5517679026615,23.2212783328086,66.29851820173025,1.4517785612119336
2024-06-21 09:00:00,9,950.9161347698561,27.843790206032608,18.05469253452988,3.8961557518796135
2024-06-21 10:00:00,10,1037.2301212386487,25.069046694774265,51.16211235992073,2.5328064058979463
2024-06-21 11:00:00,11,991.7832500933423,18.89319157896358,37.09680311140595,3.1193168525715613
2024-06-21 12:00:00,12,1049.5109038418523,27.96264479118014,1.7463586598617624,5.155913396432084
2024-06-21 13:00:00,13,1122.5136399554856,26.513286281992706,16.0754323925564,4.710323593336088
2024-06-21 14:00:00,14,996.4305952702513,30.66808913358861,76.72292199199248,1.1596996347835504
2024-06-21 15:00:00,15,948.8117609916691,27.7474373206582,37.157088022093106,2.981304698980115
2024-06-21 16:00:00,16,744.5125377772333,22.192049340454282,49.99559159035045,1.8614454502558706
2024-06-21 17:00:00,17,582.8949293449102,19.939040207195227,25.75911375266018,2.1637318071823333
2024-06-21 18:00:00,18,738.1768395249611,24.46965297637136,19.201161705613163,2.9821915544719437
2024-06-21 19:00:00,19,601.175490506251,24.752747867304215,30.545290152689493,2.0877234630213115
2024-06-21 20:00:00,20,458.8173860068205,29.45754773238567,24.677918895075656,1.7279540180577557
2024-06-21 21:00:00,21,402.16584869999747,26.601457332516453,0.1349413793680334,2.0081158027820725
2024-06-21 22:00:00,22,253.9867467667684,30.0291356236807,9.933490850919362,1.1437849825707187
2024-06-21 23:00:00,23,220.74861227076389,22.653570962277268,44.157690288244616,0.6163556187432102
2024-06-22 00:00:00,0,6.888869460718232,29.353785122340096,22.38618621795178,0.02673357157465119
2024-06-22 01:00:00,1,70.77232941443816,28.62095942949151,30.51409764055814,0.24588395857209525
2024-06-22 02:00:00,2,338.0323442192639,20.403289634905164,34.69846100994421,1.1037016152967112
2024-06-22 03:00:00,3,365.3129463693936,30.425845492981068,36.2610009763744,1.1642340765978287
2024-06-22 04:00:00,4,542.1229346937845,26.73836744449781,52.931581226307415,1.2758434658495124
2024-06-22 05:00:00,5,570.5685725132965,27.63412548080427,8.02608369862936,2.6238713066265227
2024-06-22 06:00:00,6,655.1206303467526,23.86330363191348,41.40505447087249,1.9193378825087823
2024-06-22 07:00:00,7,800.086798706091,30.28373300796467,45.10055587039295,2.196216025220061
2024-06-22 08:00:00,8,867.0516952679333,22.900434981482142,49.717035580030114,2.179896477171603
2024-06-22 09:00:00,9,962.2656953406332,28.95426802432059,1.7416480117025515,4.727532069952186
2024-06-22 10:00:00,10,944.434166024289,28.919814396924764,35.096384366939965,3.064859605118503
2024-06-22 11:00:00,11,844.5360786721784,23.535489684682084,64.32151892797035,1.5065882248775733
2024-06-22 12:00:00,12,965.3780893129289,32.40811276746648,28.017589616867536,3.4745120899903776
2024-06-22 13:00:00,13,1054.9503387453155,27.152577409851308,39.66989403928583,3.1822632859898103
2024-06-22 14:00:00,14,942.13573994962,28.419669800011825,45.607911891703694,2.562236508865733
2024-06-22 15:00:00,15,904.168860310123,21.876629583191484,9.49060311203479,4.091788911577405
2024-06-22 16:00:00,16,944.9355242569137,32.81118197822445,66.67649457999948,1.5744282032063144
2024-06-22 17:00:00,17,736.3954821105215,22.784321148523482,39.990015939378075,2.209554057188319
2024-06-22 18:00:00,18,583.6825237271157,29.532651267496544,40.390056283868525,1.739664119373147
2024-06-22 19:00:00,19,595.9109394466811,23.473676815403664,0.0,2.979554697233406
2024-06-22 20:00:00,20,461.2660839001009,24.601025560655703,45.890895964266264,1.2479347260953022
2024-06-22 21:00:00,21,305.3837267848296,28.824254100855093,40.128206827582744,0.9141935664141648
2024-06-22 22:00:00,22,244.78876863062578,29.540650110224224,62.48382655444128,0.459176895073565
2024-06-22 23:00:00,23,169.84664399979468,22.644139221856445,23.77469571391293,0.6473306060427527
2024-06-23 00:00:00,0,0.0,29.558898281696795,10.246833408031165,0.0
2024-06-23 01:00:00,1,155.0846780349506,29.422423259925395,16.355220104513336,0.6486011879697929
2024-06-23 02:00:00,2,403.89166098375466,23.473621547991137,19.900435299854024,1.6175773115408842
2024-06-23 03:00:00,3,355.25312344048467,31.083424555299143,7.623069637372524,1.6408596522583778
2024-06-23 04:00:00,4,522.2678907715734,21.9169088897817,55.80320047531986,1.1541284633304387
2024-06-23 05:00:00,5,568.0243600007898,24.413164026192966,56.55395725863333,1.233920531136588
2024-06-23 06:00:00,6,639.3980035955897,27.72448964680178,26.084165977198897,2.3630818354140994
2024-06-23 07:00:00,7,746.5607280178137,23.726782920417993,22.144801558316118,2.906181681429744
2024-06-23 08:00:00,8,827.7247180627033,27.078939031563834,0.0,4.138623590313516
2024-06-23 09:00:00,9,952.6375963150566,27.010710010935696,43.91922510607209,2.671232729721863
2024-06-23 10:00:00,10,1153.851889225129,25.72625896475765,63.06880217651686,2.1306566189986498
2024-06-23 11:00:00,11,934.161386471743,28.78468339029749,17.25610565480887,3.8648075531787573
2024-06-23 12:00:00,12,966.669975550763,25.602399396552894,27.66430948447204,3.4962370091046484
2024-06-23 13:00:00,13,986.3950203249103,26.98210498096723,38.68582922631462,3.023999636325721
2024-06-23 14:00:00,14,997.5897341858482,29.72689740698952,64.48836721219811,1.7713020156644363
2024-06-23 15:00:00,15,944.9635974676696,28.659540404603334,33.99552443670189,3.118591333863054
2024-06-23 16:00:00,16,968.7530673002881,28.64553364696844,33.90859832053037,3.2013124049580806
2024-06-23 17:00:00,17,599.2419746484187,22.839942967875473,33.58637002319606,1.98989173854347
2024-06-23 18:00:00,18,516.1523915708939,27.861859501029777,1.4993498619265395,2.5420673070027258
2024-06-23 19:00:00,19,569.0911752479087,23.651985401617296,1.0641869234027048,2.8151749068934087
2024-06-23 20:00:00,20,587.7840150034966,22.443236835191733,13.84009661770255,2.5321706971180076
2024-06-23 21:00:00,21,257.4315898366422,26.072362735670907,50.25781148074745,0.6402605336232577
2024-06-23 22:00:00,22,18.208457927020476,23.57459621457104,23.292858589080137,0.06983593785413722
2024-06-23 23:00:00,23,176.2205447175887,28.659334931045745,19.407919023954143,0.7100990204761408
2024-06-24 00:00:00,0,19.492577896217153,28.560196450302925,19.056507917124645,0.07888986623086422
2024-06-24 01:00:00,1,43.30951967609718,20.408711361922627,27.246862430546454,0.15754517215310268
2024-06-24 02:00:00,2,179.9758770448464,23.63168245248628,64.0421586820328,0.3235772013920281
2024-06-24 03:00:00,3,305.1039347943158,21.737230055462955,26.97605228605757,1.1139946890869108
2024-06-24 04:00:00,4,508.8428253979151,24.728702241438278,14.274051892502834,2.181051682246695
2024-06-24 05:00:00,5,558.65620691408,27.482117080823425,30.50491258163266,1.9411930968153752
2024-06-24 06:00:00,6,746.6318947045892,25.389725776681786,65.10167211523074,1.3028102335313634
2024-06-24 07:00:00,7,564.983207258884,24.347312349215546,19.943505621287684,2.2615287477993853
2024-06-24 08:00:00,8,797.4772545742145,30.01711965165637,6.3798998313810955,3.7329950227716577
2024-06-24 09:00:00,9,833.7952156384026,19.202018553428086,19.98017460539166,3.33600737851224
2024-06-24 10:00:00,10,945.418572019269,29.827205751771626,32.57527472696866,3.1872293743210403
2024-06-24 11:00:00,11,948.4010406945991,24.483725191750494,43.7648190165068,2.6666752084197043
2024-06-24 12:00:00,12,1063.8275023916613,25.882263040878584,50.137671573644916,2.6522458156621034
2024-06-24 13:00:00,13,842.6979196410057,24.534500058056626,9.085654520753433,3.830666490044238
2024-06-24 14:00:00,14,969.5651443955286,30.745254387834308,10.983093310818607,4.3153844993869725
2024-06-24 15:00:00,15,968.5464463682232,22.423654580801173,23.5347548122502,3.703007074863497
2024-06-24 16:00:00,16,1014.5571987093952,26.15179918038276,43.68986049393792,2.856492869810279
2024-06-24 17:00:00,17,754.8120626037573,27.69890602679694,4.79984204695489,3.5929113792370733
2024-06-24 18:00:00,18,733.0634695347491,21.28358176756145,17.853461791646055,3.010931315464239
2024-06-24 19:00:00,19,464.4524056037315,23.356895559878488,18.14512541176104,1.9008846706449667
2024-06-24 20:00:00,20,308.64350365495795,25.672054470722262,48.834977107287415,0.7895875965096473
2024-06-24 21:00:00,21,450.2653824276259,23.456594967163827,40.56521521328875,1.3380713050746091
2024-06-24 22:00:00,22,258.3742216106754,23.6698147575595,48.0743672209984,0.6708122475458155
2024-06-24 23:00:00,23,224.80720740392582,25.06700208198764,56.773559484661085,0.48588076891326293
2024-06-25 00:00:00,0,0.0,27.894111493110508,23.88699809821839,0.0
2024-06-25 01:00:00,1,172.1183633823518,24.91721416753756,6.251876902926362,0.8067886758817783
2024-06-25 02:00:00,2,408.3244723460291,29.18064608159083,6.3807276430596005,1.9113519993283439
2024-06-25 03:00:00,3,416.2598810336711,22.952094150193926,0.0,2.0812994051683558
2024-06-25 04:00:00,4,522.1265204472838,22.18960071675163,20.824663406676144,2.066977150035734
2024-06-25 05:00:00,5,609.4459154746686,31.72440371533539,22.315547703365233,2.36722360740354
2024-06-25 06:00:00,6,581.4362646164745,23.971493115175456,45.751068136100955,1.5771148151189553
2024-06-25 07:00:00,7,901.7991751480631,22.012631476955512,30.33828434353208,3.141043885920084
2024-06-25 08:00:00,8,817.1567926000332,20.7192056728565,20.193431113147874,3.2607239929996843
2024-06-25 09:00:00,9,964.2381930219279,29.170677859598808,27.680025476788284,3.4866840776826766
2024-06-25 10:00:00,10,840.8830817633681,24.92145395419181,9.220530325704715,3.8167460110282825
2024-06-25 11:00:00,11,897.0880882131878,25.184238292972793,50.50813141502573,2.219928288549645
2024-06-25 12:00:00,12,1114.8069919377788,25.46776236341207,14.28168874380983,4.777968636274981
2024-06-25 13:00:00,13,963.6606782571828,28.984196152181333,7.201374561282087,4.471319316580458
2024-06-25 14:00:00,14,1082.187864372472,25.40677799624423,46.3576393341494,2.9025555864437376
2024-06-25 15:00:00,15,917.6210797866054,32.97752883466987,41.483284167277034,2.6848085983994596
2024-06-25 16:00:00,16,718.6735819478101,26.346649220334676,0.0,3.593367909739051
2024-06-25 17:00:00,17,864.718748269773,29.130721799046952,47.100032694204444,2.2871796756089724
2024-06-25 18:00:00,18,659.915395766099,28.36108707188521,15.16814721811887,2.799092285106327
2024-06-25 19:00:00,19,664.6565340900842,25.836025537397877,22.517909448721603,2.5749488879933375
2024-06-25 20:00:00,20,502.01686940320644,24.1844545401106,33.74040215387875,1.6631717939312618
2024-06-25 21:00:00,21,259.2339741296603,26.941259283871652,41.732497652336434,0.7552458098097067
2024-06-25 22:00:00,22,271.96262633216656,27.47566369179381,38.90958349375053,0.8307155058382772
2024-06-25 23:00:00,23,306.22404359227596,24.22760935379241,29.00363338187995,1.08703972330802
2024-06-26 00:00:00,0,39.43891668115674,26.272881390186598,21.507133421681786,0.1547836812523722
2024-06-26 01:00:00,1,125.92477197961452,29.48247972711342,38.24441387130894,0.3888279050861433
2024-06-26 02:00:00,2,344.84651725907264,31.98370800954367,27.63224325311544,1.2477884438007447
2024-06-26 03:00:00,3,399.53690958133865,28.336972753382895,66.10708918251848,0.6770734422366245
2024-06-26 04:00:00,4,516.7627384210234,31.36214385147548,41.72818019939804,1.5056352586467743
2024-06-26 05:00:00,5,521.4314152359924,23.885742158715264,11.531687500192906,2.3065078695157224
2024-06-26 06:00:00,6,725.8146232497154,27.879511548512514,20.448000972526973,2.887000210144353
2024-06-26 07:00:00,7,876.1888136045909,29.78942331807845,30.96384354519659,3.0244354009977563
2024-06-26 08:00:00,8,799.1404316164364,23.084864793418642,55.9886243014091,1.758563488590254
2024-06-26 09:00:00,9,1037.8391982110425,24.317094456199605,58.2221001822427,2.1679371024901246
2024-06-26 10:00:00,10,958.5893443574583,30.98757907784038,22.077305592688713,3.7347932271235558
2024-06-26 11:00:00,11,920.423300450727,22.84856822497381,11.327315668211138,4.080820238624528
2024-06-26 12:00:00,12,1079.8105661536197,21.750474694367497,8.77004717587625,4.925553350459254
2024-06-26 13:00:00,13,968.5013225147487,30.357809513253166,35.048575144315606,3.145277043597383
2024-06-26 14:00:00,14,1026.6870172879571,29.364154467275945,76.07568618434986,1.228139119602545
2024-06-26 15:00:00,15,900.5388419306039,27.070225524285938,40.78188208510205,2.6664107664196073
2024-06-26 16:00:00,16,861.2393123020464,25.63673252839715,0.0,4.306196561510232
2024-06-26 17:00:00,17,832.8381566379786,24.458291275519684,15.479917935079975,3.519577467291933
2024-06-26 18:00:00,18,730.3785457937481,26.619711413761785,17.52171596310174,3.012018457721673
2024-06-26 19:00:00,19,449.11888657258163,30.513285664539282,13.559949597701838,1.9410929595978994
2024-06-26 20:00:00,20,410.30050079244853,26.48956317076086,22.242123501315596,1.5952047833983787
2024-06-26 21:00:00,21,457.03623114835517,32.274742594075526,37.387897220398834,1.4307999739331185
2024-06-26 22:00:00,22,248.24811799039728,23.08003883541394,43.63962338645293,0.699567871177153
2024-06-26 23:00:00,23,88.62768799833825,25.714822529349824,51.835269818332876,0.21343643395324696
2024-06-27 00:00:00,0,0.0,24.482956770666185,40.484051460943554,0.0
2024-06-27 01:00:00,1,44.1472865179837,22.346708144170933,0.0,0.22073643258991849
2024-06-27 02:00:00,2,97.07515390556503,25.142881574628966,8.853908249373731,0.44240104422913984
2024-06-27 03:00:00,3,374.5809748689672,26.85412067863925,26.838119262816175,1.3702524304890715
2024-06-27 04:00:00,4,452.1249935535161,27.174823313514022,32.94559711534958,1.5158485735978724
2024-06-27 05:00:00,5,531.4343977298954,32.1134893104916,47.228367197525145,1.4022330447803208
2024-06-27 06:00:00,6,701.6569071731113,26.99553518282861,30.863683524335453,2.42549869958281
2024-06-27 07:00:00,7,822.4709907594544,29.05254318469678,31.014145077273486,2.836943222334143
2024-06-27 08:00:00,8,1033.481238361234,25.80041551255486,34.755947262781184,3.3714252209283284
2024-06-27 09:00:00,9,802.9288589462295,30.63629957501572,24.899565224375962,3.015015320037877
2024-06-27 10:00:00,10,1058.6763097531102,32.79748063042214,31.73770279755623,3.6133838448776614
2024-06-27 11:00:00,11,1069.2929862550159,27.19538816658578,52.51664358023501,2.538680999175089
2024-06-27 12:00:00,12,937.672580849864,22.624155727303187,28.32178202431994,3.3605349819987516
2024-06-27 13:00:00,13,1007.7037377406928,23.95571770532643,29.395745464314334,3.557408559800285
2024-06-27 14:00:00,14,929.3151663420592,26.447935683273418,29.32829190465621,3.2838145082150936
2024-06-27 15:00:00,15,938.7346189447859,26.971626879409868,55.95547627582337,2.0673059597409766
2024-06-27 16:00:00,16,986.7558848568027,27.69740817681105,7.838933463411152,4.5470237379829195
2024-06-27 17:00:00,17,841.8018389017403,26.982725817348054,65.5169378958239,1.4513952545129178
2024-06-27 18:00:00,18,747.795451045223,25.62308752242575,6.4723629096897355,3.4969770781571246
2024-06-27 19:00:00,19,574.3366834123493,23.693537450051547,16.91559477344482,2.3859210870553684
2024-06-27 20:00:00,20,381.2754668060531,26.80554755745062,44.8947653943064,1.050513702387145
2024-06-27 21:00:00,21,366.0059755218573,31.1670948460999,50.60633390947343,0.9039188471032032
2024-06-27 22:00:00,22,355.3476974916342,28.661918589941195,1.93001966003024,1.7424470853429046
2024-06-27 23:00:00,23,8.352763692880188,27.206244622566526,8.14596273505828,0.038361753375553455
2024-06-28 00:00:00,0,0.0,28.51892310151356,35.55685618943696,0.0
2024-06-28 01:00:00,1,140.62761111877703,24.31703024334275,76.88838775527591,0.16250654095395123
2024-06-28 02:00:00,2,180.04666231473982,23.905426891795347,54.92525561997361,0.4057778640156914
2024-06-28 03:00:00,3,319.2815565958728,23.18686701694736,25.038059007363795,1.1966982602788427
2024-06-28 04:00:00,4,466.1121134617457,25.054362461736993,0.0,2.3305605673087286
2024-06-28 05:00:00,5,499.51203667350865,24.16420463991807,31.632854688423183,1.7075105998069728
2024-06-28 06:00:00,6,629.177033489238,29.055046552001727,37.24593607293107,1.9741707890513613
2024-06-28 07:00:00,7,849.62757363422,24.00425207699874,22.34609717834393,3.2988448518795574
2024-06-28 08:00:00,8,761.4358212059614,23.022057181370556,12.98552018906809,3.3127970945823244
2024-06-28 09:00:00,9,796.0497617516996,31.2579538665372,33.18330520642777,2.6594706985729606
2024-06-28 10:00:00,10,915.5238279263568,24.076096636801275,11.154776122120783,4.0669959728825065
2024-06-28 11:00:00,11,1050.0013015745978,25.89080770179636,67.44897321617448,1.7089310245303198
2024-06-28 12:00:00,12,984.2462553602488,26.784190804275543,60.33489595067634,1.9520115064510728
2024-06-28 13:00:00,13,954.2783751245607,22.020142973282862,43.15825263185522,2.712142515885699
2024-06-28 14:00:00,14,969.4745300903171,29.136673638554516,31.79421138238633,3.306188743475026
2024-06-28 15:00:00,15,784.2229378825147,27.34157945127899,16.796718267728803,3.2624961020774137
2024-06-28 16:00:00,16,905.6018560864413,30.105374365687652,29.584256322181975,3.1884314086169545
2024-06-28 17:00:00,17,824.0281428035269,23.392556518391007,62.78594270414552,1.5332715259843506
2024-06-28 18:00:00,18,674.36210325889,25.727599707473786,47.37308116873257,1.7744799835544194
2024-06-28 19:00:00,19,689.235389952434,25.548289595027892,34.07384556952919,2.2719319378474965
2024-06-28 20:00:00,20,409.8003120837568,26.22188781309537,48.47948668335191,1.055656121793887
2024-06-28 21:00:00,21,472.91615182537544,21.066378084313826,40.912213267616565,1.3971784360678625
2024-06-28 22:00:00,22,271.17853835014114,25.762731466121974,37.925550797737436,0.8416629201779826
2024-06-28 23:00:00,23,103.60198502979813,21.15083059577407,49.61126517983071,0.2610186475254824
2024-06-29 00:00:00,0,0.0,26.333186615862093,40.340552896495154,0.0
2024-06-29 01:00:00,1,121.94501095517623,18.87223702871577,47.17102940206757,0.3221114699157777
2024-06-29 02:00:00,2,356.4416768159382,19.703423899399567,33.22774099269018,1.1900207982676823
2024-06-29 03:00:00,3,296.5491021674087,27.713830551591325,24.917483536197928,1.1132826422905093
2024-06-29 04:00:00,4,438.99846086827205,23.61766903668698,19.036742421197026,1.7771372731987982
2024-06-29 05:00:00,5,691.665660374519,22.29461018137461,16.65380789058083,2.882384950253147
2024-06-29 06:00:00,6,659.4639863718388,29.070721265497973,0.0,3.297319931859194
2024-06-29 07:00:00,7,865.3959864777627,26.241063054256575,11.761201063766713,3.8180751225517287
2024-06-29 08:00:00,8,1001.9802824251352,27.87445498887268,11.182929408356376,4.449647673779412
2024-06-29 09:00:00,9,891.7359303559559,24.759458185308837,19.85309608031928,3.573493696598295
2024-06-29 10:00:00,10,1020.4348124150928,33.29707048397134,61.244884212765825,1.9773534654235754
2024-06-29 11:00:00,11,899.1494788666215,23.444642820591945,26.848760888924453,3.2886949262585605
2024-06-29 12:00:00,12,1060.3786638454249,30.491671050350995,34.8353377976862,3.454960871801399
2024-06-29 13:00:00,13,1007.3987802527516,25.074086281971592,35.46639289023854,3.2505538543841994
2024-06-29 14:00:00,14,1003.7688888618857,20.294653217533092,61.75161825684733,1.9196267821544795
2024-06-29 15:00:00,15,872.2337667484552,26.706730639515655,18.48829092309417,3.5548632521126913
2024-06-29 16:00:00,16,733.1387305390649,26.20247208663682,25.54955839483877,2.7291251123240343
2024-06-29 17:00:00,17,833.6135054711957,22.10421895955364,27.876012564516333,3.0061764997327005
2024-06-29 18:00:00,18,542.0345289881914,22.491526570867187,52.73069711549536,1.2810797162301313
2024-06-29 19:00:00,19,583.3733896293179,25.184091473016352,56.8821138750891,1.2576913691170104
2024-06-29 20:00:00,20,575.2945493135975,26.307427848015273,39.49167639387889,1.7405054379352378
2024-06-29 21:00:00,21,398.0352512349328,17.846194553633126,54.65818748123759,0.9023819868676409
2024-06-29 22:00:00,22,414.6864566857061,28.417548759842738,33.553219929379786,1.3777289892829943
2024-06-29 23:00:00,23,212.53492442659388,23.774690480826397,26.54793504766355,0.7805564536811047
2024-06-30 00:00:00,0,0.0,21.090827515692357,53.57448173171244,0.0
2024-06-30 01:00:00,1,132.71126260816666,27.90926962324268,39.75235350467595,0.39977706177824707
2024-06-30 02:00:00,2,255.02938889896595,25.015216030631517,15.289386681848363,1.080184797389241
2024-06-30 03:00:00,3,256.10929129739964,28.73456729923365,49.948418762487016,0.6409337499526838
2024-06-30 04:00:00,4,424.76808668125165,26.39992675782615,25.830147379594408,1.575249319350005
2024-06-30 05:00:00,5,563.9005564503318,25.08152646004275,23.38352954551591,2.1602035161271993
2024-06-30 06:00:00,6,544.2091409580726,24.627880133946416,47.86008736399424,1.4187508532634825
2024-06-30 07:00:00,7,797.1528177513668,26.5342082505553,28.22335718310174,2.8608476535111924
2024-06-30 08:00:00,8,846.0996562121952,23.845476192458896,37.779170720805794,2.632251113118196
2024-06-30 09:00:00,9,790.0480204063606,22.528352202647387,43.23879168141599,2.2422040133985175
2024-06-30 10:00:00,10,998.2628555112549,26.91579733685082,14.341138414552312,4.275502988306617
2024-06-30 11:00:00,11,1048.714680949087,24.652606444553598,37.69701129364404,3.266902946168033
2024-06-30 12:00:00,12,1018.1627583091911,25.186772913093904,56.98946210523248,2.189586394964924
2024-06-30 13:00:00,13,965.5194073570926,28.354209477350707,10.870657125207796,4.302805515529824
2024-06-30 14:00:00,14,1013.2411984292169,24.74444014567966,38.99817777662456,3.090477972798949
2024-06-30 15:00:00,15,978.2971613494221,25.13117174551226,13.410645308394248,4.235505994893809
2024-06-30 16:00:00,16,890.6176893620138,23.28712143453409,50.42795367680796,2.2074870676654004
2024-06-30 17:00:00,17,727.3843602564544,26.37828977083244,50.23811167499542,1.8098009652218294
2024-06-30 18:00:00,18,729.2348424274421,26.135553706927148,22.913553195018025,2.8107061444561214
2024-06-30 19:00:00,19,704.399881074759,27.78839536425856,74.19257304381725,0.9089374239390331
2024-06-30 20:00:00,20,452.26967531106146,23.348683457866258,52.132506182745686,1.0824507943341926
2024-06-30 21:00:00,21,550.5185794956844,23.712619060116328,44.13857970272338,1.5376374875334056
2024-06-30 22:00:00,22,216.7685703836903,27.462482166323294,43.012217922122716,0.6176580025179375
2024-06-30 23:00:00,23,133.1187532872629,25.842708978975477,49.67853818412448,0.3349365130260977
2024-07-01 00:00:00,0,0.0,22.195275652535038,10.087151855116797,0.0
2024-07-01 01:00:00,1,148.38785909367243,28.833592234316622,33.892151969220485,0.4904801019288611
2024-07-01 02:00:00,2,119.44130969169879,19.81857832591237,37.66380770754655,0.37227582243021096
2024-07-01 03:00:00,3,339.0000884597521,27.266784290904376,21.997278733948797,1.3221464704646373
2024-07-01 04:00:00,4,412.6303039721145,21.118293923118532,39.29590538887931,1.2524174505869368
2024-07-01 05:00:00,5,619.5884968401039,30.571295580569704,54.63388600868012,1.4054161187679344
2024-07-01 06:00:00,6,786.6625712272602,20.28013085039625,21.56461824468187,3.0851089543415138
2024-07-01 07:00:00,7,845.0338352603994,28.370681986731366,28.911513992573887,3.0036087986855264
2024-07-01 08:00:00,8,676.2926549157271,24.66902695107939,13.58829408292111,2.9219801005229167
2024-07-01 09:00:00,9,1087.245104745517,23.81412232159689,0.0,5.436225523727584
2024-07-01 10:00:00,10,989.5482215387378,25.470120000516406,45.57864361041022,2.69262782145222
2024-07-01 11:00:00,11,929.3249301343702,26.80963104858656,29.48532410321505,3.276552312561372
2024-07-01 12:00:00,12,1012.5702335192752,22.200728524120514,30.951588343055757,3.4958183157803537
2024-07-01 13:00:00,13,1005.5400471740256,22.466566855607404,10.264527636529461,4.511630555677382
2024-07-01 14:00:00,14,912.5779289329433,26.86274462645178,26.289929419276184,3.3633091776029
2024-07-01 15:00:00,15,939.7128658986528,19.791901170164323,51.93187578364247,2.2585117382862885
2024-07-01 16:00:00,16,817.4276207748142,23.161242751536864,30.016426735589203,2.8603252893423607
2024-07-01 17:00:00,17,761.0043808760336,34.035990893591446,30.583675161108257,2.641306365335522
2024-07-01 18:00:00,18,652.2044503261409,22.009891137345278,34.15056555726845,2.147364709750449
2024-07-01 19:00:00,19,494.1477258295485,28.35733840639238,5.27235743187088,2.3404724574117672
2024-07-01 20:00:00,20,511.6669176172306,23.156077724971684,42.49840928204714,1.471083084037125
2024-07-01 21:00:00,21,429.507387286397,26.441065465504554,4.896037701683387,2.0423927183666986
2024-07-01 22:00:00,22,300.0097327886308,26.876997102901775,11.207688374419472,1.3319278842237625
2024-07-01 23:00:00,23,196.12021243087074,28.300800236661964,9.015704619856706,0.8921929668913398
2024-07-02 00:00:00,0,25.947216801189455,24.14105411729035,26.495500667389088,0.09536185900230705
2024-07-02 01:00:00,1,87.9081523626993,30.708469513993233,22.95094592924285,0.33866199923269885
2024-07-02 02:00:00,2,325.99215425701595,22.973805903973133,29.97549923383491,1.141371892776711
2024-07-02 03:00:00,3,274.08202917773497,25.444476838527354,11.894876804471135,1.2074015473192437
2024-07-02 04:00:00,4,427.94628939900144,25.477646394381498,50.109906406127564,1.0675140215633299
2024-07-02 05:00:00,5,531.625423294861,21.37591123788043,46.680551374526615,1.417298722268294
2024-07-02 06:00:00,6,793.5112659176924,23.884198832791313,26.523729742165592,2.915212411360234
2024-07-02 07:00:00,7,868.7764214224413,25.226356095443897,20.432665668241242,3.456311199143417
2024-07-02 08:00:00,8,905.0098227480381,23.445452468340417,18.412850133096015,3.69185860197822
2024-07-02 09:00:00,9,1009.6339217282303,32.06458749409828,23.797100099786412,3.846851633665821
2024-07-02 10:00:00,10,895.5832036961093,22.225944576930083,1.9950954249764692,4.388577320861553
2024-07-02 11:00:00,11,1019.3324709626886,28.280089002149957,10.807853755763187,4.545822541080169
2024-07-02 12:00:00,12,989.9860457293469,27.311195037175032,47.20240783969933,2.613443974340341
2024-07-02 13:00:00,13,1059.1954296846034,24.70022919421586,36.03624972151737,3.3875055980228033
2024-07-02 14:00:00,14,956.7078876848926,22.146188436171933,62.685489719530615,1.7849543155212035
2024-07-02 15:00:00,15,893.0841014384803,22.437049636553365,24.01609699661357,3.393000786878401
2024-07-02 16:00:00,16,909.2980852693179,23.187913700079147,22.76973545786265,3.5112665836504195
2024-07-02 17:00:00,17,863.446873666534,19.384591751889886,21.842021509127036,3.3742631090020234
2024-07-02 18:00:00,18,653.6391655988035,21.7314193203308,23.616710335636625,2.4963554860953097
2024-07-02 19:00:00,19,603.8753753005307,20.294386051637748,16.800919737068043,2.5120937909218504
2024-07-02 20:00:00,20,415.32474930866766,28.779440607261826,35.419764293744,1.341088510249772
2024-07-02 21:00:00,21,182.83855096565475,26.59720277489333,30.582081342968227,0.6346135829151689
2024-07-02 22:00:00,22,274.85581561561935,27.099737894325056,19.80170996323455,1.1021483209516583
2024-07-02 23:00:00,23,179.23862072042255,26.50831145235452,55.022978260378046,0.40308096703611496
2024-07-03 00:00:00,0,20.965344726938042,25.070680539957188,67.93165844972614,0.033616191771134105
2024-07-03 01:00:00,1,0.0,28.951818666342106,53.331544111468006,0.0
2024-07-03 02:00:00,2,230.75109069640285,22.737489702759483,41.1624802616679,0.6788410926745632
2024-07-03 03:00:00,3,205.2156115610033,24.88978663605583,45.23539452527548,0.5619276002196331
2024-07-03 04:00:00,4,609.5760886123346,26.810954153427065,67.1283103565267,1.0018897999473522
2024-07-03 05:00:00,5,521.8770624392737,20.60614997438631,45.206386315188475,1.4297765075130913
2024-07-03 06:00:00,6,807.5390699433392,33.859544358382344,18.29628294801431,3.2989471839537132
2024-07-03 07:00:00,7,869.0229117859669,24.655474958287456,37.84545053301097,2.700686377927387
2024-07-03 08:00:00,8,793.9781755815535,24.995746021681473,42.52488532126635,2.2816993346980756
2024-07-03 09:00:00,9,833.256736409867,28.34041176497946,10.105654519281604,3.7452534468482246
2024-07-03 10:00:00,10,993.9554435999754,27.31464366898537,24.301383627136442,3.7620525908396982
2024-07-03 11:00:00,11,923.8989383991645,24.684011728144075,52.00783648110932,2.21699544632911
2024-07-03 12:00:00,12,1008.1987713726566,24.96016598424882,0.0,5.040993856863283
2024-07-03 13:00:00,13,952.8186541092567,20.057332077110757,4.991429099188117,4.526296932727773
2024-07-03 14:00:00,14,823.4331531318178,22.90038033640477,26.471858927433445,3.02727545236523
2024-07-03 15:00:00,15,745.4420909813301,26.121408318431577,37.07359191011409,2.345399661223452
2024-07-03 16:00:00,16,884.1601436640065,25.901456187083355,2.847351101021861,4.294925000392964
2024-07-03 17:00:00,17,748.4287205847853,28.233274919966956,27.464214966681176,2.7143932394549912
2024-07-03 18:00:00,18,662.8595958334171,24.208274495284723,53.07537078177133,1.5552220379114001
2024-07-03 19:00:00,19,664.4305361362235,20.407918129662097,31.373029141485674,2.279892752046383
2024-07-03 20:00:00,20,593.8753821305954,27.73996896228173,48.78177887262261,1.5208620322035293
2024-07-03 21:00:00,21,360.8798546561452,28.878045708500743,18.157717573299934,1.4767615493437352
2024-07-03 22:00:00,22,231.57114854973213,27.264511388523385,13.801662864216368,0.9980523966805221
2024-07-03 23:00:00,23,170.5376348691627,24.07887665738222,46.97747660570095,0.45211678672293043
2024-07-04 00:00:00,0,0.0,27.53102538197181,37.3853106931238,0.0
2024-07-04 01:00:00,1,148.37843659986734,34.68459866036672,6.288079844510818,0.6952414101721541
2024-07-04 02:00:00,2,302.96992284829315,24.7433241696635,13.98318167674422,1.3030254405526227
2024-07-04 03:00:00,3,437.1018490385001,20.4626571496067,61.29162482114829,0.8459751181976032
2024-07-04 04:00:00,4,345.0597837998027,22.639012077685617,11.508895610613678,1.5267360674403707
2024-07-04 05:00:00,5,547.8530074240053,26.274295227254225,48.68657493451995,1.405610712167479
2024-07-04 06:00:00,6,636.8457209606702,19.583454293647883,20.43626605532601,2.533491175315943
2024-07-04 07:00:00,7,801.3442966439724,24.90607645107828,29.936482864657375,2.8072499929612014
2024-07-04 08:00:00,8,904.4849701658773,25.53887717728972,35.891852418867444,2.899242797615517
2024-07-04 09:00:00,9,1043.616365106965,29.00323244578003,0.0,5.218081825534825
2024-07-04 10:00:00,10,926.3285878596225,28.32845179450497,0.745653291454019,4.5971069412728385
2024-07-04 11:00:00,11,951.6390615090731,26.991621601597384,31.72666037574325,3.2485788423058954
2024-07-04 12:00:00,12,1091.9737615102997,17.909830194798484,15.513848724322393,4.612833020201494
2024-07-04 13:00:00,13,1015.1710164562346,27.161026610485848,49.931625905492446,2.5413981110916115
2024-07-04 14:00:00,14,1067.3379471841063,26.514407384522812,0.0,5.336689735920531
2024-07-04 15:00:00,15,946.9777727520737,25.165700357577112,41.30510112515974,2.7791382304202217
2024-07-04 16:00:00,16,773.4560742873771,19.207200847905614,2.4755755919134756,3.7715429224907333
2024-07-04 17:00:00,17,686.7030719090108,22.06754549878089,22.95790011711143,2.645252332795021
2024-07-04 18:00:00,18,582.9858012618333,20.897398917739874,8.712444715240721,2.6609674281459648
2024-07-04 19:00:00,19,661.7255757893986,18.3528419078208,68.04859760942395,1.057153007209135
2024-07-04 20:00:00,20,595.0877458469605,24.38912177209769,3.2101567405992846,2.87992248230587
2024-07-04 21:00:00,21,530.6324036760004,22.004400862013732,27.55880609261953,1.9219822424116266
2024-07-04 22:00:00,22,326.2674716883803,32.27378396714881,0.0,1.6313373584419013
2024-07-04 23:00:00,23,223.55327842285087,23.89155140802834,61.99140244141179,0.4248473296238579
2024-07-05 00:00:00,0,0.0,28.10739467526325,38.025648323544104,0.0
2024-07-05 01:00:00,1,38.012926880543034,19.518838133585696,32.739461791973355,0.1278384960423844
2024-07-05 02:00:00,2,326.8253916959251,22.63586644965076,59.48625878583451,0.6620459670693488
2024-07-05 03:00:00,3,416.09789254424186,24.51682883576831,32.94844882845224,1.3950004567151706
2024-07-05 04:00:00,4,508.5955499472713,21.501673361842357,34.39142712282154,1.6684114101862104
2024-07-05 05:00:00,5,639.7511474593598,22.959533153251137,32.63450576130303,2.1548576119186635
2024-07-05 06:00:00,6,732.961619783204,23.572282488934754,41.272686508862385,2.152243341099012
2024-07-05 07:00:00,7,896.0586890795203,23.524411251330687,20.151172321574748,3.577461792703312
2024-07-05 08:00:00,8,969.624250569795,29.79149092677141,25.714253852733354,3.6014630468030724
2024-07-05 09:00:00,9,967.4171606985144,25.3608140639599,46.20669256914892,2.6020284369668123
2024-07-05 10:00:00,10,1033.5900560941027,25.66466689648928,35.547459031157636,3.3308752717696617
2024-07-05 11:00:00,11,1032.5698655677922,25.84509953070058,27.715121717957487,3.7319593525136425
2024-07-05 12:00:00,12,963.1064214372304,26.064014339676707,1.989552179385754,4.71972458319861
2024-07-05 13:00:00,13,1051.9700353668613,23.97747425604077,59.96100569073191,2.1059911129787157
2024-07-05 14:00:00,14,854.3662207803276,23.26389609322883,16.770917800984584,3.555405820869402
2024-07-05 15:00:00,15,1008.1908566949575,24.726583386220202,49.74474476838514,2.5333444412692767
2024-07-05 16:00:00,16,770.4635686031559,27.696547054405787,33.51507303376171,2.5612107044364074
2024-07-05 17:00:00,17,816.217603234814,27.604849772974518,4.1309895454025956,3.9124986968872406
2024-07-05 18:00:00,18,639.4944645124549,23.504939780600136,55.0455095506123,1.4374073898680728
2024-07-05 19:00:00,19,653.0325476546749,26.529666291669702,35.09081292799079,2.1193905899914034
2024-07-05 20:00:00,20,497.2859819257672,23.642381218546365,56.70690713474085,1.0764524098051913
2024-07-05 21:00:00,21,255.10295571202332,24.3277468559711,26.35182598528162,0.9393933436974042
2024-07-05 22:00:00,22,292.4750155839994,22.805565063002778,44.08102459934109,0.8177451600874496
2024-07-05 23:00:00,23,84.29253007343515,23.681199790946668,0.0,0.4214626503671758
2024-07-06 00:00:00,0,70.49173766506952,28.07862271047705,19.995682728124855,0.2819821672601007
2024-07-06 01:00:00,1,130.63224731880416,24.331895943845716,4.540133355374568,0.6235068454270387
2024-07-06 02:00:00,2,290.45272393356385,24.46048002748496,22.504322999232166,1.1254415238974327
2024-07-06 03:00:00,3,306.07791596387284,19.712979164054133,39.436234790122896,0.9268615519182244
2024-07-06 04:00:00,4,452.85342148581094,23.126900778929816,17.908398246917088,1.8587731364567097
2024-07-06 05:00:00,5,572.0703381206338,23.33068779059382,47.276841872775634,1.5080677448314443
2024-07-06 06:00:00,6,775.642979605952,21.56720204549779,12.867747128999774,3.3791760118320937
2024-07-06 07:00:00,7,927.5435073156744,24.119628736938697,47.70473227299957,2.425306802175709
2024-07-06 08:00:00,8,801.6116636450083,22.767085631145044,56.19514331748072,1.7557242020502721
2024-07-06 09:00:00,9,1010.027384083901,24.294620067558753,50.270522701819715,2.511406693367038
2024-07-06 10:00:00,10,792.3516328710123,24.41914153128481,23.116218963404542,3.045949472282189
2024-07-06 11:00:00,11,895.9097092864271,21.18736942836007,0.0,4.479548546432135
2024-07-06 12:00:00,12,923.297723505058,22.85852715437844,41.643339934746955,2.694028569480333
2024-07-06 13:00:00,13,883.2441662185524,24.286755350110507,27.495305705693923,3.20196741294527
2024-07-06 14:00:00,14,839.2387551060621,27.60753079529818,10.432141197452932,3.7584409159482575
2024-07-06 15:00:00,15,956.9194454823106,24.82479002021523,18.874418702591793,3.8815323134772983
2024-07-06 16:00:00,16,848.8999879662098,22.068826962075725,58.68850632889603,1.7534663240133157
2024-07-06 17:00:00,17,823.7057720996442,25.251646779559564,7.253195987796911,3.819803890432306
2024-07-06 18:00:00,18,762.3445960762687,29.177279169793287,39.366183512424236,2.3111931169391777
2024-07-06 19:00:00,19,630.0107884625234,26.804751919595063,34.359163512748076,2.0677217575336577
2024-07-06 20:00:00,20,552.6210540920298,25.697212093134866,22.852246706735357,2.1316736372877885
2024-07-06 21:00:00,21,377.1208494657084,26.231403028274972,42.89065374626094,1.0768562585820673
2024-07-06 22:00:00,22,163.85957403806148,28.3744946261139,62.644905177977314,0.30604949628440165
2024-07-06 23:00:00,23,215.15132668571567,27.281512883880985,24.080569922276034,0.816708305122287
2024-07-07 00:00:00,0,0.0,25.58369107213603,25.136381038457976,0.0
2024-07-07 01:00:00,1,55.67848831905749,27.089336587553312,42.441298099804,0.16023907557050876
2024-07-07 02:00:00,2,244.58561503816895,20.638456639990874,48.36485642870003,0.6314606673985279
2024-07-07 03:00:00,3,309.65855882136873,19.376614171762213,27.445855857027297,1.1233505855915389
2024-07-07 04:00:00,4,466.60556944084533,24.354705880714548,23.89252527812703,1.7756085790652136
2024-07-07 05:00:00,5,636.2857427337979,24.089452057734672,0.0,3.1814287136689896
2024-07-07 06:00:00,6,734.9741203262377,22.251679768243285,14.43982175266893,3.144225837114412
2024-07-07 07:00:00,7,721.526934977185,26.360967938266185,7.213766558648992,3.347388331150779
2024-07-07 08:00:00,8,827.0089739485389,18.29481916942935,43.69249992623782,2.3283403930804667
2024-07-07 09:00:00,9,1009.8261728929061,22.279093160609644,25.12194102798316,3.780691186268055
2024-07-07 10:00:00,10,1005.6378357077837,22.42854329415021,24.339567889221435,3.804349659829953
2024-07-07 11:00:00,11,1157.4500645216935,18.97450457348468,29.818874727540376,4.061557398740673
2024-07-07 12:00:00,12,1094.4102538993222,28.367602950590967,12.596470597492,4.782765940254784
2024-07-07 13:00:00,13,1082.9883068586053,19.805806122793086,61.06494373377508,2.108310533160173
2024-07-07 14:00:00,14,854.8963422526043,22.118389756859997,55.96387823393222,1.882315971240082
2024-07-07 15:00:00,15,984.9883606419606,26.607349202198456,62.362135660953754,1.8536429146690836
2024-07-07 16:00:00,16,861.7768596486859,25.82154595906925,43.66834462477783,2.4272658534035485
2024-07-07 17:00:00,17,749.2747960081754,20.558885839328816,29.410437699561253,2.644548994648382
2024-07-07 18:00:00,18,720.54800842915,25.930877556564965,62.2945860601377,1.3584280460682243
2024-07-07 19:00:00,19,684.3783517776394,24.752763364757723,16.38066328174041,2.861363191999097
2024-07-07 20:00:00,20,540.0665272803368,30.88251661511746,12.575820419339752,2.3607436533229853
2024-07-07 21:00:00,21,312.4055282577251,25.09523117698797,17.969769704602818,1.28133487142682
2024-07-07 22:00:00,22,318.2157581899307,23.45968446557746,40.45742533828597,0.9473692770278942
2024-07-07 23:00:00,23,79.51918885397488,21.31390405742479,14.757896132246547,0.33891914778850146
2024-07-08 00:00:00,0,17.334649517142896,21.479788124607477,26.892540235640027,0.0633646096051903
2024-07-08 01:00:00,1,106.25818682188083,21.235210939069717,0.0,0.5312909341094042
2024-07-08 02:00:00,2,241.30974496367077,27.825814667209958,39.62195330856488,0.7284905524257408
2024-07-08 03:00:00,3,443.98287036833057,23.766427970523605,0.0,2.219914351841653
2024-07-08 04:00:00,4,416.7845024147281,25.40825959739838,11.35677890269276,1.8472560398739966
2024-07-08 05:00:00,5,764.3770349508752,28.255261025416853,54.34334269793288,1.7449450167161142
2024-07-08 06:00:00,6,561.4198956429879,16.637125798851798,53.6063663397222,1.3023154484026087
2024-07-08 07:00:00,7,745.5399256308467,27.549139519575316,37.48626179092996,2.330324386764815
2024-07-08 08:00:00,8,895.6423549797778,23.878708960824195,35.51327163470461,2.88785226290172
2024-07-08 09:00:00,9,970.6246658261114,25.017663340395526,19.380807056914815,3.9125488604776426
2024-07-08 10:00:00,10,957.8877686433319,21.22730856022944,14.541926725155975,4.092962156089935
2024-07-08 11:00:00,11,986.8536051336869,21.447145030128638,22.75516604485241,3.8114671433295215
2024-07-08 12:00:00,12,1032.8440068262094,25.179055894913155,0.0,5.164220034131047
2024-07-08 13:00:00,13,972.9593031771958,30.8663116264686,35.04897109907327,3.1597353910043786
2024-07-08 14:00:00,14,1077.380326923861,26.722458163918894,30.976622496168194,3.7182214510233695
2024-07-08 15:00:00,15,991.027461649815,27.509086989729813,11.331574665794662,4.393642224372183
2024-07-08 16:00:00,16,935.8513518648895,23.13651441468993,61.37363837682715,1.8074266371334198
2024-07-08 17:00:00,17,716.0608024216019,21.911905551717307,42.13827420574096,2.0716256900867913
2024-07-08 18:00:00,18,700.7557072340915,21.370103370737212,43.83683608017713,1.9678328826569842
2024-07-08 19:00:00,19,584.7241531110644,22.247697051384126,20.253201479216692,2.3314939614191847
2024-07-08 20:00:00,20,419.5518899448426,17.554170925962616,29.97339843947353,1.4689896515566672
2024-07-08 21:00:00,21,411.4965670807513,21.537760196799386,42.54745340374845,1.1820762847202206
2024-07-08 22:00:00,22,215.80738448013574,22.03145875729466,33.05564734200471,0.7223542826418893
2024-07-08 23:00:00,23,182.95849860807095,23.18644370228967,62.03801569539743,0.34727338262766205
2024-07-09 00:00:00,0,0.0,23.93725836004313,25.92424861166498,0.0
2024-07-09 01:00:00,1,268.0494412473972,24.629360636678086,19.908789355277786,1.073420213107269
2024-07-09 02:00:00,2,187.11243241515587,23.497231913472376,42.68505752942852,0.5362169149701675
2024-07-09 03:00:00,3,400.2276193411247,21.797678771772986,4.70705455426976,1.9069434347874143
2024-07-09 04:00:00,4,563.3487448310453,17.651932101004693,48.48593864616224,1.4510190902416982
2024-07-09 05:00:00,5,563.1101945927115,21.816082205595876,3.9857639881603433,2.7033297562148784
2024-07-09 06:00:00,6,775.3042726611836,20.62465611774024,42.771693321171,2.218467534263034
2024-07-09 07:00:00,7,695.0186524672021,24.94020827563707,17.034528916546748,2.883127495686415
2024-07-09 08:00:00,8,982.1948197190433,26.26987022088234,39.53168293966786,2.9695833886893435
2024-07-09 09:00:00,9,925.0114737085472,26.357721231981074,48.14685892122035,2.398237522284959
2024-07-09 10:00:00,10,918.212913651558,25.812866239184714,33.06842391007837,3.072871874840895
2024-07-09 11:00:00,11,967.5103195796155,23.14143082444379,6.007580967186399,4.546931768824931
2024-07-09 12:00:00,12,1064.7135415514176,21.976141334373565,12.06449510985696,4.681306141984811
2024-07-09 13:00:00,13,944.6884380257752,21.300699769800058,15.426817179324354,3.99476539888662
2024-07-09 14:00:00,14,905.9772111352463,19.019511280996007,0.0,4.529886055676232
2024-07-09 15:00:00,15,906.1566047045877,26.51756913232483,52.54955717463858,2.1498766081179332
2024-07-09 16:00:00,16,771.8684347628413,23.017874917011333,32.202151715126575,2.616550951796692
2024-07-09 17:00:00,17,938.9968529265806,19.802987149938634,7.289639096220103,4.352736856116841
2024-07-09 18:00:00,18,661.7952138893698,21.062533903670552,59.113497149167145,1.3529245949677629
2024-07-09 19:00:00,19,675.290771903153,20.941087661503598,15.973437997236735,2.837118095760707
2024-07-09 20:00:00,20,516.7576066918217,23.671081485846635,35.01144978149743,1.6791663836642325
2024-07-09 21:00:00,21,303.92070832653246,26.744411584013314,13.494589096075963,1.314539287799917
2024-07-09 22:00:00,22,258.3426683655027,22.498039382014507,0.0,1.2917133418275135
2024-07-09 23:00:00,23,193.24641456491184,16.78440748645031,2.711188822974787,0.9400356968621422
2024-07-10 00:00:00,0,0.0,22.804388865138076,21.030191382671376,0.0
2024-07-10 01:00:00,1,225.97522788813382,22.903348170323248,47.96593742412095,0.5879204574264841
2024-07-10 02:00:00,2,340.54027652506994,22.69716917780827,36.930662936384905,1.0738824741948165
2024-07-10 03:00:00,3,456.1966207377561,21.48954637118773,32.8041025234249,1.5327270678127138
2024-07-10 04:00:00,4,463.2274582181601,24.024247112792363,0.0,2.3161372910908002
2024-07-10 05:00:00,5,522.3740331862016,23.57035321606184,55.4017229536019,1.1648490926941286
2024-07-10 06:00:00,6,658.019772757524,23.297438928234893,34.47359392991112,2.1558835415928566
2024-07-10 07:00:00,7,809.052615544573,24.60985395494373,27.6116466021568,2.928299332574496
2024-07-10 08:00:00,8,909.6883408670269,22.082431401171274,52.64846219977791,2.153757092949317
2024-07-10 09:00:00,9,750.1538201304508,21.912172861512875,54.949934471365474,1.6897239376716164
2024-07-10 10:00:00,10,965.2767701601283,27.512299739371034,53.09180495218382,2.263969550489867
2024-07-10 11:00:00,11,1004.0919993996649,25.04999609976114,25.058270065934245,3.7624195723982905
2024-07-10 12:00:00,12,977.7964594947558,25.852768053443235,9.93046878431609,4.403483436552406
2024-07-10 13:00:00,13,1094.7467684950805,27.05024362661704,49.77845834284146,2.7489935219007693
2024-07-10 14:00:00,14,999.6682322291382,24.949762412489235,2.6989111385916615,4.8634403748027175
2024-07-10 15:00:00,15,1028.6948851577586,26.157095908023347,68.94513477328564,1.5972990508992297
2024-07-10 16:00:00,16,848.7485621564201,18.633894384404055,30.559990903891258,2.9468553938225512
2024-07-10 17:00:00,17,868.3515396917893,23.984391486602917,8.782314886008319,3.960450865792775
2024-07-10 18:00:00,18,837.9120927487493,22.823774485171853,5.362628916867791,3.9648898828253634
2024-07-10 19:00:00,19,713.6969049505336,28.404982143314264,4.44790351887881,3.4097617760055483
2024-07-10 20:00:00,20,412.62867252570123,26.154866466024735,32.80725813441686,1.386282593967884
2024-07-10 21:00:00,21,362.38934616169945,21.480594298235296,29.872153598804257,1.2706792202528705
2024-07-10 22:00:00,22,231.20586866653733,24.49031234620245,5.2815565298161395,1.0949730000633084
2024-07-10 23:00:00,23,169.66655502615822,23.874973870962556,22.87088426888196,0.6543115679156333
2024-07-11 00:00:00,0,54.908284401162646,24.565328442201064,2.641292278173154,0.2672899806259869
2024-07-11 01:00:00,1,63.41477829799267,20.14580673462042,41.78603611888345,0.18458128066841795
2024-07-11 02:00:00,2,264.24612621587585,24.28238353845905,28.908134677745725,0.9392875008433226
2024-07-11 03:00:00,3,221.0892457925989,22.517880094879672,22.431949881651043,0.8574730849134141
2024-07-11 04:00:00,4,615.355600464151,24.049683434911177,4.237785398649457,2.9463907533895477
2024-07-11 05:00:00,5,567.7714897545851,21.02917864737787,23.996887995544693,2.157620006437709
2024-07-11 06:00:00,6,711.5758963741073,21.44714462855458,21.705442373073463,2.7856260012297227
2024-07-11 07:00:00,7,768.5813631721904,26.723860203844485,36.354534024191935,2.445835949970791
2024-07-11 08:00:00,8,957.7076097855116,20.047691467723894,33.34035956233921,3.1920222456356875
2024-07-11 09:00:00,9,696.8790171994963,20.26907093961823,45.84120204158684,1.8871064946982525
2024-07-11 10:00:00,10,964.5969989029957,23.04759037109764,20.308469129898754,3.843510575764255
2024-07-11 11:00:00,11,982.9793607739944,20.886663017186514,0.0,4.914896803869972
2024-07-11 12:00:00,12,963.7090889926653,20.54724824595598,49.8218575319608,2.417856598260911
2024-07-11 13:00:00,13,1129.5429850246608,23.51756205636926,11.279349739036387,5.0106894064548895
2024-07-11 14:00:00,14,894.9394695806068,18.68713657203326,7.861658939694891,4.122911903827324
2024-07-11 15:00:00,15,985.6232266901397,20.178447438003463,29.137669097724956,3.492177961734237
2024-07-11 16:00:00,16,894.5256268809254,29.364620891515308,36.04541025909034,2.860450973994981
2024-07-11 17:00:00,17,894.2748804940766,24.580759319651403,19.383271885706346,3.6046757450116713
2024-07-11 18:00:00,18,653.7316544043472,20.96264408593464,19.226146370637462,2.640221248286888
2024-07-11 19:00:00,19,550.12391707882,24.456979377542968,22.179473644688898,2.1405466393859647
2024-07-11 20:00:00,20,587.6855925981918,24.904325573704266,58.33080701986287,1.2244192184810154
2024-07-11 21:00:00,21,416.70913703149876,26.185577403015092,29.946438248837353,1.4595979631654896
2024-07-11 22:00:00,22,135.22405736838036,22.820866054374186,10.640743210764075,0.6041760633231736
2024-07-11 23:00:00,23,87.38179106299037,26.131827251063044,10.844332861940657,0.38952909389697093
2024-07-12 00:00:00,0,30.91061230784488,16.917931527417718,24.982316408352613,0.11594212668669941
2024-07-12 01:00:00,1,197.54732994377872,19.86434671063698,34.757158680560146,0.6444274550300491
2024-07-12 02:00:00,2,204.4805928470844,23.524885307273603,39.67960323932381,0.616717524519721
2024-07-12 03:00:00,3,149.54295317973452,24.02217170048761,32.48317207694431,0.5048332918470855
2024-07-12 04:00:00,4,541.8578548589626,20.29792423905831,13.162532981658224,2.352678179997229
2024-07-12 05:00:00,5,511.13577381320255,23.811531075853715,21.521174008784346,2.005666772548584
2024-07-12 06:00:00,6,545.7196773367547,21.161750356002457,44.678157637292486,1.5095108981925776
2024-07-12 07:00:00,7,566.767266292504,22.202393819382742,7.078160790938092,2.633252839369582
2024-07-12 08:00:00,8,931.1438726002577,26.10759250405927,20.68493213845075,3.6926869722077607
2024-07-12 09:00:00,9,934.1689285436839,25.760083592730037,41.94925715762705,2.7114600121112233
2024-07-12 10:00:00,10,947.8733158320882,20.04209011997445,47.505628532703525,2.4879006972613835
2024-07-12 11:00:00,11,1102.566810410831,19.861516716003926,26.141692578172343,4.071685921821357
2024-07-12 12:00:00,12,1050.9859746418458,21.79975091540429,21.77586378858368,4.110623501833594
2024-07-12 13:00:00,13,1120.7488647915636,22.95303219854546,3.557641171125198,5.404383208764103
2024-07-12 14:00:00,14,854.5069885157088,21.059575636340014,40.51279845454189,2.5416114723918217
2024-07-12 15:00:00,15,921.1154825949698,26.15519843046324,56.37559370293579,2.009155802961967
2024-07-12 16:00:00,16,736.6883337885976,24.075440627189902,81.30308117199382,0.6886900989192262
2024-07-12 17:00:00,17,775.002753742798,24.251526431687523,37.72892367036093,2.413012781699912
2024-07-12 18:00:00,18,687.2175128852135,19.233654615229323,28.98240696712038,2.44022668275749
2024-07-12 19:00:00,19,658.8905199897664,26.535143254215576,11.603787736981854,2.9121713131552895
2024-07-12 20:00:00,20,503.6451104913518,14.572764635342164,0.0,2.5182255524567587
2024-07-12 21:00:00,21,432.5560034274832,25.535437457612343,33.53918499479666,1.437401226159203
2024-07-12 22:00:00,22,315.0942557536326,25.836206315076552,77.00678240308605,0.3622515393040465
2024-07-12 23:00:00,23,302.92048641070335,21.73606754023035,55.41624459313826,0.6752666436931192
2024-07-13 00:00:00,0,0.0,26.683521497344312,52.331285382275965,0.0
2024-07-13 01:00:00,1,55.24437616674125,22.675498186739002,34.91205634115831,0.17978714217043557
2024-07-13 02:00:00,2,278.5057343278335,23.05208595558437,37.19046320560644,0.874640808385683
2024-07-13 03:00:00,3,318.50103019392634,23.88337720781469,0.0,1.5925051509696317
2024-07-13 04:00:00,4,618.5568614749227,32.42451558103521,45.25021161527994,1.6932928634834312
2024-07-13 05:00:00,5,586.1039858931019,26.898092569851052,18.413188608483686,2.3909177676438222
2024-07-13 06:00:00,6,661.8606717566283,24.968184447740796,15.965453068082258,2.780958084156149
2024-07-13 07:00:00,7,755.6480825991459,20.126377385798456,23.53486093902785,2.889036785855033
2024-07-13 08:00:00,8,923.4987976621697,23.29556032204052,22.859910210979702,3.561939008585603
2024-07-13 09:00:00,9,911.2597738527678,20.42541856406288,15.647288160566752,3.843361655733481
2024-07-13 10:00:00,10,914.5924806786378,25.33112338745048,30.27744144351952,3.188386389471654
2024-07-13 11:00:00,11,1124.6730147836927,23.28619177280661,18.834448075838935,4.5642352989564285
2024-07-13 12:00:00,12,931.50641274706,19.491225806760355,32.00645911512292,3.1668209679821206
2024-07-13 13:00:00,13,994.2901472964497,23.10816459585755,0.2564437089993419,4.958701763822538
2024-07-13 14:00:00,14,1018.1103184178869,20.316538436453126,25.71884458735965,3.7813205394805904
2024-07-13 15:00:00,15,793.3727236779209,23.31843950961468,8.074088206274975,3.6465755508181967
2024-07-13 16:00:00,16,904.4462438969127,20.287558896506273,17.17101363004268,3.745718280404824
2024-07-13 17:00:00,17,708.9447262527993,22.947253745684478,32.86797686067061,2.379644688365423
2024-07-13 18:00:00,18,772.9294036532679,25.116200431407325,0.0,3.8646470182663393
2024-07-13 19:00:00,19,531.7493480552026,22.705634869826724,13.551852454557253,2.298437304893458
2024-07-13 20:00:00,20,555.4215225479087,21.692126044084876,41.37928769672668,1.6279602640163497
2024-07-13 21:00:00,21,471.15007766866694,23.474619508774428,1.7364431626839796,2.314844121795046
2024-07-13 22:00:00,22,327.73396715314544,24.9563387079806,65.55734280557616,0.5644014340812176
2024-07-13 23:00:00,23,150.6315240791002,19.54324103595676,54.088159122612936,0.3457885282318973
2024-07-14 00:00:00,0,0.0,23.47891176180949,20.109458310954416,0.0
2024-07-14 01:00:00,1,84.41262611326405,26.64956575474608,14.255806244298732,0.3618946284441641
2024-07-14 02:00:00,2,376.50182036788914,24.417914187524026,34.03879806670964,1.2417256300768875
2024-07-14 03:00:00,3,326.72381475167833,22.870205737695564,1.0507548594568092,1.6164537419558622
2024-07-14 04:00:00,4,417.03471411440023,24.616155817790567,0.0,2.0851735705720014
2024-07-14 05:00:00,5,661.990943811347,24.05443266600193,20.81329751894867,2.6210439956369753
2024-07-14 06:00:00,6,643.415836931628,24.95774662517332,27.319024669956175,2.338204528549358
2024-07-14 07:00:00,7,717.3482604939452,16.62514846474505,31.888544487070604,2.4429817065955315
2024-07-14 08:00:00,8,750.5370628108573,18.036574896704085,17.70518767764231,3.0882653362496546
2024-07-14 09:00:00,9,885.2467453544451,25.71143074614359,55.47893458949895,1.9706064127179208
2024-07-14 10:00:00,10,959.3086243773489,18.18110576920956,0.09720683032233168,4.791880554352915
2024-07-14 11:00:00,11,1010.8921995866662,23.901559204851495,7.234757300838023,4.688783011867339
2024-07-14 12:00:00,12,1076.1044995439586,21.640794329597007,39.73271912289623,3.242694606356548
2024-07-14 13:00:00,13,1033.5966952670738,19.708375560905893,6.767052287257176,4.818263332294943
2024-07-14 14:00:00,14,950.6560487248141,23.745892569136302,5.993590956053666,4.468388068826332
2024-07-14 15:00:00,15,908.0238784009092,23.300043808843593,32.46709584414327,3.0660744775638955
2024-07-14 16:00:00,16,906.8380012976534,29.02797125398301,8.92954759367937,4.129307351871043
2024-07-14 17:00:00,17,895.1589533255209,20.822509684086214,27.338311441586256,3.2521880538407317
2024-07-14 18:00:00,18,717.2119171452036,27.017273657901402,16.002868806844866,3.0121871748869986
2024-07-14 19:00:00,19,571.2309606718879,23.754212040846824,12.766725932545206,2.4915173474053143
2024-07-14 20:00:00,20,420.57071991315627,20.713877653065744,0.0,2.102853599565781
2024-07-14 21:00:00,21,267.0670112121119,25.094682670245618,32.79126305642674,0.8974618251430578
2024-07-14 22:00:00,22,312.1206188660029,24.394158811055735,5.056200157741422,1.4816958782127831
2024-07-14 23:00:00,23,176.76447411121657,22.80447318226803,26.635155929389605,0.6484149040196425
2024-07-15 00:00:00,0,46.18908200853292,23.32866426451252,19.7579020330287,0.18531544217665852
2024-07-15 01:00:00,1,120.2334365118871,20.738817102054053,25.869838826002336,0.4456462013564903
2024-07-15 02:00:00,2,371.37382477386086,20.052416819427126,27.006492519734785,1.3553939028302757
2024-07-15 03:00:00,3,343.9539527983044,24.8081047166584,33.872565018365265,1.1372396325173069
2024-07-15 04:00:00,4,576.4215389765764,21.857959922250824,15.444813970171145,2.4369715229882325
2024-07-15 05:00:00,5,605.6619974095571,22.289529200443372,54.85392958546737,1.3671629591229173
2024-07-15 06:00:00,6,658.4387200122005,23.36924298302348,0.0,3.2921936000610024
2024-07-15 07:00:00,7,840.7557648766563,23.325643229542074,25.46817762945542,3.1331529662399147
2024-07-15 08:00:00,8,898.796293279158,18.241798782268454,46.724619528217346,2.3941857245537546
2024-07-15 09:00:00,9,952.4373532526407,26.388534454555224,39.535451060052075,2.8794347478989386
2024-07-15 10:00:00,10,972.4281000535643,22.893324650892684,10.50328846942806,4.351455857735799
2024-07-15 11:00:00,11,988.4134148364637,21.9218184067242,13.835090140239522,4.258327639678097
2024-07-15 12:00:00,12,1191.069759429635,23.82231621069989,9.864148813467924,5.367904329436408
2024-07-15 13:00:00,13,1086.1853929895042,23.239404776035236,41.98455261328778,3.150776575959896
2024-07-15 14:00:00,14,1023.7519778879094,24.830966263659754,15.20152542968983,4.340630303161631
2024-07-15 15:00:00,15,932.8234651675579,24.14372921164347,35.102461762469005,3.0268973249788877
2024-07-15 16:00:00,16,946.5979798321722,24.683316882179447,35.2860282815191,3.0629057447815176
2024-07-15 17:00:00,17,834.7929224025514,26.582759912373195,77.36786936470745,0.9446571236616093
2024-07-15 18:00:00,18,709.2031614084705,25.180651842103565,36.26502519603407,2.2600522811630923
2024-07-15 19:00:00,19,584.4762829874475,22.04831953420496,13.777119704990731,2.519761429164932
2024-07-15 20:00:00,20,493.52661298698484,19.161074726960152,0.7969947586720174,2.4479661587441353
2024-07-15 21:00:00,21,129.04937349484547,27.533171994204192,24.48294570724509,0.4872714272328125
2024-07-15 22:00:00,22,275.6671122463324,21.81660807514931,27.61828315145363,0.997662943153524
2024-07-15 23:00:00,23,91.44810581122323,21.11045595510908,0.0,0.4572405290561161
2024-07-16 00:00:00,0,127.41359986263072,17.153164619426608,15.722916794139735,0.5369023278590557
2024-07-16 01:00:00,1,132.0737178849919,23.37876438865626,35.94705085655106,0.42298555674368055
2024-07-16 02:00:00,2,163.70197153972387,22.810004884581236,19.352886594676505,0.6601045731719575
2024-07-16 03:00:00,3,378.6930200348404,17.818000263971484,49.372475714116746,0.9586145034354178
2024-07-16 04:00:00,4,416.31031319499954,23.723167199119455,0.0,2.0815515659749977
2024-07-16 05:00:00,5,646.6340222657179,20.86876931061561,43.53765640306433,1.825523617331776
2024-07-16 06:00:00,6,730.3825703337063,30.434290094586007,48.277794830519056,1.88884985775064
2024-07-16 07:00:00,7,869.9805107798967,20.655261496447324,49.12992951683073,2.2127984951178474
2024-07-16 08:00:00,8,802.7548604488733,21.057765076126547,0.0,4.013774302244366
2024-07-16 09:00:00,9,926.6001802095383,19.739016399956824,36.29105591714769,2.9516359534065177
2024-07-16 10:00:00,10,856.7240826549375,26.19697463584584,16.6249176295697,3.5714720480043383
2024-07-16 11:00:00,11,1047.5644439277874,21.245017689325667,1.8771511603419775,5.139500379066335
2024-07-16 12:00:00,12,1041.5096944352097,20.188602611423438,21.722645500525832,4.076331178297196
2024-07-16 13:00:00,13,1031.1092630560158,24.484210102481555,11.900440161983813,4.542013611006812
2024-07-16 14:00:00,14,966.0553487976238,18.22228626648037,48.41500936327739,2.491697806114061
2024-07-16 15:00:00,15,957.0613637743901,24.23867671146677,40.261266860271384,2.858681670443151
2024-07-16 16:00:00,16,994.3725324491264,27.7075442225225,6.951110637822644,4.6262629878323445
2024-07-16 17:00:00,17,770.5457997278742,24.063168571225194,15.515573723381419,3.254955990493385
2024-07-16 18:00:00,18,718.1983958833545,24.2770400214997,22.38605148766753,2.7871106659865226
2024-07-16 19:00:00,19,521.8713250742079,24.97352572344238,28.551897053642055,1.864335807932712
2024-07-16 20:00:00,20,430.5391230721333,27.49246915874648,50.12756549607561,1.0736017108396005
2024-07-16 21:00:00,21,390.5084958125545,25.99302695277724,43.815646529612664,1.0970233680960917
2024-07-16 22:00:00,22,347.1337288386736,23.682354239539,31.0278393794968,1.1971281651127599
2024-07-16 23:00:00,23,110.0237262799262,25.07501927462793,24.787023002101556,0.4137605996957582
2024-07-17 00:00:00,0,0.0,19.539888471612507,0.0,0.0
2024-07-17 01:00:00,1,97.97537265970159,24.526574020249804,55.83995252252113,0.21632985541380537
2024-07-17 02:00:00,2,216.03851143497496,19.181025334456596,21.058068042686855,0.8527248734929505
2024-07-17 03:00:00,3,406.2811488217955,21.09662599211296,61.09680480852514,0.7902817417615479
2024-07-17 04:00:00,4,380.2193883857083,12.950006722578125,33.92218584263671,1.2562033042388585
2024-07-17 05:00:00,5,711.2365951420588,23.401982226110224,70.50568417242889,1.0488718382623108
2024-07-17 06:00:00,6,653.8729973361907,20.26607721468278,42.126430667326325,1.8920982123049588
2024-07-17 07:00:00,7,851.1056191262867,25.531128893621226,1.3596073755824243,4.197669621773246
2024-07-17 08:00:00,8,764.4255159929285,23.368271079824044,17.711690394775758,3.14516417650797
2024-07-17 09:00:00,9,977.386742954984,25.569980932112713,26.6173007865607,3.586163868673435
2024-07-17 10:00:00,10,1019.6813949142281,18.946903613990223,12.52434225783352,4.459865035378595
2024-07-17 11:00:00,11,1022.181027134282,25.312851359486736,22.458783656359117,3.9630580083692206
2024-07-17 12:00:00,12,920.4457182560166,28.51526228109782,2.661216828357812,4.479753309529443
2024-07-17 13:00:00,13,1011.4087165416564,24.49016814780352,30.11442562198245,3.5341439543223596
2024-07-17 14:00:00,14,871.2813315103174,24.568740274084703,34.748238980218794,2.8426320612354
2024-07-17 15:00:00,15,903.658472103592,22.706486277192642,9.917811855877623,4.070176625103297
2024-07-17 16:00:00,16,948.3784518608647,20.623686906311743,68.80508586963823,1.479229218444255
2024-07-17 17:00:00,17,857.0894944568947,24.481270366112362,31.270265225609176,2.9453766815969544
2024-07-17 18:00:00,18,708.3214165897823,17.67944451680163,13.665182677541761,3.0576400053431847
2024-07-17 19:00:00,19,530.7769029348933,20.944427873245388,0.0,2.6538845146744667
2024-07-17 20:00:00,20,551.6470169739354,16.88452284099629,31.198857787943368,1.8976972432840271
2024-07-17 21:00:00,21,384.23393138093195,20.086724116062587,24.79022934373294,1.4449072928757873
2024-07-17 22:00:00,22,73.1937972440872,24.12382852368852,45.66081814572886,0.1988645529525552
2024-07-17 23:00:00,23,193.13657832537345,23.713873376669227,27.132594700560638,0.7036680665490951
2024-07-18 00:00:00,0,0.0,22.185612893871518,6.125624354625462,0.0
2024-07-18 01:00:00,1,226.72229205869735,22.54407478945113,63.41436592355162,0.414738940711658
2024-07-18 02:00:00,2,171.19740359509643,16.375277953672473,38.71249759014371,0.5246130642697807
2024-07-18 03:00:00,3,128.54712730940975,20.915184965552356,24.917825768032827,0.48257989048319844
2024-07-18 04:00:00,4,522.3267086676148,19.98881698795947,33.29277062899477,1.7421483780846405
2024-07-18 05:00:00,5,632.0865231432784,20.055692735721475,39.48083913123316,1.912667298854379
2024-07-18 06:00:00,6,571.8530509780314,23.83160769070636,1.422867722131297,2.81858169248821
2024-07-18 07:00:00,7,715.0733766219068,19.45134982774917,33.1538843992562,2.38999387983411
2024-07-18 08:00:00,8,1086.4428232820305,20.218829256882866,20.99753053412217,4.291583298638036
2024-07-18 09:00:00,9,899.4306833789823,15.77166407013655,40.145999712595035,2.691726219073322
2024-07-18 10:00:00,10,1024.4025443991657,21.15050226613659,15.196361507874434,4.343653152282022
2024-07-18 11:00:00,11,939.3920751843395,18.76935916412424,17.90596289805835,3.855924393672657
2024-07-18 12:00:00,12,832.7757680917475,22.27048059333403,63.257421971281154,1.529916431976865
2024-07-18 13:00:00,13,977.8242016301377,19.179547667037706,54.618241817642726,2.2187690731617735
2024-07-18 14:00:00,14,944.67746146618,22.346498543912748,0.0,4.7233873073309
2024-07-18 15:00:00,15,891.8892734178171,21.59881452503807,53.135239649286234,2.089908852904911
2024-07-18 16:00:00,16,856.8541369439273,27.04899712639206,28.526959474844862,3.0620985226970077
2024-07-18 17:00:00,17,814.4948020228862,23.52452574862468,15.836358742019762,3.427542416197192
2024-07-18 18:00:00,18,695.0974250862431,16.51395818957819,9.856505285846996,3.132925553204156
2024-07-18 19:00:00,19,507.6409355729316,18.238205274956975,11.017647434400232,2.2585542352940755
2024-07-18 20:00:00,20,538.894783324955,22.1984958342421,16.401281104831696,2.2525456752627773
2024-07-18 21:00:00,21,226.73369193929605,19.243327962087147,7.457348326363128,1.0491268537907978
2024-07-18 22:00:00,22,94.79044851978503,13.127766516557543,2.908006778547154,0.46016967925707214
2024-07-18 23:00:00,23,189.66063179617743,26.08151074876633,9.192396983121785,0.8611313680038795
2024-07-19 00:00:00,0,40.561621770828545,24.029601641357957,36.467877101313746,0.12884829696571537
2024-07-19 01:00:00,1,125.93456301412868,23.431860211117048,31.00180297141594,0.43446288957787427
2024-07-19 02:00:00,2,147.18316472211507,20.046960454228987,41.11712903103712,0.43332836485679554
2024-07-19 03:00:00,3,326.05055711116376,23.151959903671525,28.672603215798915,1.1628168729388897
2024-07-19 04:00:00,4,478.98026018507954,19.75584861797909,3.866413387104167,2.3023045164184865
2024-07-19 05:00:00,5,481.0899115227915,22.483501491294806,39.88881846987212,1.445944150192984
2024-07-19 06:00:00,6,647.9844885446889,19.107179913132303,9.906214422501701,2.9189687784245053
2024-07-19 07:00:00,7,845.5397673453697,26.417794942309776,42.93228603977868,2.4126510792428824
2024-07-19 08:00:00,8,980.2098329275758,17.1582196283962,6.681599940860785,4.573580666551877
2024-07-19 09:00:00,9,890.3247522986026,25.56578107917423,16.250467471929493,3.728214090158906
2024-07-19 10:00:00,10,1026.4448946343562,21.985677074693726,22.772167188641703,3.9635057356447163
2024-07-19 11:00:00,11,838.3200557268128,20.40052860461576,43.48809602113897,2.3687531246393534
2024-07-19 12:00:00,12,1052.756099289089,22.369938355728948,33.5199450425479,3.499364166876577
2024-07-19 13:00:00,13,927.1289881956118,24.068973612176276,30.40002644301849,3.22640765311628
2024-07-19 14:00:00,14,990.5134756257061,25.969169800724927,67.71337570110612,1.5990168225259378
2024-07-19 15:00:00,15,904.0593390521101,22.80835866004233,0.0,4.520296695260551
2024-07-19 16:00:00,16,971.6585245671454,19.196841334854902,9.232447145988978,4.409753324234937
2024-07-19 17:00:00,17,723.3984884240418,22.0358199619391,8.376230439220173,3.314024820199043
2024-07-19 18:00:00,18,757.3152849914942,27.319309300628852,0.0,3.7865764249574707
2024-07-19 19:00:00,19,586.400831944998,25.911963847179607,15.609609742279451,2.474329752764519
2024-07-19 20:00:00,20,487.3355617592268,24.59522002501481,43.75538327593412,1.370500094357752
2024-07-19 21:00:00,21,367.97512091235313,24.255990651008894,18.167052029684967,1.5056244461995487
2024-07-19 22:00:00,22,191.165196742992,23.96727986246136,23.339940560273806,0.7327367672562359
2024-07-19 23:00:00,23,129.39827494751827,25.345194094171344,0.0,0.6469913747375913
2024-07-20 00:00:00,0,0.0,20.336028820588982,14.069488496793054,0.0
2024-07-20 01:00:00,1,149.82541209258991,17.64065698042968,20.76602568824832,0.593563142649594
2024-07-20 02:00:00,2,265.5794567579498,21.91292567996588,42.84800845094228,0.7589197434116844
2024-07-20 03:00:00,3,446.5229963340687,19.253170417421625,0.0,2.232614981670343
2024-07-20 04:00:00,4,573.8806892837894,18.540852911623144,20.899825085577234,2.2697031451178615
2024-07-20 05:00:00,5,524.7115632624965,19.5450794479909,51.73636060137781,1.2662244838794234
2024-07-20 06:00:00,6,776.6085812338092,29.161856951355755,21.09833428753472,3.063785533297098
2024-07-20 07:00:00,7,698.446426122447,22.11428907998223,0.0,3.4922321306122353
2024-07-20 08:00:00,8,913.0538748354572,22.79163868683766,55.583515546963824,2.0277321618206763
2024-07-20 09:00:00,9,973.4586352875161,18.038826756741933,44.697938850766654,2.691713448745973
2024-07-20 10:00:00,10,813.020474956068,16.174656301376807,47.38794350157582,2.138733958138215
2024-07-20 11:00:00,11,998.883201096163,19.24875724839828,0.0,4.994416005480815
2024-07-20 12:00:00,12,962.5203109311748,26.02050193338094,60.24911451694429,1.9130517327470151
2024-07-20 13:00:00,13,930.7436407389803,22.70874157598426,14.534478297776044,3.977324541339213
2024-07-20 14:00:00,14,1073.9940127449888,23.501700452087874,19.81122111559538,4.306113420559117
2024-07-20 15:00:00,15,871.5852012602933,23.92161329536088,15.944456680159929,3.6630783820733046
2024-07-20 16:00:00,16,801.5152494549948,19.931867038359865,48.938743639104146,2.0463187814794437
2024-07-20 17:00:00,17,799.4089354916428,25.8698119296748,26.404032949894088,2.9416636838001593
2024-07-20 18:00:00,18,761.953960890421,19.80749238008815,39.63482065175251,2.2997743752128903
2024-07-20 19:00:00,19,597.4295421279105,25.924612255542357,31.518020457687363,2.045657884098839
2024-07-20 20:00:00,20,593.3096436535401,23.03282164616072,28.09915992614159,2.1329730901305557
2024-07-20 21:00:00,21,425.1614853222172,16.338779715015733,11.064318725076074,1.8906013174494976
2024-07-20 22:00:00,22,84.56213952400662,19.461886717953092,66.24281174615531,0.14272900315298856
2024-07-20 23:00:00,23,88.16883513949134,16.351099579138385,0.7321274298954172,0.4376166345640793
2024-07-21 00:00:00,0,0.0,25.033723271675292,38.24507948069369,0.0
2024-07-21 01:00:00,1,168.87506849440535,21.469670610885466,37.53313184214558,0.5274548319394328
2024-07-21 02:00:00,2,48.83368059259186,14.858849553443328,53.08712572304851,0.11454641590605338
2024-07-21 03:00:00,3,586.6042090625076,22.67111751845164,57.76180064758556,1.23885527616738
2024-07-21 04:00:00,4,542.4820875915367,19.93238408612771,27.252228011664485,1.9732181607932682
2024-07-21 05:00:00,5,620.6715733221358,17.092459308192698,40.60788611849506,1.8431498382880567
2024-07-21 06:00:00,6,801.6321985000793,26.577774384198758,65.2974742090502,1.39093310216524
2024-07-21 07:00:00,7,980.8456645162453,21.865734471582403,28.696464661554955,3.4968881750697354
2024-07-21 08:00:00,8,935.6851353515108,20.66358266635273,8.67133049869647,4.27274392419003
2024-07-21 09:00:00,9,999.7845802290162,20.345602530334617,22.310637746011572,3.8836313214681892
2024-07-21 10:00:00,10,976.381028246219,17.00403846581935,3.9070800277106557,4.691165200486275
2024-07-21 11:00:00,11,980.1228011044543,17.63023017454034,37.43633621989445,3.0660036695757173
2024-07-21 12:00:00,12,961.936364479608,25.398627227917917,51.289124162812705,2.342838140672076
2024-07-21 13:00:00,13,925.3559020366469,20.12222826393551,27.579170158649234,3.3507521162042826
2024-07-21 14:00:00,14,910.9646983131087,21.610079976103258,0.0,4.554823491565544
2024-07-21 15:00:00,15,815.8350553638481,15.410885444689445,50.43301670115355,2.021924128191667
2024-07-21 16:00:00,16,859.9556877296368,17.58960076590615,0.0,4.299778438648184
2024-07-21 17:00:00,17,658.5799341131244,23.373314432916928,0.0,3.292899670565622
2024-07-21 18:00:00,18,722.3801031180445,22.67701215363417,26.433232250105625,2.6571584636614967
2024-07-21 19:00:00,19,605.8549803653334,26.804002469465615,35.03570491350998,1.9679470862036565
2024-07-21 20:00:00,20,511.7548238709349,25.572745868186345,38.444949975167084,1.5750546891912476
2024-07-21 21:00:00,21,340.9129067634905,20.8517439558382,28.677208959070533,1.215743000612415
2024-07-21 22:00:00,22,504.9678747169613,22.96273756743248,65.20087530269714,0.8786220020203773
2024-07-21 23:00:00,23,239.33546423447703,20.594066544583445,31.303366821664035,0.8220770296541308
2024-07-22 00:00:00,0,0.0,27.54729214861827,50.69336203505871,0.0
2024-07-22 01:00:00,1,149.15563921420343,24.829906780859524,45.73909128189396,0.40466602620963255
2024-07-22 02:00:00,2,210.1785536675349,21.891917965275578,4.142525355909406,1.0073592689458681
2024-07-22 03:00:00,3,301.5250542284967,21.98404704733138,26.60539025428957,1.1065156841827344
2024-07-22 04:00:00,4,392.79423431008513,25.717413554481748,72.46641026562038,0.5407517648761831
2024-07-22 05:00:00,5,643.3387642694609,23.121596234043867,19.912982921194853,2.576154130075286
2024-07-22 06:00:00,6,652.5963623809816,26.058746743912582,16.507589512866186,2.7243421685161624
2024-07-22 07:00:00,7,870.7794222132517,14.801918913925704,33.41151162954044,2.8991942714641303
2024-07-22 08:00:00,8,945.5279809468736,22.76654747719872,20.629601414798962,3.752346636060687
2024-07-22 09:00:00,9,1033.7926833282027,19.83655809865817,14.12590840995523,4.438800378662212
2024-07-22 10:00:00,10,897.7348850031401,26.651996655586302,20.334332114048266,3.5759324599146614
2024-07-22 11:00:00,11,1029.474110229171,26.02205875427181,58.64019342737251,2.128942503530315
2024-07-22 12:00:00,12,1050.5963373313841,21.481370120006247,27.26762617044855,3.8206182775371875
2024-07-22 13:00:00,13,953.510607365493,25.98975562913542,3.438499344905761,4.603620756888118
2024-07-22 14:00:00,14,904.1840696976385,26.732206252679845,0.0,4.520920348488192
2024-07-22 15:00:00,15,1052.6411857733647,21.606082708480766,74.13609864108939,1.3612703897584502
2024-07-22 16:00:00,16,884.225073843003,28.7986640099979,25.533312611317953,3.2922656077550605
2024-07-22 17:00:00,17,844.2307603481744,21.288839234693157,38.691570019308365,2.5879231229176054
2024-07-22 18:00:00,18,641.3407002403135,20.7392998416946,14.572455473207814,2.739408061331173
2024-07-22 19:00:00,19,511.2186716869452,23.980480458455354,36.419719385428316,1.6251713300632284
2024-07-22 20:00:00,20,454.444018040631,20.321490499275384,59.18659303203064,0.9273704326225741
2024-07-22 21:00:00,21,372.76172137389017,21.638882020087006,16.954736325124905,1.5478047719697516
2024-07-22 22:00:00,22,173.68144455713315,25.611165964855054,39.17173559897165,0.528237041553692
2024-07-22 23:00:00,23,129.73860752802136,21.440519249354136,1.8850744821922376,0.6364646907197954
2024-07-23 00:00:00,0,0.0,16.13786696903443,70.45732236733585,0.0
2024-07-23 01:00:00,1,40.9223984224618,22.324878511507944,35.37071860489149,0.13223926015040138
2024-07-23 02:00:00,2,312.49194496467084,19.13403961080317,21.744123112954163,1.2227165586674391
2024-07-23 03:00:00,3,430.98667398732135,23.81873381984399,24.042517534276726,1.6368331366176176
2024-07-23 04:00:00,4,468.6498587690506,23.31148949543909,19.799236509713293,1.8793038241446445
2024-07-23 05:00:00,5,527.3402842825643,25.63712139245992,20.821896717530137,2.087690174696595
2024-07-23 06:00:00,6,624.9144970644667,23.945517250338444,0.0,3.124572485322333
2024-07-23 07:00:00,7,763.4918806159302,24.49365319893455,28.04068535806489,2.7470176231902235
2024-07-23 08:00:00,8,917.5868831160618,19.215630067547213,27.202426387885755,3.3399049334575994
2024-07-23 09:00:00,9,998.1391878188325,23.63487983563186,39.773230745209545,3.005734927446438
2024-07-23 10:00:00,10,926.2032874505109,27.128274216041227,19.53712507116947,3.726248963840106
2024-07-23 11:00:00,11,899.1654672950275,19.156970622050054,14.57927371717955,3.840368363238644
2024-07-23 12:00:00,12,1021.4274910293067,26.622135223141647,29.844501110940495,3.582937760608068
2024-07-23 13:00:00,13,925.5620637237423,19.57487007435636,0.0,4.627810318618711
2024-07-23 14:00:00,14,924.4656151801723,18.667006612810432,32.86846375069169,3.1030398478353427
2024-07-23 15:00:00,15,1029.9016197462497,22.111521678024868,0.0,5.149508098731248
2024-07-23 16:00:00,16,932.1946380697002,23.370651596346782,52.41637297661592,2.2178600985553563
2024-07-23 17:00:00,17,805.9912852713514,23.95817071987715,43.685399113215496,2.2694538774141315
2024-07-23 18:00:00,18,605.3532610975299,18.33763308564075,11.476282471519735,2.679406054517105
2024-07-23 19:00:00,19,625.6731544063734,22.526540639723226,43.22276026676074,1.7761997341191347
2024-07-23 20:00:00,20,585.0125832630019,19.16625663350984,32.230284485077625,1.9823068170191742
2024-07-23 21:00:00,21,352.6327391038471,16.756153579748624,9.819795378302803,1.5900246284347246
2024-07-23 22:00:00,22,366.90817230145825,18.436711401362,0.0,1.8345408615072911
2024-07-23 23:00:00,23,233.94581538150857,18.9702192500929,36.32871366852905,0.7447815498602736
2024-07-24 00:00:00,0,133.09862657147787,22.628882714492853,14.114363057299304,0.5715630159645022
2024-07-24 01:00:00,1,154.9456423425598,24.520738222641338,51.89939139392159,0.372648984876844
2024-07-24 02:00:00,2,305.8103810870018,16.644477343809534,30.280674677637027,1.066044672298024
2024-07-24 03:00:00,3,495.818415431577,22.1199804560595,16.008346070053662,2.082230438051169
2024-07-24 04:00:00,4,535.791514965518,17.534002676122615,65.95677466180943,0.9120035639130816
2024-07-24 05:00:00,5,568.6627003855036,22.951353460477335,41.5289298520601,1.6625158322378855
2024-07-24 06:00:00,6,671.2233542643187,19.19590549042409,0.0,3.3561167713215934
2024-07-24 07:00:00,7,812.4377365931344,17.910110179365496,20.272164624182672,3.238695105809953
2024-07-24 08:00:00,8,762.780490028741,23.46309077947806,2.318220159751533,3.7254877946712157
2024-07-24 09:00:00,9,912.4188192821512,19.30332941710005,14.004041245593829,3.923216557486593
2024-07-24 10:00:00,10,1053.6495957474885,20.116205379377238,27.10535202162928,3.8402708187282895
2024-07-24 11:00:00,11,816.1445532805877,14.404129970766204,37.08097017175093,2.567551174601216
2024-07-24 12:00:00,12,1122.7585681435612,23.903751317705755,35.227314842271475,3.6362043621252496
2024-07-24 13:00:00,13,1081.234798870063,23.526822796942653,51.55746153129604,2.6188879168982204
2024-07-24 14:00:00,14,929.1446570226303,21.080470766279277,42.73196755017334,2.660514318447752
2024-07-24 15:00:00,15,967.3507987410316,16.481354409368056,41.4949385825101,2.8297458946300984
2024-07-24 16:00:00,16,866.2772219369448,24.692204768439623,34.02984646266549,2.8574220668537924
2024-07-24 17:00:00,17,891.75256976633,19.06530707435296,55.73597705451803,1.9736278104914675
2024-07-24 18:00:00,18,785.721432608143,19.70403688313357,23.67446913618165,2.998530272744819
2024-07-24 19:00:00,19,496.75577115408,28.000229402513927,24.193934625296187,1.8828550231683796
2024-07-24 20:00:00,20,546.980993077134,18.953187901107643,0.0,2.73490496538567
2024-07-24 21:00:00,21,366.2332040736301,23.290727120714834,51.12328087620071,0.8950138724657942
2024-07-24 22:00:00,22,265.44565074396905,22.750374019683186,28.461484884416908,0.949479384905661
2024-07-24 23:00:00,23,72.27244014246675,22.23461381207559,88.67211412342544,0.04093469769777144
2024-07-25 00:00:00,0,139.85096552966684,21.752442039507322,21.88934616475084,0.5461925178506584
2024-07-25 01:00:00,1,213.73113781225766,22.035606097511387,31.771562588334707,0.7291270779573815
2024-07-25 02:00:00,2,199.63735198468345,21.72226218466541,40.930099072168275,0.5896279301614962
2024-07-25 03:00:00,3,275.9145838122712,20.750685335515605,7.962000540225741,1.2697313157928827
2024-07-25 04:00:00,4,469.14618952177204,25.440289784176016,37.170954277584556,1.47380036959802
2024-07-25 05:00:00,5,643.5216406960251,16.968458729445956,30.693228641143705,2.230020360809774
2024-07-25 06:00:00,6,726.3232487022453,23.97081472388992,23.926236206463248,2.762707162976443
2024-07-25 07:00:00,7,893.6039662726948,23.373467307906445,53.45207917486013,2.0797703335546176
2024-07-25 08:00:00,8,929.2189815589066,23.001637775831995,11.925025641786885,4.092046898698281
2024-07-25 09:00:00,9,1001.4450545715191,24.257378694764174,35.49804226164443,3.2297583293628653
2024-07-25 10:00:00,10,992.0742583379033,20.62864222603861,59.09328582770092,2.0291249061762104
2024-07-25 11:00:00,11,880.300962956931,15.299518184363158,15.867564880874031,3.7030931825639053
2024-07-25 12:00:00,12,984.3441175082479,20.68956243270033,24.06228034615402,3.7374423819126874
2024-07-25 13:00:00,13,1076.2520405665034,17.932857758970126,76.90609126943656,1.2427433197962745
2024-07-25 14:00:00,14,961.8039920070968,18.710862782269597,39.48782130312114,2.9100427517852445
2024-07-25 15:00:00,15,964.1267620011865,17.179181390346553,19.87605046714765,3.8624822010927713
2024-07-25 16:00:00,16,840.5255385647481,19.474405836512286,46.052495201569556,2.267212776246254
2024-07-25 17:00:00,17,710.9683924078877,19.11656932989344,18.638128968179483,2.8922859325395662
2024-07-25 18:00:00,18,697.2392560628589,13.773730922062482,0.0,3.486196280314294
2024-07-25 19:00:00,19,633.485224451333,23.007106145690656,57.447278905303406,1.347826003684442
2024-07-25 20:00:00,20,447.5449824430844,27.567405985858436,7.938814717379714,2.060076077549992
2024-07-25 21:00:00,21,363.8265327765564,22.725151992332655,79.03425249994582,0.3813947610006733
2024-07-25 22:00:00,22,183.66198574364245,20.297668542241105,20.213352490755888,0.7326887058687909
2024-07-25 23:00:00,23,220.06578562517967,20.742201224815144,72.6652936312371,0.30077168159377043
2024-07-26 00:00:00,0,0.0,19.487038996264932,2.6265786295988427,0.0
2024-07-26 01:00:00,1,246.7466358301462,21.020121351905335,50.509871725325056,0.610576132928922
2024-07-26 02:00:00,2,381.1188731457935,20.638972318084758,39.994525459693,1.1434609419690203
2024-07-26 03:00:00,3,376.1997551873503,18.226851309109577,46.75492451110304,1.0015392181927514
2024-07-26 04:00:00,4,419.3241013962119,25.798661767147955,49.36045413352521,1.06171910327859
2024-07-26 05:00:00,5,441.8895987900536,16.28853389317515,20.045097154376563,1.7665619969875126
2024-07-26 06:00:00,6,589.3438153444042,22.904991229887198,3.8231231599400317,2.83406237724149
2024-07-26 07:00:00,7,683.4465542993426,20.446403718351863,28.981645393215643,2.4268624874007805
2024-07-26 08:00:00,8,976.3029739813588,26.452492045501693,34.46060515170268,3.199315305166561
2024-07-26 09:00:00,9,933.1454994894423,21.772590398049125,20.563107576889905,3.7063089329026075
2024-07-26 10:00:00,10,997.0941882164274,19.670279988754714,35.551079403197235,3.213082208194702
2024-07-26 11:00:00,11,813.8111806590001,20.006875005000968,36.5925106234948,2.5800861896058356
2024-07-26 12:00:00,12,904.1626856626191,20.869716683863743,11.799471069122681,3.9873813557502786
2024-07-26 13:00:00,13,1062.4112434895133,17.321624515315257,37.899425633809315,3.298817421689882
2024-07-26 14:00:00,14,988.8677552796754,18.449388024950725,24.655759526107083,3.725274497533528
2024-07-26 15:00:00,15,912.1031102164391,15.395164692728887,16.000381995932578,3.8308156419251347
2024-07-26 16:00:00,16,911.2127924724485,17.981065905182177,45.74750276447986,2.471778475229105
2024-07-26 17:00:00,17,924.2171647821006,21.03171604528581,14.460175766129113,3.952868691469369
2024-07-26 18:00:00,18,689.4233841035837,21.650521748158024,20.866648201905473,2.7278191596050867
2024-07-26 19:00:00,19,614.3110132213662,14.812007515315255,31.441017003733116,2.1058269154931564
2024-07-26 20:00:00,20,515.4077534985043,20.33836149117186,57.48623241308478,1.095596272236475
2024-07-26 21:00:00,21,574.0522031870094,22.440226452770858,33.85568155448596,1.8985145865975237
2024-07-26 22:00:00,22,90.870543948999,20.261260020175754,40.565766649493355,0.2700410556876138
2024-07-26 23:00:00,23,185.18403340315663,18.848630662971058,24.047149280070077,0.7032627622392237
2024-07-27 00:00:00,0,0.0,19.358328721350407,28.43020751247318,0.0
2024-07-27 01:00:00,1,175.86793031478595,18.972522091563384,29.022455329608118,0.6241336940003543
2024-07-27 02:00:00,2,206.22924078294287,18.684620479170878,35.866124720340494,0.6613140203696063
2024-07-27 03:00:00,3,378.7662298964138,21.116282732229593,24.080648539034797,1.4377843264525292
2024-07-27 04:00:00,4,556.9128463572395,27.5178768397014,56.79999770952419,1.2029318119114072
2024-07-27 05:00:00,5,857.7942450922278,18.3637124057795,22.53667522995716,3.3223797096726484
2024-07-27 06:00:00,6,771.7496763387132,19.640384258510768,0.0,3.8587483816935664
2024-07-27 07:00:00,7,725.5080924487946,20.439718338369353,84.85593208740039,0.5493571911592573
2024-07-27 08:00:00,8,832.1246292226222,18.532748853420166,23.452626181124963,3.184847752849843
2024-07-27 09:00:00,9,887.6064038405783,23.889519567065328,56.26339574182695,1.9410445010897752
2024-07-27 10:00:00,10,822.2743724786671,13.482156036575734,58.09581683919517,1.722836795639096
2024-07-27 11:00:00,11,965.0376460376953,19.001634645359022,48.90428624500764,2.4654643662366853
2024-07-27 12:00:00,12,1058.6263265457396,23.049753365454933,26.039455608051952,3.9148289709485535
2024-07-27 13:00:00,13,889.5062918476666,19.71252923132915,35.73369639748686,2.85826407041139
2024-07-27 14:00:00,14,1049.8044383731158,18.132295279944174,4.509795813901455,5.012302008786066
2024-07-27 15:00:00,15,962.9015181980338,21.91708241981134,69.80295547636553,1.453839000845063
2024-07-27 16:00:00,16,807.2867380267556,23.313841862686505,12.963880036346605,3.513155268798157
2024-07-27 17:00:00,17,782.0309693042076,21.226718492140225,24.921980745182488,2.9356668085642452
2024-07-27 18:00:00,18,834.9725257978303,18.1911510770564,31.97972974080502,2.8397528431885535
2024-07-27 19:00:00,19,667.44525408919,21.96342211395028,27.851204903260797,2.4077685437786003
2024-07-27 20:00:00,20,500.7026923918517,19.38866425567068,16.862534354132116,2.081357644376056
2024-07-27 21:00:00,21,363.66876700821115,22.830372802176534,57.88678104109377,0.7657631206766126
2024-07-27 22:00:00,22,264.9477707386538,25.04458881106482,49.005585669765594,0.6755428198459433
2024-07-27 23:00:00,23,89.58510758466772,12.778081889429451,36.440944086513866,0.2846972430994784
2024-07-28 00:00:00,0,0.0,20.774135484502306,22.008938880065,0.0
2024-07-28 01:00:00,1,293.90042506283004,15.233731254072527,51.285517436889414,0.7158603566007011
2024-07-28 02:00:00,2,271.24504503847294,27.766298820904723,20.71062734444869,1.075342472851364
2024-07-28 03:00:00,3,414.5352135748928,19.03655946352684,61.407836806756315,0.7998905305814196
2024-07-28 04:00:00,4,495.3673800098472,22.680052790391528,32.22441830966855,1.6786906165291429
2024-07-28 05:00:00,5,549.9520849507536,20.334982486130723,54.595630539454305,1.2485113825350715
2024-07-28 06:00:00,6,692.2328227106459,18.03167932275823,27.723593476328336,2.501605045163169
2024-07-28 07:00:00,7,665.4017593156905,17.67477392338313,31.430663640818892,2.2813078524254227
2024-07-28 08:00:00,8,1048.1923236287028,25.197970584217686,54.50842122917333,2.3841961828665483
2024-07-28 09:00:00,9,825.1185726374949,23.30874724545034,73.87850303608889,1.07766661450085
2024-07-28 10:00:00,10,883.368523581294,26.271685327048097,61.20733635009763,1.7134109007099994
2024-07-28 11:00:00,11,956.2241250228982,20.607293070388508,47.542692387557,2.5080471536382665
2024-07-28 12:00:00,12,1103.0460579881901,21.304691928653412,41.78566865915193,3.210654435197041
2024-07-28 13:00:00,13,992.6055813148225,19.639358367949544,19.86102619480748,3.9773196339938233
2024-07-28 14:00:00,14,867.0349626066316,19.579686455570382,35.904594822108656,2.7786478615834955
2024-07-28 15:00:00,15,1024.226601371874,17.315272267483305,11.739016320065364,4.519962367411894
2024-07-28 16:00:00,16,924.5054539272772,20.692963637688464,37.51564267369548,2.888356456665467
2024-07-28 17:00:00,17,836.4281368685515,18.073193280256817,38.80101321387147,2.5594277247882298
2024-07-28 18:00:00,18,764.3655204802149,21.766659831408017,0.0,3.8218276024010747
2024-07-28 19:00:00,19,800.3103810553168,20.950963721856038,30.774772183834138,2.7700834226098414
2024-07-28 20:00:00,20,674.8075916028888,21.303979195942574,38.2974979817821,2.0818658391393003
2024-07-28 21:00:00,21,327.7462049248263,25.466322883986088,28.325802857219553,1.174547305229006
2024-07-28 22:00:00,22,388.7298445274132,20.327779215618637,37.16097677713142,1.2213701863840107
2024-07-28 23:00:00,23,161.17964740076403,22.711114073475695,3.1655551328737204,0.7803870839966068
2024-07-29 00:00:00,0,39.92766529101995,26.442933315518104,14.482713888794825,0.17072527882222943
2024-07-29 01:00:00,1,0.0,24.208256131146502,50.69876326327865,0.0
2024-07-29 02:00:00,2,245.18818387146513,23.747914018625895,30.011433312915536,0.8580184778886583
2024-07-29 03:00:00,3,317.6575451381646,19.36834027669986,36.79757962629817,1.0038362851350222
2024-07-29 04:00:00,4,566.2447051914646,20.97733408996475,19.069576785828424,2.2913211816964525
2024-07-29 05:00:00,5,694.447869040945,16.333576047171533,30.38988046553713,2.4170299587196604
2024-07-29 06:00:00,6,541.1478731052426,21.785148126154603,0.0,2.705739365526213
2024-07-29 07:00:00,7,791.5905511708937,21.111785456102886,46.92023876841533,2.100871872466477
2024-07-29 08:00:00,8,955.7743241679786,20.358560298729905,66.15865677904941,1.6172343472970332
2024-07-29 09:00:00,9,908.945215526211,23.36998928798994,8.699649015707184,4.149350860151837
2024-07-29 10:00:00,10,1024.2509178892576,16.66508045598817,11.193356249808637,4.54801431878989
2024-07-29 11:00:00,11,1019.5380987839769,25.1929934767424,38.817597964749645,3.1188894925028037
2024-07-29 12:00:00,12,1027.3328185562102,22.99369898708221,59.47758581013492,2.0815002992188134
2024-07-29 13:00:00,13,969.7396631283465,20.07650298430544,29.958053652341103,3.396122672801623
2024-07-29 14:00:00,14,868.5993619582117,19.84221615980918,5.413639583749919,4.107882615375214
2024-07-29 15:00:00,15,834.1571207172847,21.730238569007142,25.827655267242537,3.093569475956341
2024-07-29 16:00:00,16,922.7736049408641,24.850958619452697,9.401358393764149,4.1801017558865805
2024-07-29 17:00:00,17,794.910000732746,20.593228079331393,16.623074142624468,3.3138576097190247
2024-07-29 18:00:00,18,696.0258016179697,20.720497629199038,23.919178016933667,2.64771075542589
2024-07-29 19:00:00,19,574.8502256229325,20.342760356138974,11.413508235167455,2.546198238907902
2024-07-29 20:00:00,20,475.58489236153974,25.634477261365777,14.441885516508698,2.034507333364375
2024-07-29 21:00:00,21,466.4363759241411,19.18175561445029,31.49068000444487,1.5977619467877013
2024-07-29 22:00:00,22,231.9995185530789,20.19988212740415,34.3007162427446,0.7621101100482685
2024-07-29 23:00:00,23,23.241015155926505,24.678711886044344,1.520393323580656,0.11443830156581714
2024-07-30 00:00:00,0,59.49214204321386,20.57830542975169,37.927634450186744,0.18464089941238923
2024-07-30 01:00:00,1,114.13605911087419,23.548449509049664,22.361322737372042,0.4430686328668695
2024-07-30 02:00:00,2,261.33071434514295,17.40343275820422,44.40523047105218,0.7264310417426759
2024-07-30 03:00:00,3,511.28969687705063,19.521395364027555,45.6099504137572,1.390453598303892
2024-07-30 04:00:00,4,498.3551554119593,24.590575044233784,19.109176380899026,2.015617948804923
2024-07-30 05:00:00,5,631.8961228582186,18.108253781622462,42.28295388075466,1.8235588832790062
2024-07-30 06:00:00,6,612.7929018826815,19.683375809603977,13.2608792060234,2.6576558769046676
2024-07-30 07:00:00,7,775.7797841031585,20.907328621587535,56.4752412567058,1.6882813970507418
2024-07-30 08:00:00,8,914.7874874011266,17.16980937493414,14.017275982870705,3.93279600317671
2024-07-30 09:00:00,9,799.4496338039872,18.895842573047407,37.05499217251026,2.5160681728737893
2024-07-30 10:00:00,10,981.9934337383252,20.47518297439002,26.2478171071144,3.621207966234085
2024-07-30 11:00:00,11,999.5081471853947,20.27731813139898,9.66210971524798,4.514672866957498
2024-07-30 12:00:00,12,1003.3029964469952,23.978328991424505,48.01831523570618,2.6076690042189554
2024-07-30 13:00:00,13,1074.4175732664696,24.76164451340986,17.717363822664183,4.420295514181048
2024-07-30 14:00:00,14,992.6809074769502,17.569018312910366,0.0,4.9634045373847515
2024-07-30 15:00:00,15,1042.1252843798025,20.471078486415568,0.0,5.210626421899011
2024-07-30 16:00:00,16,786.5382425369158,22.160017854187394,12.499106111440586,3.4411399649758345
2024-07-30 17:00:00,17,804.2273056687031,24.68631532631069,57.518168385979465,1.7082524489407636
2024-07-30 18:00:00,18,713.8641240977435,22.292743820864487,55.154769350073195,1.600670064893564
2024-07-30 19:00:00,19,523.2210695083143,21.010013133690094,15.628031953049359,2.2072595679023417
2024-07-30 20:00:00,20,576.5036001673076,22.13690052486099,22.510901705972415,2.2336372070112636
2024-07-30 21:00:00,21,568.6572968333153,22.15857943192188,20.701738488879542,2.2546767517247543
2024-07-30 22:00:00,22,257.45855914381457,17.354130052059993,3.331357091008627,1.2444084758868423
2024-07-30 23:00:00,23,170.92787928195335,20.715669306431906,11.023362567533141,0.7604293970985414
2024-07-31 00:00:00,0,6.7614780652261794,24.36506484810832,49.622990388015694,0.01703115227415601
2024-07-31 01:00:00,1,73.4394186274775,19.36551155946023,40.07775742758801,0.2200327328686309
2024-07-31 02:00:00,2,113.15822287835951,20.375921793184578,35.46177717059778,0.36515153015513635
2024-07-31 03:00:00,3,326.2215537174606,19.26003251696418,3.2970677667828276,1.5773290401077205
2024-07-31 04:00:00,4,388.6433295238614,13.046003378721622,32.014064280679555,1.3211140209375958
2024-07-31 05:00:00,5,745.08959525345,20.049352397246285,0.0,3.7254479762672505
2024-07-31 06:00:00,6,697.8980056726884,20.892957657500865,46.85605382521066,1.8544527024481092
2024-07-31 07:00:00,7,765.6797939674617,18.45010169289954,35.17149801474283,2.481893702164544
2024-07-31 08:00:00,8,937.157709767463,16.523671018888063,3.0953509580033938,4.540746948100866
2024-07-31 09:00:00,9,834.1394442828156,17.345762486197298,62.3285111498008,1.5711637387405721
2024-07-31 10:00:00,10,904.5767032487042,22.28014471394894,0.0,4.522883516243521
2024-07-31 11:00:00,11,996.8906429136999,25.905156184682962,40.606123644992046,2.960459979234033
2024-07-31 12:00:00,12,1082.3015193138785,24.134881888258544,41.10343537957324,3.1871920685527955
2024-07-31 13:00:00,13,1031.5796649873132,15.954543851050591,5.206591212950386,4.889347643977504
2024-07-31 14:00:00,14,985.7918376903391,22.551463797194355,29.24298618379766,3.4875843339677406
2024-07-31 15:00:00,15,930.1289513301681,17.998094738114375,0.0,4.65064475665084
2024-07-31 16:00:00,16,898.0442722265807,18.240780678015916,0.0,4.490221361132903
2024-07-31 17:00:00,17,809.4855727015757,18.601655071628393,8.642475461366828,3.6976299035876865
2024-07-31 18:00:00,18,624.7089992043927,22.10578271510854,17.667501154760064,2.5716926477803326
2024-07-31 19:00:00,19,612.4477667393728,22.865341994889363,42.885123616215836,1.748993924442198
2024-07-31 20:00:00,20,414.10490728657965,19.693488651702882,31.348161701216394,1.4214531566885522
2024-07-31 21:00:00,21,389.17003579715583,19.744369642518173,31.870909187722923,1.3256900355120773
2024-07-31 22:00:00,22,220.36720978346173,21.380373095249624,9.7115675343283,0.9948304969091296
2024-07-31 23:00:00,23,333.6767220426809,21.69156548411497,19.39977391917227,1.3447209617274796
2024-08-01 00:00:00,0,0.0,23.36805321011706,11.401467802616779,0.0
2024-08-01 01:00:00,1,18.187026919124463,15.986260163313876,5.500519859403834,0.08593322945801452
2024-08-01 02:00:00,2,248.08462824836684,19.899458109253562,18.12601146025486,1.015583900504686
2024-08-01 03:00:00,3,424.23213201612083,16.63530296216794,31.490247701926677,1.453201914065399
2024-08-01 04:00:00,4,633.8691156922018,19.686549252651265,18.547229611515935,2.581519776841418
2024-08-01 05:00:00,5,561.6052370136231,19.16085022679919,23.52994661150054,2.1472991228846325
2024-08-01 06:00:00,6,580.5125432646564,19.699127728133366,43.898296218227806,1.6283871371918486
2024-08-01 07:00:00,7,858.7003012057138,17.440147425509878,19.984911626185927,3.435449024379798
2024-08-01 08:00:00,8,755.5775073124664,15.377506710219187,3.3206673802421705,3.6524364574734722
2024-08-01 09:00:00,9,888.9870971906878,13.556063509696763,41.26907043202478,2.6105519295972512
2024-08-01 10:00:00,10,945.3161874481889,19.44583562704695,35.316992970165686,3.0572946799063687
2024-08-01 11:00:00,11,985.8741851098016,18.546372772342654,36.57318996344629,3.126542732945079
2024-08-01 12:00:00,12,1055.1331565659468,17.811563095429992,42.516773150714194,3.0326229297541656
2024-08-01 13:00:00,13,936.7541187908992,23.807021478336456,39.13283054615891,2.850878584251463
2024-08-01 14:00:00,14,944.0274861157276,17.26106152945554,30.57457384942608,3.2769755260719697
2024-08-01 15:00:00,15,922.7379042753357,24.089878336257883,77.82905325704186,1.0228986466698637
2024-08-01 16:00:00,16,877.9932403859417,24.710907322649245,4.300625073960912,4.20117021471111
2024-08-01 17:00:00,17,801.1795142678692,13.986674689473329,18.271654430228836,3.273953810275291
2024-08-01 18:00:00,18,741.9872432043541,20.11652046683838,49.346687293563335,1.879205592710851
2024-08-01 19:00:00,19,676.2685897800598,18.6402866173335,32.85172584191149,2.2705134335527672
2024-08-01 20:00:00,20,531.4107292520773,11.103964255689675,45.15846068022477,1.4571691201614114
2024-08-01 21:00:00,21,418.9702742458274,15.50545233063623,33.39512859073743,1.3952730620223404
2024-08-01 22:00:00,22,132.24119176280283,22.164184411166897,57.48113102319962,0.2811372952949273
2024-08-01 23:00:00,23,134.54440815330642,25.896973847975268,9.849782887335085,0.6064603803157789
2024-08-02 00:00:00,0,38.36060384012869,22.400733946478418,56.84919778813419,0.08276454145165665
2024-08-02 01:00:00,1,188.8414877856876,20.663596935919603,53.41992986408533,0.43981248728139005
2024-08-02 02:00:00,2,203.43098316381727,19.628702373487407,5.794217715392399,0.9582187454937122
2024-08-02 03:00:00,3,329.9602903739982,24.740688262325012,42.613308197753454,0.9467664745336207
2024-08-02 04:00:00,4,454.071945977312,26.137417124253595,29.13920135526821,1.608795036705992
2024-08-02 05:00:00,5,651.6745410000281,17.93217147980811,17.868359617618722,2.6761549523883845
2024-08-02 06:00:00,6,789.8172655804842,13.692739837449798,0.0,3.949086327902421
2024-08-02 07:00:00,7,760.7565317079072,13.398137128567067,9.783726577653663,3.431630963619823
2024-08-02 08:00:00,8,938.6623888746024,23.658342494860076,44.16224280369178,2.6206401279643345
2024-08-02 09:00:00,9,933.7579172444541,19.55152389605751,46.27682538521114,2.508221981803269
2024-08-02 10:00:00,10,955.9829641160735,20.242425249756828,25.785790388476567,3.547376004197788
2024-08-02 11:00:00,11,974.5341229883727,14.320746539510532,46.339702862865686,2.614689530491634
2024-08-02 12:00:00,12,1059.7289091681725,17.43313278001527,48.90520155788275,2.707331750861628
2024-08-02 13:00:00,13,1017.4910867167758,18.806257076678325,33.092799172526945,3.4038740239561562
2024-08-02 14:00:00,14,1147.9918605008795,20.31621466847288,15.553327522995914,4.847204632499216
2024-08-02 15:00:00,15,855.7015610715009,18.496923401639393,38.82108225631289,2.6175447708969
2024-08-02 16:00:00,16,907.4735399468368,16.580720923476644,39.73969415317727,2.734231653254765
2024-08-02 17:00:00,17,751.0172595063143,17.3389985405731,43.478887807006195,2.1224165391715566
2024-08-02 18:00:00,18,637.5638222274562,23.31766937622237,47.30806540004479,1.6797235612053294
2024-08-02 19:00:00,19,607.8920580459229,20.42705337719117,2.756708561575568,2.955671228183165
2024-08-02 20:00:00,20,510.9881983525628,21.529169939247325,19.801415092685158,2.0490265206106923
2024-08-02 21:00:00,21,616.1373167698973,16.99607808574868,0.0,3.080686583849487
2024-08-02 22:00:00,22,244.08737984786487,10.831229062178798,44.93992076710694,0.6719735237086352
2024-08-02 23:00:00,23,40.11189386127732,18.123386597727183,25.753771040391676,0.1489078427813952
2024-08-03 00:00:00,0,21.840857399550856,16.947883951317003,38.6162814139483,0.06703365221460572
2024-08-03 01:00:00,1,0.0,20.59463242047773,0.4864250361968345,0.0
2024-08-03 02:00:00,2,251.46250249417955,29.40476675563902,58.01961699386101,0.5278246083193919
2024-08-03 03:00:00,3,383.96545494870264,21.63309366744826,6.113216707614502,1.8024640730265526
2024-08-03 04:00:00,4,563.5680306356168,27.75547609274396,45.49126608764918,1.5359689911712207
2024-08-03 05:00:00,5,686.6512089629483,21.25390470061184,32.35900341785083,2.322288603929569
2024-08-03 06:00:00,6,666.8212116739302,17.65793690187535,26.21114444947642,2.460198703311637
2024-08-03 07:00:00,7,781.3042191208407,20.591343848956143,24.596797867756518,2.9456419980571704
2024-08-03 08:00:00,8,804.7357373355848,24.889511413026618,17.238739813677398,3.330047186943125
2024-08-03 09:00:00,9,833.6345281266711,25.036283403557213,55.90392353801537,1.8380005946812084
2024-08-03 10:00:00,10,990.7174086395191,17.821583510464258,30.252256687044852,3.4550151756732634
2024-08-03 11:00:00,11,889.5580174860822,20.30714670169139,4.615569392935598,4.242499249492949
2024-08-03 12:00:00,12,966.8298479542509,15.259794975580057,22.320795959303197,3.755128651593706
2024-08-03 13:00:00,13,911.8309445818712,22.021601488667784,32.566780544058766,3.074384809635375
2024-08-03 14:00:00,14,1009.9004811922892,24.207659711761178,47.95610562890651,2.6279576984243995
2024-08-03 15:00:00,15,1067.9939404526058,19.66699397694154,17.907605589655855,4.383708989374646
2024-08-03 16:00:00,16,761.8983651601723,17.54544345151311,19.244468883909043,3.0763753567495558
2024-08-03 17:00:00,17,645.1118616594298,20.62798846842618,30.468642542948107,2.2427751726413017
2024-08-03 18:00:00,18,697.1158303585423,20.799972708682994,47.46849639894651,1.8310271376415577
2024-08-03 19:00:00,19,610.0172526853414,19.791027110142355,2.624909288079408,2.9700242658035854
2024-08-03 20:00:00,20,517.4927445405837,20.083740987601352,40.107092619834916,1.5497072509338305
2024-08-03 21:00:00,21,346.9777911463423,19.02615106318538,20.71874939742688,1.375441660670022
2024-08-03 22:00:00,22,242.7679011964865,22.53546039927271,23.511348365030265,0.9284494711385405
2024-08-03 23:00:00,23,159.92702506330016,21.756277950088876,70.03151490259498,0.2396385333640915
2024-08-04 00:00:00,0,83.23447141158711,16.45479793446579,26.070615508969492,0.3076736619947455
2024-08-04 01:00:00,1,0.0,16.372335566422453,45.0938750061716,0.0
2024-08-04 02:00:00,2,229.30388998000385,18.64098412481855,44.37827674406697,0.6377138754988343
2024-08-04 03:00:00,3,399.78813588037485,21.614618748213775,6.399521718029867,1.8710180364930178
2024-08-04 04:00:00,4,426.561911631141,19.848279617570682,0.0,2.1328095581557047
2024-08-04 05:00:00,5,747.2549995501046,17.474656145530272,46.419641848338216,2.0019095253257233
2024-08-04 06:00:00,6,656.2739907682486,20.188663166075727,8.329076151029625,3.0080621515888004
2024-08-04 07:00:00,7,790.0499253306527,18.41167581733142,0.0,3.950249626653264
2024-08-04 08:00:00,8,910.5071715318218,22.045566756570633,50.52324429688396,2.2524470445907556
2024-08-04 09:00:00,9,876.576749407135,20.40328268109938,9.611465324488144,3.961624395476715
2024-08-04 10:00:00,10,818.199982464715,18.458272813541807,14.549650486312121,3.4957737236851596
2024-08-04 11:00:00,11,957.1524992204876,20.098663692037622,69.4874631017859,1.4602575474841484
2024-08-04 12:00:00,12,1082.3552444741633,23.349251554470843,0.0,5.411776222370817
2024-08-04 13:00:00,13,964.4932512309991,17.695217146259107,4.874279171861492,4.587405787861185
2024-08-04 14:00:00,14,898.2110821723502,20.61207832083972,20.80603715052159,3.5566447536273453
2024-08-04 15:00:00,15,997.9333092715045,19.19272635450025,25.19486320331156,3.7325268857013443
2024-08-04 16:00:00,16,839.5634121025945,20.685058427484538,12.125094357646937,3.688827780964374
2024-08-04 17:00:00,17,752.5404751992179,17.44041255111105,6.826898053541672,3.505826520728646
2024-08-04 18:00:00,18,719.0632683596124,19.735113675376365,60.19988648863862,1.4309399851281543
2024-08-04 19:00:00,19,670.4214457782236,22.727577223148643,35.25972248209431,2.1701635226818876
2024-08-04 20:00:00,20,690.5370825386035,16.593086432159915,41.70337488418376,2.012799071466121
2024-08-04 21:00:00,21,448.8623209776838,15.415892065922993,27.255496468829282,1.6326133346685303
2024-08-04 22:00:00,22,351.6062424135886,15.529740682437346,35.78909897718273,1.1288476815311816
2024-08-04 23:00:00,23,90.04889630102358,15.892119785297671,48.65803322219181,0.23116437211327234
2024-08-05 00:00:00,0,0.0,21.048247184634747,10.074019709093307,0.0
2024-08-05 01:00:00,1,135.5127001895814,15.04469826336036,35.296719930359636,0.4384058096679847
2024-08-05 02:00:00,2,267.3926383232885,18.368591286726165,43.920846268157824,0.7497576435647286
2024-08-05 03:00:00,3,296.402413055922,21.11714523088888,60.89594692768521,0.5795267845450472
2024-08-05 04:00:00,4,485.97643760767886,20.512254502602538,68.95781959603522,0.754288412414685
2024-08-05 05:00:00,5,640.706837146251,18.1056003810693,31.39719593963523,2.1977142804440146
2024-08-05 06:00:00,6,735.938252787994,19.835048516222074,52.77277899374268,1.7378159255688728
2024-08-05 07:00:00,7,833.6963685619771,19.58371331016946,0.0,4.168481842809886
2024-08-05 08:00:00,8,889.302582195434,18.589554454312196,61.045658187534286,1.732109838077466
2024-08-05 09:00:00,9,883.3188397696821,18.629773164993015,15.482326765583927,3.7328026530728757
2024-08-05 10:00:00,10,924.8137761571609,25.968559625227638,25.178051020242183,3.4598184587704135
2024-08-05 11:00:00,11,895.5287495343001,21.690210032750656,38.82208968734042,2.7393288760708803
2024-08-05 12:00:00,12,1142.7820031348076,26.704230073493186,26.931152653689725,4.175088186858397
2024-08-05 13:00:00,13,992.5208905433536,17.771387922195252,33.92906759136269,3.2788390336625217
2024-08-05 14:00:00,14,947.9375818254804,19.007377530292313,61.75385936452287,1.8127477034075716
2024-08-05 15:00:00,15,849.5761659950902,15.265900025126813,22.31559909308057,3.299940774006305
2024-08-05 16:00:00,16,1100.878035970661,16.833576914688038,8.261523669988932,5.049643682256177
2024-08-05 17:00:00,17,707.4870977134037,24.96801676694426,66.26927714597102,1.193202560788607
2024-08-05 18:00:00,18,672.7989471380617,17.696174451431485,40.53528434009355,2.000389904392464
2024-08-05 19:00:00,19,642.0283759116055,25.020121221390134,68.44477950626927,1.0129673482561277
2024-08-05 20:00:00,20,548.0170372595421,15.532190538917085,47.272598211578085,1.4447757255242228
2024-08-05 21:00:00,21,459.3179967823446,16.101870218736924,3.528112159731265,2.215563713430163
2024-08-05 22:00:00,22,403.4277257240621,18.238583657886494,42.90769343513763,1.1516309696901683
2024-08-05 23:00:00,23,171.01880465690897,19.071027555919223,10.32103868234891,0.7668394383708934
2024-08-06 00:00:00,0,0.0,21.891409354425654,30.14863604879334,0.0
2024-08-06 01:00:00,1,109.97058221030905,20.474458728634065,28.485711927844843,0.39322339478253315
2024-08-06 02:00:00,2,283.4456349036316,17.873201705043183,0.0,1.417228174518158
2024-08-06 03:00:00,3,548.1415156855558,18.722200057520947,13.743790208764267,2.364030478612962
2024-08-06 04:00:00,4,388.1755617260561,18.164958717721166,74.103746003182,0.5026146470907727
2024-08-06 05:00:00,5,704.9675494267387,16.378186271098077,34.76754809682329,2.299338088064004
2024-08-06 06:00:00,6,721.4999307502609,16.4582586672704,26.488077306740955,2.6519423566252467
2024-08-06 07:00:00,7,860.3797831095937,22.205799151375494,66.25780439881851,1.4515551466493009
2024-08-06 08:00:00,8,857.865826453564,13.637652693293846,22.075293798616627,3.3424471243300453
2024-08-06 09:00:00,9,856.4849221011805,23.97422356941043,28.1715927606176,3.075997388953715
2024-08-06 10:00:00,10,1025.995648641175,18.09316480026857,49.816057122456996,2.5744253512008197
2024-08-06 11:00:00,11,1043.79934354226,16.804621657898785,21.985284027673003,4.071585465927539
2024-08-06 12:00:00,12,1077.7645572591778,21.341425349167075,15.069585212949976,4.5767495445401645
2024-08-06 13:00:00,13,990.3804905435194,23.57779722951662,0.0,4.951902452717597
2024-08-06 14:00:00,14,917.9400644234805,22.475044801887137,11.270033732344771,4.072439547601235
2024-08-06 15:00:00,15,799.1765729093795,20.62770362515494,11.079445080207737,3.5531612170999924
2024-08-06 16:00:00,16,931.5752652355912,22.382737946240773,33.171333909372194,3.1127966169358676
2024-08-06 17:00:00,17,827.2644988867542,13.972654745643668,17.79083468544448,3.400436197392205
2024-08-06 18:00:00,18,629.844170557431,17.55665585261082,73.16038021714391,0.8452389030104905
2024-08-06 19:00:00,19,565.6755351449908,16.388637297000734,8.84742139530388,2.5781391841028656
2024-08-06 20:00:00,20,462.65929504388464,22.79606367072079,58.0129337371481,0.9712853239065966
2024-08-06 21:00:00,21,264.04467780649645,17.971713420303605,34.39505910255098,0.8661317740890583
2024-08-06 22:00:00,22,193.40445337411035,21.658367147421433,46.13548071424778,0.5208818954360067
2024-08-06 23:00:00,23,39.81976367554367,20.72971830454118,44.9203918947174,0.10966284890469566
2024-08-07 00:00:00,0,0.0,16.39683855925973,0.0,0.0
2024-08-07 01:00:00,1,71.43039235368656,17.22288473782192,29.768946420468858,0.25083158562993463
2024-08-07 02:00:00,2,128.65865143318092,22.865212440194952,24.755437255323358,0.4840431985204732
2024-08-07 03:00:00,3,544.4906508106483,16.657311421697536,7.340438106174652,2.5226132579699256
2024-08-07 04:00:00,4,600.2032584823384,19.35836219833721,39.19252074431736,1.8248423594678957
2024-08-07 05:00:00,5,546.4398752871217,16.63613550877144,64.33080631754943,0.974553487371524
2024-08-07 06:00:00,6,728.9004929188363,18.041902807003193,0.0,3.6445024645941815
2024-08-07 07:00:00,7,826.7505474769389,18.84527353584086,19.310606483165582,3.3355000132812505
2024-08-07 08:00:00,8,961.3122721663167,16.6351598368583,5.084676717727543,4.5621632543940915
2024-08-07 09:00:00,9,858.3911303784803,16.10241850579913,31.435556524753867,2.9427555069243967
2024-08-07 10:00:00,10,1053.2943690076625,19.8425793780831,23.48757433700008,4.029505355497759
2024-08-07 11:00:00,11,947.6124370372554,16.449547141377245,17.886455744856438,3.8905907892691562
2024-08-07 12:00:00,12,893.1310076665109,16.55178670065476,43.790136566581175,2.5101385984543163
2024-08-07 13:00:00,13,1049.37578611897,16.166599936644864,62.723626021141975,1.9558462123864429
2024-08-07 14:00:00,14,1069.1865002188626,18.75003522875682,83.22637303515671,0.8967067755258772
2024-08-07 15:00:00,15,1130.9122503937415,21.8148642709503,15.207419030628245,4.794648428038287
2024-08-07 16:00:00,16,770.0473825772216,23.503345276687575,0.0,3.850236912886108
2024-08-07 17:00:00,17,849.2669150976984,16.806005109769437,41.1839286815668,2.497527172338599
2024-08-07 18:00:00,18,674.3226816830651,25.43469174774441,62.20969470646407,1.274143000357944
2024-08-07 19:00:00,19,671.4301258506432,15.969644785630386,46.27379934081456,1.8036694835036893
2024-08-07 20:00:00,20,382.36083590149985,22.234404937734382,62.12694079060622,0.7240587288725401
2024-08-07 21:00:00,21,281.6618503092048,16.818670005704448,25.490266587957613,1.049327468944072
2024-08-07 22:00:00,22,196.74905924920233,16.370989558140742,17.80851120453743,0.8085549049399307
2024-08-07 23:00:00,23,136.84331587349877,16.74949089739761,32.308718148026244,0.4631549732175839
2024-08-08 00:00:00,0,0.0,18.689810901419364,23.388936252662234,0.0
2024-08-08 01:00:00,1,183.25053973312515,20.587070513467552,43.26188042680688,0.5198645517615117
2024-08-08 02:00:00,2,340.97061456315396,20.856758114081188,49.39535556006982,0.8627348357216442
2024-08-08 03:00:00,3,430.6496356647183,16.015198954323058,50.96167329143772,1.0559168765324887
2024-08-08 04:00:00,4,629.5030111728693,15.878176137832916,40.2118534160878,1.8818409153508815
2024-08-08 05:00:00,5,642.027559365148,16.09723792027608,34.91644653350599,2.0892717493452135
2024-08-08 06:00:00,6,609.7550443593342,18.51309079321019,45.88853378501696,1.6497369741132797
2024-08-08 07:00:00,7,902.4234613743025,18.216687187794097,0.0,4.512117306871513
2024-08-08 08:00:00,8,817.6129049359587,15.996627614157337,34.21141504667884,2.6894798027655513
2024-08-08 09:00:00,9,996.7130124861321,19.655965082556452,31.04956114340902,3.4361899812496826
2024-08-08 10:00:00,10,1091.8245636134768,25.634860425372676,34.26160791943109,3.5887395623009395
2024-08-08 11:00:00,11,1027.9799022322422,17.333007614861266,28.247529074915377,3.6880049023245145
2024-08-08 12:00:00,12,880.307294946828,17.54661853675612,38.63710986923232,2.700909991056775
2024-08-08 13:00:00,13,917.987888053027,20.526138711339826,18.507941569319694,3.740436130593704
2024-08-08 14:00:00,14,1071.7453836398793,17.17070512515634,52.5904685890726,2.5405473215095644
2024-08-08 15:00:00,15,910.3497176598615,20.854047445521267,39.47299554826948,2.755037070671503
2024-08-08 16:00:00,16,872.391286579812,16.6915258800296,33.01371715767721,2.921912473600658
2024-08-08 17:00:00,17,854.0592935843241,24.343512823098624,16.0496685872776,3.5849280371259793
2024-08-08 18:00:00,18,762.8126101529735,19.881478918143607,46.3063377041581,2.047910134228173
2024-08-08 19:00:00,19,631.0654139995576,16.987085153136587,34.133193969889824,2.0783131608110015
2024-08-08 20:00:00,20,483.3065303023626,17.0810789019589,14.890332129261669,2.0567029136896506
2024-08-08 21:00:00,21,357.66995670650135,17.305754742242616,28.86676915173523,1.2721109798946215
2024-08-08 22:00:00,22,327.4509511258285,22.96540299911334,42.58165238482479,0.9400846269331286
2024-08-08 23:00:00,23,174.81175470547547,15.04090097756287,41.0314707763965,0.5154196032989619
2024-08-09 00:00:00,0,0.0,16.708546842663143,39.740179356163104,0.0
2024-08-09 01:00:00,1,217.09517725950283,17.02739018326538,31.850627834821545,0.7397450015161623
2024-08-09 02:00:00,2,248.4963158921381,18.665307953770842,50.516390666037935,0.6148247308267695
2024-08-09 03:00:00,3,314.55045841833834,17.899042776101272,54.755930076232204,0.7115771467616256
2024-08-09 04:00:00,4,439.2823440877323,14.238688359870267,44.74645231351081,1.2135953973442135
2024-08-09 05:00:00,5,530.4621621039394,17.512903803255252,18.250974502885857,2.168238240754462
2024-08-09 06:00:00,6,685.3139798582525,18.41371980448675,8.83876565418965,3.1237034159159056
2024-08-09 07:00:00,7,892.0512825581308,16.828078348802308,19.121204660568125,3.607401655714839
2024-08-09 08:00:00,8,801.6177893019977,20.77269832118465,69.07313495953446,1.2395762591889616
2024-08-09 09:00:00,9,938.9575933927348,21.470597140302598,35.63391827654707,3.021851059558672
2024-08-09 10:00:00,10,913.3906786388753,18.477211754853478,72.5288365505277,1.2545952313056485
2024-08-09 11:00:00,11,970.6201380720952,19.403996614593844,27.59603312825127,3.513837416101208
2024-08-09 12:00:00,12,879.1967030411798,12.229203861993843,24.82372659014157,3.3047365864434917
2024-08-09 13:00:00,13,973.8018030412873,17.44906353755616,28.518869267118525,3.4804226995554974
2024-08-09 14:00:00,14,950.4293959046715,21.726836929315393,28.15651839893393,3.414107840889481
2024-08-09 15:00:00,15,967.1025680341425,17.442062104503822,14.526981762645514,4.133058771748731
2024-08-09 16:00:00,16,883.8878768448684,16.500586824865774,7.023034636666459,4.109060625523788
2024-08-09 17:00:00,17,697.4819702950717,25.54543863213445,40.02673254361726,2.0915136375255567
2024-08-09 18:00:00,18,793.8426407100311,24.169603424629074,51.09801435194727,1.9410240711407107
2024-08-09 19:00:00,19,625.5856722264804,20.11509659148813,78.89962601332803,0.6600045822341162
2024-08-09 20:00:00,20,515.8714813741988,22.1291036884818,21.325741866179552,2.0292903044755035
2024-08-09 21:00:00,21,381.9488440942788,12.034565600167422,22.9468902627185,1.4715173099012144
2024-08-09 22:00:00,22,217.39844932474347,16.349717532155537,14.575414110979652,0.9285586253240693
2024-08-09 23:00:00,23,147.9503793999501,17.3024982345222,52.514548587471346,0.3512745276230756
2024-08-10 00:00:00,0,38.047074874286594,17.871512571033527,46.29974909592529,0.10215687334576534
2024-08-10 01:00:00,1,0.0,17.109620804712478,12.461308362509474,0.0
2024-08-10 02:00:00,2,215.71817811483317,10.929373993085326,11.956038260541138,0.9496341510224071
2024-08-10 03:00:00,3,362.28767473280266,19.737526723760045,49.05029517191795,0.9229225045244249
2024-08-10 04:00:00,4,520.4936484555421,20.210415252476185,37.663923024168156,1.6222766067778118
2024-08-10 05:00:00,5,704.2263094828907,23.38514924240431,45.16777426022288,1.9307147986728006
2024-08-10 06:00:00,6,645.367516018805,16.214525073309474,12.344630433221742,2.8284964061511015
2024-08-10 07:00:00,7,753.516392545808,15.96896339429466,0.0,3.7675819627290403
2024-08-10 08:00:00,8,825.0226749327145,10.539499409740959,12.500699666396603,3.6094453407985223
2024-08-10 09:00:00,9,859.7573253029233,17.698752357861707,43.755334600224536,2.417838154333441
2024-08-10 10:00:00,10,938.1509066800874,21.282788210820883,72.22115957269781,1.3030372166697506
2024-08-10 11:00:00,11,1053.1090389728479,16.74414928105621,21.410720209447835,4.1381540456898325
2024-08-10 12:00:00,12,915.6931603708524,25.00978732326531,75.51711763753731,1.1209403962735631
2024-08-10 13:00:00,13,1025.6700129860424,17.809668360265796,46.59639534983376,2.738723793751874
2024-08-10 14:00:00,14,829.7736478876017,19.020429720500033,2.1393539658234744,4.0601092622208
2024-08-10 15:00:00,15,878.9724927959103,14.490143625889583,34.280676756220636,2.888273868822248
2024-08-10 16:00:00,16,839.6662597669998,19.441113903160204,47.27948556823722,2.213381858295519
2024-08-10 17:00:00,17,927.3421141243605,12.64149348307628,0.0,4.636710570621803
2024-08-10 18:00:00,18,685.1225968063326,20.6605467326738,42.88902315826764,1.9564010379977
2024-08-10 19:00:00,19,432.66195113264723,20.752737396340603,53.45442359646225,1.0069249951674173
2024-08-10 20:00:00,20,340.08888745109994,22.657327140643897,37.977362482622866,1.054660489503382
2024-08-10 21:00:00,21,385.40579927282437,15.5195467113313,28.765575786371535,1.3727080099896456
2024-08-10 22:00:00,22,307.92071356571375,19.061139222526624,26.541468339971864,1.130970174312272
2024-08-10 23:00:00,23,160.56266083023223,20.270902545793877,25.373553446163555,0.5991110413494547
2024-08-11 00:00:00,0,13.405608464079224,19.77528134290008,6.480403924657814,0.06268435443524387
2024-08-11 01:00:00,1,223.50696002050492,15.852538602504596,16.249523361900653,0.935940721682495
2024-08-11 02:00:00,2,215.65174744355028,11.27249075924073,21.668119086956807,0.8446203499718924
2024-08-11 03:00:00,3,454.2762768472358,19.489317318562595,32.26988692451484,1.538409179918684
2024-08-11 04:00:00,4,369.4388091978865,17.990937392979394,18.86370484685867,1.498744813205239
2024-08-11 05:00:00,5,536.3656023736753,16.74842464902483,12.6174151500414,2.3434506380008417
2024-08-11 06:00:00,6,562.5434695920022,20.740272519055548,45.195417182516906,1.5414980083844585
2024-08-11 07:00:00,7,771.3657162376519,18.313677813445853,37.412279438957114,2.4139010949125432
2024-08-11 08:00:00,8,862.3245064031311,14.490851269605752,19.215409264208663,3.483126616561011
2024-08-11 09:00:00,9,933.0076518894082,12.654079560620486,40.12556942975175,2.7931650937281356
2024-08-11 10:00:00,10,970.8764945200392,15.061546632509655,20.9368421262813,3.838028078106023
2024-08-11 11:00:00,11,917.240594908872,25.62747331220951,31.2613005897624,3.1524962770154232
2024-08-11 12:00:00,12,984.7807324469427,20.61676674970747,49.50088109445734,2.4865279651862777
2024-08-11 13:00:00,13,871.6491278853504,19.014273453834186,17.92517813667473,3.5770223449256475
2024-08-11 14:00:00,14,1074.9841442996485,17.903453646351736,6.551767843325141,5.0227683940629015
2024-08-11 15:00:00,15,899.5894466794467,17.706257608066842,27.097308339573168,3.279124602612285
2024-08-11 16:00:00,16,826.9145142609434,21.950024377986434,2.7306996762907616,4.0216698114840925
2024-08-11 17:00:00,17,920.468566566762,16.976649202198857,24.451029812980494,3.477022614682044
2024-08-11 18:00:00,18,607.7270585026093,20.17919765996203,24.38725041373086,2.2975956945678866
2024-08-11 19:00:00,19,518.7144598861632,17.40315257703437,0.0,2.593572299430816
2024-08-11 20:00:00,20,412.30237401051465,24.26890632341434,40.612703274890194,1.2242761712914818
2024-08-11 21:00:00,21,377.25372182913134,20.675301950644062,26.346204666373588,1.3893084208225837
2024-08-11 22:00:00,22,293.34957547352883,22.185106871960027,53.63792905543872,0.6800146914830341
2024-08-11 23:00:00,23,189.7002296694787,16.695207103844435,34.31063959588165,0.6230643377751205
2024-08-12 00:00:00,0,205.7596253995975,21.493769695566932,44.712171406310965,0.5688001450297306
2024-08-12 01:00:00,1,0.0,17.381629081680597,53.800775064140865,0.0
2024-08-12 02:00:00,2,307.5178922324742,18.649465829663217,27.365658344585075,1.11681798247833
2024-08-12 03:00:00,3,338.1129865593113,23.224504369723043,29.983536222721963,1.183673783802866
2024-08-12 04:00:00,4,453.086788088898,15.191036187595412,0.0,2.26543394044449
2024-08-12 05:00:00,5,559.1796587484104,18.92910455178087,54.790754904684825,1.2640045122335792
2024-08-12 06:00:00,6,634.4052075219097,19.63337713342085,27.08605200556891,2.312849415432439
2024-08-12 07:00:00,7,928.1153270595114,19.879374500267097,9.885388993040365,4.1818375833782495
2024-08-12 08:00:00,8,933.4091899455507,16.967007878584273,44.79444972974855,2.576468397912689
2024-08-12 09:00:00,9,925.7352107958766,24.578153660288912,0.0,4.628676053979383
2024-08-12 10:00:00,10,1074.0070864880283,14.434565701843887,21.414515542536435,4.220068360120533
2024-08-12 11:00:00,11,870.4425441499002,22.696017523762077,48.16622082423682,2.255916330932771
2024-08-12 12:00:00,12,893.5435894935259,21.964558174639585,21.245562960681898,3.51852611803271
2024-08-12 13:00:00,13,817.2074427982352,24.022027726675724,15.64156098102837,3.4469172114572335
2024-08-12 14:00:00,14,909.9726630792055,13.554680061741209,21.67690405774099,3.5635938097592774
2024-08-12 15:00:00,15,936.815414647667,15.712866894195537,0.0,4.684077073238335
2024-08-12 16:00:00,16,874.2540900190254,22.79519053534959,44.30956863566067,2.434379369759874
2024-08-12 17:00:00,17,805.3006931760258,12.688243893973741,27.54227916046174,2.9175126409017564
2024-08-12 18:00:00,18,594.2222347012611,13.499984654743427,24.55350780010476,2.241599159769651
2024-08-12 19:00:00,19,673.0138084178425,16.854437997730194,24.626627671819175,2.5363660181942502
2024-08-12 20:00:00,20,519.1702014591198,18.89534272373147,30.281595969291686,1.809785893301557
2024-08-12 21:00:00,21,441.3277748823698,23.096036578810992,43.06874741344133,1.2562671512646049
2024-08-12 22:00:00,22,107.39807089531689,17.763563613073593,28.958729176015023,0.38148477202238723
2024-08-12 23:00:00,23,155.44546092387517,16.49464391367105,2.7672690364037535,0.7557193340761684
2024-08-13 00:00:00,0,0.0,19.12643571831912,41.510322430881345,0.0
2024-08-13 01:00:00,1,98.74033201594261,19.60105535511304,39.97139382008453,0.2963622252329559
2024-08-13 02:00:00,2,301.56823699343147,19.51598537174065,34.110539964329206,0.9935084149703203
2024-08-13 03:00:00,3,389.97092086556285,17.658307281375805,51.50482613922638,0.9455853804010731
2024-08-13 04:00:00,4,431.8768016176544,12.327007563475389,30.607573528259177,1.498448960055184
2024-08-13 05:00:00,5,609.2632815034741,15.439417937910843,52.22752177978512,1.4553008423000682
2024-08-13 06:00:00,6,584.5839559670561,22.453079161032225,58.14422042956792,1.2234108600684135
2024-08-13 07:00:00,7,885.3747319630991,18.75347271915964,41.64625771048965,2.5832464469309495
2024-08-13 08:00:00,8,849.6026822247384,17.224699547908667,15.041327562441255,3.609055799060143
2024-08-13 09:00:00,9,1013.3635280517127,21.546771550351764,27.384285629951187,3.679305825301406
2024-08-13 10:00:00,10,923.8032913213849,14.801916008122994,54.777120681167474,2.088852237888364
2024-08-13 11:00:00,11,949.5587823012836,17.516221504090815,0.047442678609861844,4.745541430899924
2024-08-13 12:00:00,12,938.8650570689723,18.60554112075195,22.160926636427824,3.6540193027843055
2024-08-13 13:00:00,13,1061.5387759092562,16.86813339534595,23.140703271065117,4.079456188343992
2024-08-13 14:00:00,14,909.1713337027904,18.494554373934633,12.695787992925325,3.968724343417163
2024-08-13 15:00:00,15,975.447167104501,17.629184110964545,47.45757899837573,2.562617785942322
2024-08-13 16:00:00,16,835.4292119708955,13.994236761872212,37.53630142081554,2.6091999240397805
2024-08-13 17:00:00,17,635.2762762999057,18.736699550867005,15.778832867990161,2.6751854720627612
2024-08-13 18:00:00,18,661.4816557636303,14.207210530691235,42.11025840471679,1.9146501061088324
2024-08-13 19:00:00,19,514.4327718596928,18.689111280520006,26.831675306635642,1.882009204216872
2024-08-13 20:00:00,20,502.7122178945869,22.314673377680165,12.196108535553144,2.207004450893383
2024-08-13 21:00:00,21,287.4508135111307,17.349196313401677,15.741631795142656,1.2110068242803318
2024-08-13 22:00:00,22,332.89705315969036,14.67781651531688,38.7210214955188,1.0199795682388901
2024-08-13 23:00:00,23,123.24012339180982,17.811302465614897,48.78019757043677,0.3156167385761746
2024-08-14 00:00:00,0,0.0,15.57127440689463,20.264635340904277,0.0
2024-08-14 01:00:00,1,182.99756324305818,19.850714739024635,40.88882667338024,0.5408600339604738
2024-08-14 02:00:00,2,335.9315998285898,17.623221488561665,61.63508315154965,0.6443993947095373
2024-08-14 03:00:00,3,381.07553222351765,23.196477486123946,4.822588872594942,1.8134891300516216
2024-08-14 04:00:00,4,438.3039760360566,21.55615651816224,37.113397456772475,1.3781723967047907
2024-08-14 05:00:00,5,466.84385971975024,17.607946217686017,46.613113825908165,1.2461669999966003
2024-08-14 06:00:00,6,652.2228006237332,20.214014935049498,28.097003668023387,2.34483868204399
2024-08-14 07:00:00,7,743.9763605593984,16.887478503641688,54.76566421711294,1.6826638254037039
2024-08-14 08:00:00,8,874.5900000238222,18.16905838662573,73.97674076522568,1.1379841147380596
2024-08-14 09:00:00,9,896.2677820202445,16.98288514207929,36.86710696772606,2.8291989005278753
2024-08-14 10:00:00,10,1020.9604640531826,20.366555610679352,25.32820535444002,3.8118475056507433
2024-08-14 11:00:00,11,942.406199672155,22.36615256125896,49.539656153239136,2.3777070439388055
2024-08-14 12:00:00,12,995.4367066517647,20.463132352703656,46.841377207558025,2.6458022201325933
2024-08-14 13:00:00,13,1086.1638568295614,20.832997534986294,0.0,5.430819284147806
2024-08-14 14:00:00,14,993.2718434054658,20.836288042837413,29.945288878177728,3.4791686027604896
2024-08-14 15:00:00,15,919.0765291762017,19.720955498134355,22.108010665217723,3.5794349604220703
2024-08-14 16:00:00,16,817.8698484296245,14.649329253499422,37.934113830278335,2.538090845714029
2024-08-14 17:00:00,17,742.6948285540371,23.170102289379724,26.126834394124195,2.743260903219996
2024-08-14 18:00:00,18,639.0577209503919,23.4804202112255,28.296478154579965,2.291134462732538
2024-08-14 19:00:00,19,565.4808797460887,17.36554892119012,12.735744810778368,2.4673133897394117
2024-08-14 20:00:00,20,560.4532670995451,16.95509398548168,44.69058436848975,1.5499171346023284
2024-08-14 21:00:00,21,364.93237066170843,19.904422689876352,63.10084442937464,0.673284815890175
2024-08-14 22:00:00,22,150.83719955202255,19.71962623668074,13.0465610156993,0.6557906613904791
2024-08-14 23:00:00,23,271.97973566483466,17.461349524871167,2.058899537060533,1.331899730731665
2024-08-15 00:00:00,0,25.597215291613043,14.194086932165412,30.40006439654928,0.08907822679619659
2024-08-15 01:00:00,1,17.97072017899802,18.861267471177555,29.426886779294723,0.06341248349250202
2024-08-15 02:00:00,2,223.47113092325492,19.59847351345486,53.4186557224072,0.5204792842819576
2024-08-15 03:00:00,3,391.5543429913632,20.121627343044615,5.416100952429357,1.8517368224566475
2024-08-15 04:00:00,4,636.3673674637901,18.992042215990846,19.24089649951805,2.5696229046668724
2024-08-15 05:00:00,5,520.112432348011,17.130818453842497,0.0,2.6005621617400547
2024-08-15 06:00:00,6,785.1900387350233,20.92617001744706,57.499672724236454,1.6685416809953975
2024-08-15 07:00:00,7,905.3122544490228,18.14170939162598,35.01089256646727,2.941771768264063
2024-08-15 08:00:00,8,815.7330593784728,16.549394855834063,20.73134172038407,3.2331032565628908
2024-08-15 09:00:00,9,901.6784430024679,17.40220375279106,3.554570428176472,4.3481382385513
2024-08-15 10:00:00,10,883.0210864991667,12.706256801503278,5.390478836454982,4.177110108549972
2024-08-15 11:00:00,11,975.1679700873858,17.397438426392608,38.285337995827824,3.0091080835618844
2024-08-15 12:00:00,12,997.0728020525655,20.00947345855223,7.851499087985797,4.59393820046427
2024-08-15 13:00:00,13,1044.2168612203998,18.963512965345913,32.08010846297139,3.5461547977613
2024-08-15 14:00:00,14,1053.1405039707042,22.506156417871782,70.85889722270062,1.5344837832573577
2024-08-15 15:00:00,15,864.031847341555,17.155239156881112,23.04824754110359,3.324438241661516
2024-08-15 16:00:00,16,708.6393986463592,19.406103388088173,10.771111120512423,3.161555307872144
2024-08-15 17:00:00,17,791.653757949136,20.32238442784554,37.640144109055264,2.468370713061648
2024-08-15 18:00:00,18,730.5897835840389,24.972734923790448,5.484165184365452,3.4526151651609602
2024-08-15 19:00:00,19,628.714844023524,18.378460372281147,64.39969060658807,1.119122148373409
2024-08-15 20:00:00,20,473.86614019927634,14.811602362336153,58.0723933705667,0.9934036560641576
2024-08-15 21:00:00,21,392.6636003382047,20.48795015899407,26.71656762092712,1.4387868201554062
2024-08-15 22:00:00,22,380.05462977070084,23.541345966833596,12.054136371515604,1.6712116320594093
2024-08-15 23:00:00,23,161.06492573705273,16.97651776824836,21.48460254449279,0.6323038330193222
2024-08-16 00:00:00,0,0.0,20.34647547905963,24.086687758291436,0.0
2024-08-16 01:00:00,1,90.5103668523719,21.509415028927144,37.6713426341413,0.2820694821799832
2024-08-16 02:00:00,2,245.23085648830238,20.874427495150844,50.79264658602232,0.6033580711616169
2024-08-16 03:00:00,3,513.622629311541,18.199906430661116,9.2697473848282,2.330055545315243
2024-08-16 04:00:00,4,485.3359432379041,15.727809588600945,50.21819130685489,1.2080450539088237
2024-08-16 05:00:00,5,607.177881447064,17.579392219199626,42.35371225622596,1.7500775432776283
2024-08-16 06:00:00,6,668.5216955116433,19.199032224873275,19.844210183867872,2.679294225647778
2024-08-16 07:00:00,7,881.2720088865925,20.54789843551557,8.265762086459794,4.04214080648731
2024-08-16 08:00:00,8,1022.8123841640124,18.8250660072375,32.32465434585136,3.4609590818821707
2024-08-16 09:00:00,9,959.9285764657976,16.68350696361865,8.808230325958316,4.376879282429986
2024-08-16 10:00:00,10,972.5476585919024,19.48936983168969,50.473616983252114,2.4083383920731958
2024-08-16 11:00:00,11,994.387488027749,20.403486066468844,7.522344557355908,4.5979311747153275
2024-08-16 12:00:00,12,809.2554568971403,18.962061032483824,40.95412386326288,2.3891598735463577
2024-08-16 13:00:00,13,1051.0569305165957,15.314669519625408,28.387672703698357,3.763431645760032
2024-08-16 14:00:00,14,976.659139568736,17.279012759088815,18.787502312495974,3.9658464056852822
2024-08-16 15:00:00,15,958.1468965641448,20.666693192477783,27.943369873614184,3.452041826623351
2024-08-16 16:00:00,16,809.1084282577423,13.67417743700696,51.599663392684036,1.9580560139745544
2024-08-16 17:00:00,17,762.596789973068,11.543696796066905,6.154851820124204,3.5783004378260093
2024-08-16 18:00:00,18,674.2247862662938,22.347479413672446,21.756868896163667,2.637672917264483
2024-08-16 19:00:00,19,690.4912677345638,19.35747662830602,14.96512870625624,2.9357918040631303
2024-08-16 20:00:00,20,469.6992130717524,19.643420870800703,29.227657329025707,1.6620856829900514
2024-08-16 21:00:00,21,549.2962581338737,14.592779942359215,16.306382149746916,2.2986295557415204
2024-08-16 22:00:00,22,293.28803862372405,20.035815053639997,0.0,1.4664401931186202
2024-08-16 23:00:00,23,28.471579420393468,18.648976925945476,8.897249061352753,0.12969196043830103
2024-08-17 00:00:00,0,0.0,12.95144172558993,62.755100370762236,0.0
2024-08-17 01:00:00,1,78.39218244753832,21.977274701956695,34.93456422572545,0.25503107561227584
2024-08-17 02:00:00,2,83.26844751691888,18.18047442999131,34.24724107616155,0.2737565077771131
2024-08-17 03:00:00,3,510.641107574193,16.516172560897317,24.347752199827234,1.9315573803578763
2024-08-17 04:00:00,4,556.2514033776002,16.57045522117947,28.96749151781661,1.9755966264322902
2024-08-17 05:00:00,5,651.4180144406656,11.658758742837993,21.403761543372397,2.559950279896072
2024-08-17 06:00:00,6,720.3390740105239,19.48443425802921,40.538570620821304,2.1416195489169874
2024-08-17 07:00:00,7,682.7919347958403,18.4899960808723,32.01617708518746,2.320940299141132
2024-08-17 08:00:00,8,827.3360326200035,17.122184062135837,6.574635796827696,3.864708508296574
2024-08-17 09:00:00,9,991.2219944940076,21.53988008149014,35.074490062083854,3.2177796727100882
2024-08-17 10:00:00,10,881.8282239064681,13.552847402147584,0.0,4.4091411195323404
2024-08-17 11:00:00,11,788.9033160737451,15.914107030032277,38.27718399355571,2.434666711244677
2024-08-17 12:00:00,12,981.8315193775259,15.154399694853964,1.8128628632695722,4.820161301914276
2024-08-17 13:00:00,13,980.1042570516072,16.868039519820464,28.07889827659848,3.5245088985473756
2024-08-17 14:00:00,14,976.7708996022452,17.906834534906793,6.10744793607622,4.585575627271473
2024-08-17 15:00:00,15,982.1610239924497,18.994465030569188,30.05646399066194,3.4347907474292128
2024-08-17 16:00:00,16,917.0338687629354,16.66350409981977,41.565570385524445,2.6793175529158986
2024-08-17 17:00:00,17,814.0549247107491,15.072357253670441,60.0565417049916,1.6258084467515004
2024-08-17 18:00:00,18,802.7492922334844,22.762445308446456,0.0,4.013746461167422
2024-08-17 19:00:00,19,487.24384654365554,24.93934503450083,49.5094591134227,1.2300602677822818
2024-08-17 20:00:00,20,540.3665451581911,18.134284474781197,32.62305410754943,1.820412373760695
2024-08-17 21:00:00,21,432.8065014320453,15.43408335807252,20.98665694350752,1.7098744287365248
2024-08-17 22:00:00,22,159.65406221610186,22.130786852262005,45.197130101189195,0.4374750400222838
2024-08-17 23:00:00,23,10.296543525460848,13.364153140149726,25.281502978295865,0.03846711283704967
2024-08-18 00:00:00,0,0.0,16.58345991739956,44.35061032801358,0.0
2024-08-18 01:00:00,1,77.60287681882822,15.499428737475137,10.154605737440104,0.34861305318482455
2024-08-18 02:00:00,2,319.09260218271527,14.109173240162576,17.340059354074153,1.3188087778488635
2024-08-18 03:00:00,3,333.5203296698022,16.747707192748734,48.872001055891985,0.8526113531598103
2024-08-18 04:00:00,4,431.4921185375036,14.995263653992147,59.70801047140844,0.8692837960891441
2024-08-18 05:00:00,5,559.8307300731559,17.625743283960006,29.299362016943014,1.9790194889346346
2024-08-18 06:00:00,6,796.5973679188845,17.669311394531434,0.0,3.9829868395944223
2024-08-18 07:00:00,7,794.3968102413914,15.723784720948105,26.0190143478309,2.938512951029864
2024-08-18 08:00:00,8,851.6853217558855,16.476239821732435,30.648522356448595,2.953281777554709
2024-08-18 09:00:00,9,915.0790926152025,16.89523298780291,25.344532466136556,3.415782874482574
2024-08-18 10:00:00,10,1069.2906530351902,20.017318074872325,36.72677123331062,3.382873605378913
2024-08-18 11:00:00,11,931.5111232455508,17.142491688321485,20.46180144805356,3.704535833702564
2024-08-18 12:00:00,12,1105.2406632752084,20.061885113872336,46.77741721356055,2.941188135005201
2024-08-18 13:00:00,13,1008.2845652875305,19.34521884217801,6.665734545379159,4.705374963517167
2024-08-18 14:00:00,14,953.0922757310407,19.30237198221627,54.73697414708282,2.1569920158314884
2024-08-18 15:00:00,15,1123.9515723460293,21.751317802551963,61.00157647922185,2.1916169717597485
2024-08-18 16:00:00,16,781.574244600551,14.229607252276313,11.738805238793852,3.44913383115159
2024-08-18 17:00:00,17,765.0584795258749,16.1682305725927,11.728003487938746,3.376661971811546
2024-08-18 18:00:00,18,608.5122820534276,22.87767629241275,38.21390627555056,1.8798798445715845
2024-08-18 19:00:00,19,684.9583866516143,16.81583038974624,6.255591805142213,3.210550929738008
2024-08-18 20:00:00,20,635.1351146921343,10.0,20.147942577953597,2.5358422824577165
2024-08-18 21:00:00,21,516.277254877461,16.978874862070388,52.05053912912029,1.2377608015636004
2024-08-18 22:00:00,22,356.7349453542014,17.992598482003793,44.75213528953926,0.9854421999211261
2024-08-18 23:00:00,23,114.71655479637475,10.0,69.60392683379179,0.17434663964829705
2024-08-19 00:00:00,0,0.0,21.47513864434376,33.415682952004154,0.0
2024-08-19 01:00:00,1,0.0,15.332194333083109,17.78323995443629,0.0
2024-08-19 02:00:00,2,421.68892791706423,18.459021070242464,31.024870233060412,1.4543024262180568
2024-08-19 03:00:00,3,420.20167861696723,16.79538708864773,26.98823321182731,1.533983348159035
2024-08-19 04:00:00,4,460.6434476104412,13.608277467067792,27.26885781593729,1.675156204215592
2024-08-19 05:00:00,5,715.005980127678,14.261807320773656,29.52392583808534,2.519540724084535
2024-08-19 06:00:00,6,629.2856198457475,14.668083215397274,11.36466582307527,2.7888470603880524
2024-08-19 07:00:00,7,825.8831030290493,20.73034745223083,35.644355099412856,2.657511985396626
2024-08-19 08:00:00,8,852.2150730411718,17.03071716037946,1.8267346448281785,4.183236825267405
2024-08-19 09:00:00,9,974.9737037017106,15.907735175024676,15.663467841837713,4.111295055780095
2024-08-19 10:00:00,10,960.8399431541786,14.669504986909223,27.62242473720365,3.4771632650571265
2024-08-19 11:00:00,11,875.3706300849122,21.061782389258294,0.0,4.376853150424561
2024-08-19 12:00:00,12,1006.046109813603,21.86593554225068,45.37983072689835,2.7475204407282203
2024-08-19 13:00:00,13,1075.3539927238392,21.027563420799957,0.0,5.3767699636191955
2024-08-19 14:00:00,14,963.5885138207497,18.950643742142415,43.39175381796356,2.7273527904273807
2024-08-19 15:00:00,15,985.8887422384137,18.34282185029205,4.143814201436754,4.725176722635861
2024-08-19 16:00:00,16,782.3830449305144,13.825518270752212,21.90162618593001,3.055142175438682
2024-08-19 17:00:00,17,791.2524768296472,16.735874344546744,40.382612938988586,2.3586202587068517
2024-08-19 18:00:00,18,657.1459447794615,15.421751114640607,73.96279038958966,0.8555123354426989
2024-08-19 19:00:00,19,668.5198962170975,11.996795397725787,32.32903955414699,2.2619691727086484
2024-08-19 20:00:00,20,502.51932498095954,20.64446198217601,0.0,2.5125966249047975
2024-08-19 21:00:00,21,437.8893264720189,15.38584188550309,49.073902652715475,1.1149997233625446
2024-08-19 22:00:00,22,345.8358791951503,21.06115744698584,25.361631902819635,1.2906312826289814
2024-08-19 23:00:00,23,185.85567822976307,20.118570926959954,31.398133089176472,0.6375023251269524
2024-08-20 00:00:00,0,21.849474743491534,19.031267801994826,41.157260597752284,0.06428414742036327
2024-08-20 01:00:00,1,50.669211539139155,19.19976608738412,0.0,0.2533460576956958
2024-08-20 02:00:00,2,258.5961562491687,15.515172225873448,30.130736954703917,0.9033961431737828
2024-08-20 03:00:00,3,340.03620020382317,22.934664325966565,21.806122200946092,1.3294374542996192
2024-08-20 04:00:00,4,472.47488346366174,17.49049016495372,54.43669812011038,1.0763757872960245
2024-08-20 05:00:00,5,578.7986969487006,18.266908927450682,44.54227526677486,1.6049429405665216
2024-08-20 06:00:00,6,628.712735203968,15.413884871394654,0.0,3.14356367601984
2024-08-20 07:00:00,7,636.7662531605162,14.567618089763691,55.25251704698097,1.4246843529179
2024-08-20 08:00:00,8,812.5739599182172,18.79300189852284,38.99050176320422,2.478736478744832
2024-08-20 09:00:00,9,939.3498886652193,18.013654359910927,0.0,4.696749443326096
2024-08-20 10:00:00,10,858.0716626548692,14.993056774386838,31.115062069855462,2.9554106610798296
2024-08-20 11:00:00,11,992.6994402915402,13.045833715768358,50.696522277117104,2.4471767369966138
2024-08-20 12:00:00,12,1152.0214739448772,13.55134461011193,5.71912254853212,5.430679770322819
2024-08-20 13:00:00,13,1073.2893857939894,20.94951502336789,57.55154671690834,2.277973717605715
2024-08-20 14:00:00,14,1097.4091470187109,15.521352428144356,0.0,5.487045735093554
2024-08-20 15:00:00,15,955.169762665905,16.34438823506707,14.175456467060307,4.098850443863381
2024-08-20 16:00:00,16,959.4261896233544,21.71213464837176,11.142583292206162,4.2626066365866615
2024-08-20 17:00:00,17,735.4361618538123,13.994662187635326,57.53867463177323,1.5613797078017302
2024-08-20 18:00:00,18,655.559559824789,15.1801293949434,20.17967726901606,2.6163487817298217
2024-08-20 19:00:00,19,389.6302125177229,15.05481338641249,6.743659946780042,1.8167743796780562
2024-08-20 20:00:00,20,594.8916379233838,22.215319315592687,38.904217578281234,1.8172685037533476
2024-08-20 21:00:00,21,505.9093507506808,23.34126437384181,43.22361981185438,1.4361850819479285
2024-08-20 22:00:00,22,214.56486547473946,19.615803548301084,43.35072189588263,0.6077472367825524
2024-08-20 23:00:00,23,110.21005570827319,19.71126804455729,24.573216695479807,0.4156394994943511
2024-08-21 00:00:00,0,0.0,15.5100945777714,35.09068602073896,0.0
2024-08-21 01:00:00,1,161.13847633825088,23.09314504704244,16.995338275414287,0.6687622359635836
2024-08-21 02:00:00,2,348.8136487267801,18.05424834940558,63.49603355871461,0.6366540863692347
2024-08-21 03:00:00,3,243.26167445460652,19.81049037967881,52.884103173158636,0.5730745977763956
2024-08-21 04:00:00,4,532.7550824513801,16.93458477001673,51.65913658081351,1.2876920338329798
2024-08-21 05:00:00,5,586.627687271189,16.44706182434676,45.88231869147091,1.5873465113250838
2024-08-21 06:00:00,6,716.1783325438827,22.240286365117946,40.39466611990003,2.134402431448569
2024-08-21 07:00:00,7,830.0728604251786,18.870330625544515,5.112750317004242,3.9381665381121214
2024-08-21 08:00:00,8,850.9692086826128,21.605285969540738,42.66602472511297,2.4394723785149557
2024-08-21 09:00:00,9,915.5925842388241,18.017144101564725,32.285304601266404,3.0999536475535656
2024-08-21 10:00:00,10,948.8158128846973,14.70605997706032,55.26728169901838,2.1221555238644028
2024-08-21 11:00:00,11,1069.0701575168728,15.501130787694128,46.148383647648565,2.878557798817327
2024-08-21 12:00:00,12,1033.5007968101997,17.560055313723424,41.00760940306043,3.048434134383779
2024-08-21 13:00:00,13,1009.091544392799,15.371658938199612,0.0,5.045457721963995
2024-08-21 14:00:00,14,864.2496886016859,13.92877536044652,28.219989267830588,3.1017925961551542
2024-08-21 15:00:00,15,893.5931530542344,20.855410681690667,18.842154801926874,3.626104739281681
2024-08-21 16:00:00,16,937.9189366115727,15.616549373859057,35.04731848366147,3.046017498893719
2024-08-21 17:00:00,17,796.3690661411491,17.665737829703552,21.689034571147126,3.1182215203593686
2024-08-21 18:00:00,18,759.8692987536788,18.139560355986408,24.48108447813388,2.8692252690119355
2024-08-21 19:00:00,19,750.0823730349314,15.486700210367886,39.18067809813408,2.2809750649263485
2024-08-21 20:00:00,20,583.0884855367052,21.60355798525581,21.35723772862448,2.2927844575619747
2024-08-21 21:00:00,21,390.1360993810693,13.899734302715753,32.43183079148025,1.3180390988665982
2024-08-21 22:00:00,22,217.93991148686288,18.036035377071904,0.0,1.0896995574343142
2024-08-21 23:00:00,23,0.0,17.989512705459344,13.351970464798825,0.0
2024-08-22 00:00:00,0,0.0,16.98073764062041,43.12087134405921,0.0
2024-08-22 01:00:00,1,104.44519255470364,13.252763609396908,5.396157666070511,0.49404582644910444
2024-08-22 02:00:00,2,290.0483406541509,19.755954104803248,54.914501552059946,0.6538487006195153
2024-08-22 03:00:00,3,370.3710142071148,19.374033460216644,49.48798710602642,0.9354092722591928
2024-08-22 04:00:00,4,474.36919524505635,15.116795863439208,24.635401293204268,1.787532201925465
2024-08-22 05:00:00,5,466.409514568143,19.265963070828942,89.97468211004929,0.2337951825221616
2024-08-22 06:00:00,6,631.9093548545422,18.268224508115182,54.862071556965866,1.4261539620954098
2024-08-22 07:00:00,7,831.4854235552799,13.301665013129531,11.014409865885298,3.699511055149045
2024-08-22 08:00:00,8,1003.298014275054,14.581714705498783,44.92348107400096,2.7629081035818635
2024-08-22 09:00:00,9,916.0775018116367,20.55834578388159,31.317261326395144,3.1459355830848716
2024-08-22 10:00:00,10,992.1507121749983,18.071750004639007,14.46575818281178,4.24314294671359
2024-08-22 11:00:00,11,1067.6431139300346,15.450592611780978,8.601817136675823,4.879032027987307
2024-08-22 12:00:00,12,935.12848510398,14.56807377569493,49.89786669776758,2.342596600769713
2024-08-22 13:00:00,13,1020.7899848366457,15.597320054866593,18.041090707517327,4.183141688695071
2024-08-22 14:00:00,14,906.6866177824958,15.810062859579743,27.962472899258962,3.2657730900192883
2024-08-22 15:00:00,15,993.0654875905677,14.605612351325101,11.579481435469432,4.39036826906482
2024-08-22 16:00:00,16,878.1376476205774,11.91820911206295,15.036841254028182,3.7304674177800687
2024-08-22 17:00:00,17,817.2294854097505,20.56354130841521,27.46141599857056,2.964033483792007
2024-08-22 18:00:00,18,644.4988933930606,20.055402467047184,37.76364585448303,2.0055630687802153
2024-08-22 19:00:00,19,665.3240177775835,13.323735093792276,0.0,3.3266200888879176
2024-08-22 20:00:00,20,666.7770336984812,17.55243533590386,30.338395983335,2.3224378844455043
2024-08-22 21:00:00,21,302.0504967308334,14.436786841068557,15.07757974829929,1.2825429610305392
2024-08-22 22:00:00,22,231.63832449071913,16.35879977953325,58.0472530690045,0.4858932003439479
2024-08-22 23:00:00,23,149.05479015349934,16.109201709591886,88.85505292010873,0.08306038741325239
2024-08-23 00:00:00,0,62.91249695966532,15.754668715020227,22.814419300925692,0.24279688055302573
2024-08-23 01:00:00,1,85.76248939689405,23.047012614402703,0.0,0.4288124469844703
2024-08-23 02:00:00,2,32.176621891101604,15.717194308145274,32.33753939837133,0.10885747055000825
2024-08-23 03:00:00,3,491.4185918982118,14.613379886973071,25.8914134101359,1.8209168634778858
2024-08-23 04:00:00,4,560.8404895667313,14.750427073682701,69.42701298002581,0.8573284503899825
2024-08-23 05:00:00,5,469.3256265697874,20.16950223137911,63.33178686751085,0.8604666051799988
2024-08-23 06:00:00,6,658.501277844183,12.08186436709504,47.30749941193129,1.7349039485024307
2024-08-23 07:00:00,7,918.8079346534214,14.750302612867284,18.266118375746835,3.754886948319364
2024-08-23 08:00:00,8,981.8491172610677,21.378639882508445,43.55533132361607,2.77100740570005
2024-08-23 09:00:00,9,998.9707343256022,17.770129926166785,35.30012718136608,3.23166397302019
2024-08-23 10:00:00,10,951.8368315722794,17.613937377282184,34.826464065987814,3.101728597289613
2024-08-23 11:00:00,11,998.083854878811,23.43461074260495,0.0,4.990419274394055
2024-08-23 12:00:00,12,989.5259355899099,17.77721522101934,51.235906769072926,2.412666748876335
2024-08-23 13:00:00,13,1081.704044035317,14.913612878095098,32.156166566224705,3.6693474494086593
2024-08-23 14:00:00,14,895.8584337694597,16.1919401915448,27.983173049108498,3.2258440898635943
2024-08-23 15:00:00,15,859.4155601205505,13.631874435082139,17.99687009982345,3.5237382907399244
2024-08-23 16:00:00,16,946.84737073132,20.805982482220934,14.12767000693245,4.065399493625414
2024-08-23 17:00:00,17,789.8044238503104,18.76185651478399,36.34517162557964,2.513743252477473
2024-08-23 18:00:00,18,817.3841696228524,20.41141381208651,0.0,4.086920848114262
2024-08-23 19:00:00,19,555.040452450277,20.677123147821955,45.78997519300085,1.5044378348108773
2024-08-23 20:00:00,20,495.61773117289385,15.795539019391247,8.91789126008629,2.257095404205942
2024-08-23 21:00:00,21,308.89039357757366,14.203912806147176,0.0,1.544451967887868
2024-08-23 22:00:00,22,259.40805961640643,16.88303202824971,66.43790631852042,0.43531387992883364
2024-08-23 23:00:00,23,12.24243726014808,14.41988814980823,12.838259013088432,0.05335360727587711
2024-08-24 00:00:00,0,0.0,17.430071163017626,15.556816769566087,0.0
2024-08-24 01:00:00,1,15.625883025802153,20.33149117929462,52.69076662016149,0.03696242734168655
2024-08-24 02:00:00,2,314.33290375782144,16.43078159864305,67.08861801033282,0.5172565133747474
2024-08-24 03:00:00,3,440.0105795458619,17.38518580651377,0.0,2.2000528977293095
2024-08-24 04:00:00,4,361.57898156125225,16.653663688120453,10.876638794986611,1.611256708891218
2024-08-24 05:00:00,5,715.4722886487664,19.343383254103646,12.346423556788068,3.1356852473037216
2024-08-24 06:00:00,6,906.8999913001359,14.931853353925684,48.696033253913086,2.3263783497844344
2024-08-24 07:00:00,7,797.0338512301427,10.345861751861257,62.782642558590666,1.4831746867067648
2024-08-24 08:00:00,8,814.7362629664669,18.347807114916694,8.394948768438422,3.7316978554627114
2024-08-24 09:00:00,9,1149.8259797915302,19.898703800714536,58.2949067593644,2.3976799848855475
2024-08-24 10:00:00,10,860.4083464248675,18.27432327106616,15.819317769425957,3.6214880799462716
2024-08-24 11:00:00,11,993.0533787233381,15.014509050386511,36.72245805891144,3.141898841095286
2024-08-24 12:00:00,12,1014.3697818105538,13.530164242232345,4.570926011443646,4.840018448007756
2024-08-24 13:00:00,13,1099.0566710100034,18.418693132131516,27.56139172836004,3.9807067829813154
2024-08-24 14:00:00,14,994.7049442992115,17.359637395594575,27.777745718545678,3.591991671109876
2024-08-24 15:00:00,15,883.9888208482107,16.557822653815563,23.696833873694526,3.3725572925488962
2024-08-24 16:00:00,16,789.9306541534022,22.402590565771927,37.69941962639394,2.4606569104329625
2024-08-24 17:00:00,17,766.0075946715444,14.094800254246557,9.859382702949482,3.4524198718960943
2024-08-24 18:00:00,18,626.5525923109361,22.26031160017295,12.325534036263168,2.7466331964528123
2024-08-24 19:00:00,19,612.5874545914953,17.030552251402472,38.75744289898711,1.87582110835919
2024-08-24 20:00:00,20,454.86430561116094,11.42848910617793,56.84070661951458,0.9815811007091436
2024-08-24 21:00:00,21,263.1604089019099,16.39759257383313,29.54372611904154,0.927065092210899
2024-08-24 22:00:00,22,359.23070817251335,19.813688766588875,40.07341546924345,1.0763734699671827
2024-08-24 23:00:00,23,90.71239034572883,15.840035438375642,45.161600205946804,0.24872611640266448
2024-08-25 00:00:00,0,0.0,12.410283861825658,46.61010377266983,0.0
2024-08-25 01:00:00,1,117.06546146104824,16.341075890152332,10.929505483267231,0.5213539271582545
2024-08-25 02:00:00,2,264.2887703799335,14.263102363865723,14.459795395901923,1.1303657746432505
2024-08-25 03:00:00,3,242.96609431876712,18.310062688804727,16.1985081211293,1.0180460589947546
2024-08-25 04:00:00,4,526.531813370061,19.154818933743677,68.57267601787929,0.8273742942837212
2024-08-25 05:00:00,5,524.9888235134995,13.665808262296522,40.16385878343808,1.5706652690435232
2024-08-25 06:00:00,6,843.9890859218106,14.717207320193893,39.266314407700335,2.562928389385381
2024-08-25 07:00:00,7,835.2701812573741,19.104546880861655,37.32471506367477,2.617539830456097
2024-08-25 08:00:00,8,834.0334045756931,14.258086650643964,3.58413192761002,4.020702735176814
2024-08-25 09:00:00,9,864.2661108858986,13.588145078056856,68.76380941554078,1.3498190477660648
2024-08-25 10:00:00,10,957.5284096839785,13.298546090152076,39.58375061573921,2.8925137595990935
2024-08-25 11:00:00,11,1040.4681207004735,17.890735324415203,44.463202253099055,2.889213379072016
2024-08-25 12:00:00,12,997.960469713184,17.762092644093233,0.0,4.98980234856592
2024-08-25 13:00:00,13,974.0721568028617,14.782481394403717,45.59287704723036,2.64982318000214
2024-08-25 14:00:00,14,970.5954495545001,16.849875673925542,22.87575099744746,3.7428222566092844
2024-08-25 15:00:00,15,875.5708180123304,21.416016638006234,3.5443405054752546,4.222688034276992
2024-08-25 16:00:00,16,838.5689296369957,13.912439014786177,10.924726682564053,3.734787830146255
2024-08-25 17:00:00,17,626.489945178835,10.979391658509492,4.702115830932673,2.9851583114368982
2024-08-25 18:00:00,18,785.0048796547371,18.199846212701953,4.364316097707793,3.753723926620869
2024-08-25 19:00:00,19,632.6652514344617,16.503415993836075,31.2109564072842,2.1760218780260843
2024-08-25 20:00:00,20,438.12353247732545,14.704544225095537,22.26474422536698,1.7028822429005317
2024-08-25 21:00:00,21,534.582230873509,18.790860197605564,36.681387243227746,1.692450263166557
2024-08-25 22:00:00,22,265.78036353391195,19.352294919547212,63.519517421360085,0.48478979608217293
2024-08-25 23:00:00,23,47.63470646203625,10.209785425900563,27.40992572745325,0.1728903440015087
2024-08-26 00:00:00,0,68.53899371763667,14.77866428476644,0.0,0.3426949685881833
2024-08-26 01:00:00,1,162.37004954079256,23.68900670635147,25.16083576904367,0.6075819401885946
2024-08-26 02:00:00,2,290.38544394125836,18.48667276015548,53.867888727957435,0.6698046805839805
2024-08-26 03:00:00,3,348.62298399296253,18.764768927652355,28.281210550063403,1.2501409193199946
2024-08-26 04:00:00,4,536.0396579022427,20.25514084865534,60.58661307383404,1.0563569222335363
2024-08-26 05:00:00,5,587.8207657910331,16.787664488360086,39.05883186275638,1.7911242061317323
2024-08-26 06:00:00,6,751.5820973182149,19.126510493035767,0.0,3.7579104865910744
2024-08-26 07:00:00,7,640.9577839703842,18.890644144272514,32.19164500876717,2.1731146474928864
2024-08-26 08:00:00,8,831.3155267461034,18.353582503019183,35.940025885294574,2.6627025562254047
2024-08-26 09:00:00,9,1061.651940335942,15.770422100908693,51.60711602547288,2.5688199585004416
2024-08-26 10:00:00,10,904.5604298570444,17.252634779859683,66.39273143223136,1.519990265099097
2024-08-26 11:00:00,11,943.1377975743553,14.971373319840572,48.15451039417398,2.444872044050144
2024-08-26 12:00:00,12,964.163092924002,16.77490092646039,38.80959594774434,2.9498764614146102
2024-08-26 13:00:00,13,894.2603705027187,13.230985336463105,43.52376543156693,2.525222922488271
2024-08-26 14:00:00,14,789.2633641908083,14.364586038942049,26.63986387100865,2.8950233919331683
2024-08-26 15:00:00,15,905.4326206293978,15.889521886986117,0.7424432638514133,4.493551485644107
2024-08-26 16:00:00,16,876.8941577109713,13.905341718470677,30.829921724457204,3.032741876411703
2024-08-26 17:00:00,17,789.1529348081432,15.221406200525376,37.305806549178115,2.473765337857278
2024-08-26 18:00:00,18,695.5164962307167,16.24468008249436,5.926847481761541,3.2714714714431516
2024-08-26 19:00:00,19,612.2046986767517,17.943245046754036,56.53243278999883,1.330552444300511
2024-08-26 20:00:00,20,581.827317724061,19.584229918319632,50.10822030964862,1.4514200176858463
2024-08-26 21:00:00,21,367.44773749075256,15.345104898626582,2.5647716942426158,1.790117709642274
2024-08-26 22:00:00,22,212.89243893553947,20.74177186456678,57.31664577579749,0.45434816913700166
2024-08-26 23:00:00,23,108.03615342900508,19.552291248637385,23.833712615803055,0.4114356354978398
2024-08-27 00:00:00,0,46.34774078054206,18.153026701645462,14.430168697633029,0.1982984179918409
2024-08-27 01:00:00,1,243.48834250351155,17.101692593703493,51.585553854930524,0.5894176622544245
2024-08-27 02:00:00,2,208.56754596898656,17.59810773141926,28.978911744798836,0.7406347044717062
2024-08-27 03:00:00,3,390.5981353274005,20.201898657812784,67.98370641673739,0.6252752286858497
2024-08-27 04:00:00,4,527.0685953548766,20.31148418509146,12.94223912226498,2.2942705870284263
2024-08-27 05:00:00,5,529.3551884704148,20.645585390964566,0.0,2.6467759423520736
2024-08-27 06:00:00,6,708.740154563581,16.764725701444647,24.39123437667717,2.67934841171177
2024-08-27 07:00:00,7,676.0994317038677,18.305646700809476,45.784449981209455,1.832755127860845
2024-08-27 08:00:00,8,724.5013794852866,20.671384725679793,11.457140289289136,3.2074712001991115
2024-08-27 09:00:00,9,953.2192451426671,14.769597101064459,3.397992344002418,4.604144640855808
2024-08-27 10:00:00,10,935.2158469826057,15.685494644658727,34.578548054055084,3.0591589296229356
2024-08-27 11:00:00,11,1007.6272939835078,16.68885519485407,0.7262557966496708,5.001546711761642
2024-08-27 12:00:00,12,998.568401839332,19.339541419751857,36.13385399226827,3.188735767528905
2024-08-27 13:00:00,13,913.3328574807065,19.386261657969506,23.187538975436457,3.5077672258845007
2024-08-27 14:00:00,14,962.3054821319215,15.948152872219831,39.889329767047464,2.8922413749897165
2024-08-27 15:00:00,15,825.2314281100984,12.114916842674507,2.3234239215079633,4.030289018507933
2024-08-27 16:00:00,16,977.3031924245507,17.379297038701537,55.963263028878075,2.151862181291885
2024-08-27 17:00:00,17,684.8757127024382,13.885796793828433,26.339310300126204,2.522420867817711
2024-08-27 18:00:00,18,691.4439595090612,12.17093659189297,45.27045335809646,1.8921207216106812
2024-08-27 19:00:00,19,525.3797019649409,12.849130523612487,49.197509225697786,1.3345298731039776
2024-08-27 20:00:00,20,545.6336938688635,17.61988822935032,6.851100952680884,2.5412588933503293
2024-08-27 21:00:00,21,356.1689226625697,20.72385728861206,47.64515019216152,0.9323585226109237
2024-08-27 22:00:00,22,217.32570753282423,16.75742875452237,1.498664497113488,1.0703436215546456
2024-08-27 23:00:00,23,198.78231582417635,17.27488716975153,2.5972451448021445,0.9680972588885384
2024-08-28 00:00:00,0,2.3544473342041745,20.096194243103145,69.27998471976869,0.003616432904162605
2024-08-28 01:00:00,1,171.85774789492893,11.914144699218706,52.23706737593249,0.41042150168147357
2024-08-28 02:00:00,2,180.31297018112363,18.10803869127018,71.47328350867511,0.25718684900328165
2024-08-28 03:00:00,3,270.29807685088923,16.512740073512905,22.59571938784179,1.0461114094746466
2024-08-28 04:00:00,4,508.5766369632106,18.24568180296557,32.048573281560174,1.7279254038658094
2024-08-28 05:00:00,5,583.253720569142,15.09705770125792,40.54709493504727,1.7338064038888836
2024-08-28 06:00:00,6,757.221554982863,14.093697555189921,29.756088668122114,2.659510188340146
2024-08-28 07:00:00,7,786.9606640782314,16.969036139326185,15.07727958608191,3.3415420226133477
2024-08-28 08:00:00,8,882.4314309232088,21.495083396472754,12.07830604239902,3.8792433104099135
2024-08-28 09:00:00,9,794.0089301159871,19.130239740093756,34.27724465657899,2.6092227327252244
2024-08-28 10:00:00,10,1117.0007814582088,15.024431115929094,8.6628031667539,5.101186011946907
2024-08-28 11:00:00,11,978.3055025712476,12.524593318525529,8.10273015266295,4.495180238146232
2024-08-28 12:00:00,12,1055.806957627136,11.50130757537601,37.87144022309185,3.2797882839906514
2024-08-28 13:00:00,13,924.5575277562401,20.49580778202081,28.096812970287697,3.323931641899268
2024-08-28 14:00:00,14,990.5666184664558,13.682262562061887,48.7441254116337,2.5386179183769366
2024-08-28 15:00:00,15,819.6519514293072,15.57096918748456,21.501771798343157,3.2170612964615555
2024-08-28 16:00:00,16,902.1908308452124,20.511142804702096,18.37488100048929,3.6820716964003952
2024-08-28 17:00:00,17,764.8754135403688,11.705805060032393,38.471067920709416,2.3530983684422324
2024-08-28 18:00:00,18,709.442021501393,21.024302954894544,13.759502508923457,3.0591316437677576
2024-08-28 19:00:00,19,664.5993514191285,15.786588064791863,16.837445488866294,2.7634889895228687
2024-08-28 20:00:00,20,401.3967751023775,13.101759480753152,17.630912192411703,1.653134310704525
2024-08-28 21:00:00,21,327.92409391606617,15.805456645022629,25.805957874088943,1.2165007019054914
2024-08-28 22:00:00,22,295.4049875894623,14.379719082264934,65.44873086591805,0.5103308614876825
2024-08-28 23:00:00,23,298.3839101837917,17.869968823186515,2.464223500856857,1.4551553187313357
2024-08-29 00:00:00,0,0.0,14.512381000838399,55.91015164234918,0.0
2024-08-29 01:00:00,1,177.81708165396617,10.721851669744602,44.75573512579834,0.49116869790246265
2024-08-29 02:00:00,2,250.26132751384242,15.795090699274764,61.339576947399856,0.4837604397695234
2024-08-29 03:00:00,3,538.0630799455937,12.387143145642115,92.73372096644546,0.1954858238269222
2024-08-29 04:00:00,4,360.22226664277946,17.069737954466692,58.62906041575711,0.7451366815088731
2024-08-29 05:00:00,5,616.3311125822693,12.89538730565176,48.51333895815723,1.5866415541532568
2024-08-29 06:00:00,6,577.0632585015827,14.992739892985474,3.7500729674996514,2.777114826195711
2024-08-29 07:00:00,7,592.827614648298,17.00454171514474,6.275554769779145,2.7781219650033444
2024-08-29 08:00:00,8,889.8223680338638,15.819402127398924,37.20380368730443,2.793873005324108
2024-08-29 09:00:00,9,935.0393562030833,17.208069151504866,0.0,4.6751967810154165
2024-08-29 10:00:00,10,943.1388712696922,18.497639799655,42.308785025824385,2.720541368646058
2024-08-29 11:00:00,11,982.94933417063,12.982977203307813,0.0,4.91474667085315
2024-08-29 12:00:00,12,1247.8639547257005,16.263585680627607,53.04466771129231,2.9296933322623073
2024-08-29 13:00:00,13,970.7908503312955,10.0,23.56599376132803,3.710071695533395
2024-08-29 14:00:00,14,1006.7357751890745,17.198778207549303,32.53193890940378,3.396125539127261
2024-08-29 15:00:00,15,871.9303469421764,15.554335911377205,15.03255407159035,3.7042847303574415
2024-08-29 16:00:00,16,889.644009787687,13.506429012067818,0.0,4.448220048938435
2024-08-29 17:00:00,17,774.2946462867859,17.403936569391306,54.69390558388524,1.7540133175280654
2024-08-29 18:00:00,18,674.2653025681693,19.974871034056935,56.71402789909428,1.4593114537787262
2024-08-29 19:00:00,19,754.2733115847467,15.028725059704902,22.97024469592604,2.9050744311883285
2024-08-29 20:00:00,20,594.174797054747,13.622334831776572,43.238591294680155,1.686309924901249
2024-08-29 21:00:00,21,393.6231641570284,16.951854089817868,22.18217159579192,1.531544992214653
2024-08-29 22:00:00,22,74.48209022700371,12.44995830256265,35.76979688532493,0.23919998918430013
2024-08-29 23:00:00,23,101.64545435984643,14.475634190895114,45.1827839784022,0.2785960414628581
2024-08-30 00:00:00,0,216.24220515240668,20.03578520445239,41.10169849147747,0.6368149298967117
2024-08-30 01:00:00,1,112.07325888887492,16.55511640893775,56.81939226818691,0.24196957146532214
2024-08-30 02:00:00,2,347.0764508668135,10.730177827662386,40.377613514106706,1.0346763146866653
2024-08-30 03:00:00,3,498.0388245212979,10.977603777662683,30.561692340771906,1.7291486561675096
2024-08-30 04:00:00,4,517.5171132684779,16.85483579744121,14.771620642451559,2.2053572426834602
2024-08-30 05:00:00,5,541.4156984592685,18.955750447253948,20.429892393521584,2.154025269312033
2024-08-30 06:00:00,6,512.2817946439164,11.515714343622435,46.201027934500324,1.3780116979856054
2024-08-30 07:00:00,7,848.0863969799517,17.71771654199041,0.0,4.240431984899758
2024-08-30 08:00:00,8,800.8449235585547,20.35960924197004,52.11614606825593,1.9173770670828287
2024-08-30 09:00:00,9,937.9715686623019,22.0321556833768,24.377125479709335,3.5466053120274728
2024-08-30 10:00:00,10,865.9401991219192,17.362246999080515,13.627881911842202,3.7396544567920644
2024-08-30 11:00:00,11,970.225858136194,17.888986503158307,8.025516464370654,4.4618011107494615
2024-08-30 12:00:00,12,1002.6975243920842,10.0,43.48735571296774,2.8332544261728856
2024-08-30 13:00:00,13,1012.9323478573541,22.667836363488853,29.707172923933637,3.5600939183845455
2024-08-30 14:00:00,14,876.7400513008754,14.642108080212521,61.7753044645964,1.6756560762335047
2024-08-30 15:00:00,15,1019.632408412195,13.56816524422576,4.738486989481579,4.856586296995228
2024-08-30 16:00:00,16,818.273821005881,15.602960316182012,18.43672753876274,3.337054530530018
2024-08-30 17:00:00,17,659.3957834549757,20.903598962057178,28.155576837451733,2.368695484906966
2024-08-30 18:00:00,18,698.3849075894706,22.99271686213153,14.962865120601322,2.9694325792211096
2024-08-30 19:00:00,19,611.5114537308375,16.744804757928417,30.122373282836058,2.1365484548536866
2024-08-30 20:00:00,20,512.8471546537406,19.362831237311852,36.390015328310376,1.6311099823222042
2024-08-30 21:00:00,21,491.65402465989627,16.498190865557397,39.6896847825948,1.4825904602572126
2024-08-30 22:00:00,22,239.9031381636523,13.255192300446332,60.12334261768922,0.47832676227465654
2024-08-30 23:00:00,23,120.95662227055028,20.79880973186576,3.9305514243683923,0.5810118001551364
2024-08-31 00:00:00,0,0.0,14.416554371837616,36.755206398706214,0.0
2024-08-31 01:00:00,1,196.17047245108333,20.889529133022428,17.06114360823667,0.8135077321462382
2024-08-31 02:00:00,2,273.5637702287691,20.178560802214033,38.600267600471696,0.8398371143126235
2024-08-31 03:00:00,3,349.0812141815568,18.125045604778407,38.62664372706094,1.0712142863077416
2024-08-31 04:00:00,4,347.6260245227628,21.76986108166984,10.261612335353373,1.5597699475471822
2024-08-31 05:00:00,5,724.3144046131276,22.979974912463998,11.976953147318248,3.187818038666681
2024-08-31 06:00:00,6,608.892384030063,15.757206724013848,40.2328612693915,1.819587779416786
2024-08-31 07:00:00,7,746.0510995416589,13.85655445765749,30.46809021488261,2.593717887420913
2024-08-31 08:00:00,8,894.6929646705188,10.690127301137366,25.607563185367916,3.327919492137371
2024-08-31 09:00:00,9,828.1548982219517,23.01698357919755,43.15973659549947,2.3536271277331533
2024-08-31 10:00:00,10,846.4450440288169,14.963890786151435,44.63436951724263,2.3431981765830385
2024-08-31 11:00:00,11,821.529054757757,19.688047384212002,19.407397745965945,3.310458217511224
2024-08-31 12:00:00,12,1057.679756232451,14.059170710378334,12.95893724715,4.6030785017323925
2024-08-31 13:00:00,13,947.8299617957044,20.897733735642888,4.761620463247162,4.513489481890263
2024-08-31 14:00:00,14,1200.1074336869349,14.182584037460543,30.6690824040297,4.160227479563013
2024-08-31 15:00:00,15,844.331127260817,12.707779412054753,1.536794457028705,4.156777466490524
2024-08-31 16:00:00,16,792.309321910125,15.657417520045533,31.98856916458068,2.6943045323674224
2024-08-31 17:00:00,17,748.1219026684032,14.68760971002187,54.336735828488784,1.708084403702045
2024-08-31 18:00:00,18,726.5575535976268,18.07183616929042,22.930804594274314,2.799760303586076
2024-08-31 19:00:00,19,571.1451619058957,16.128752031329213,19.27591438919673,2.305258547294381
2024-08-31 20:00:00,20,548.9865771202009,18.166043996562546,69.9568954725429,0.8246630560296541
2024-08-31 21:00:00,21,304.3963611659976,15.4098723936509,60.194036383752916,0.6058395238745854
2024-08-31 22:00:00,22,148.29170762543455,14.287614699850367,14.708042588891717,0.6324045005604543
2024-08-31 23:00:00,23,0.0,14.532255169218562,32.7802636211795,0.0
2024-09-01 00:00:00,0,0.0,22.334694354357723,36.57356484696165,0.0
2024-09-01 01:00:00,1,89.08067066204703,16.87539075694545,34.07320845452357,0.29364014027340063
2024-09-01 02:00:00,2,234.74062011106307,10.24859133190551,66.29346895425576,0.3956145999735401
2024-09-01 03:00:00,3,332.16847016643516,14.6392509199024,31.74459784838841,1.1336146256647812
2024-09-01 04:00:00,4,599.4724637749729,16.49047605769227,34.744697512620334,1.9559378478245304
2024-09-01 05:00:00,5,707.0038457773715,21.73607700401578,43.773245902928316,1.987626569110413
2024-09-01 06:00:00,6,680.3225421909874,19.285974107934344,53.79839432095335,1.5715996914437291
2024-09-01 07:00:00,7,649.8396512358783,13.434724450818898,48.73798388608212,1.665604533655818
2024-09-01 08:00:00,8,820.6889951400343,23.454945220981998,40.76169572623279,2.430811220411881
2024-09-01 09:00:00,9,875.8938209979217,16.106396865860212,0.0,4.379469104989608
2024-09-01 10:00:00,10,913.3550293068238,19.938867393489478,20.23724551883148,3.642585647837033
2024-09-01 11:00:00,11,935.6273490619507,12.734852468064936,46.388424144105414,2.5080228298542164
2024-09-01 12:00:00,12,947.7229683420154,10.0,35.00797394558611,3.079721792542537
2024-09-01 13:00:00,13,960.5215321019895,11.974583489159562,46.522572676459035,2.5683110212840186
2024-09-01 14:00:00,14,915.0825383838239,10.0,67.74332123342495,1.4758761742774547
2024-09-01 15:00:00,15,940.5453332013342,22.536145942023367,6.46073589881351,4.3988959160729015
2024-09-01 16:00:00,16,894.8549010568275,16.84347671692389,52.758203496091674,2.1137276568125833
2024-09-01 17:00:00,17,720.5017333166361,13.42594590492055,23.392730750127377,2.7597835139593734
2024-09-01 18:00:00,18,808.7920072671103,17.557750050205005,48.70699638549465,2.0742685676067465
2024-09-01 19:00:00,19,530.3564448614716,16.76788006880514,29.17558513263765,1.8781092439224125
2024-09-01 20:00:00,20,370.5759508947729,18.062678147106617,72.54009077785992,0.5087990985739353
2024-09-01 21:00:00,21,413.14567807429404,19.82847216367345,32.60173872523476,1.3922650177695661
2024-09-01 22:00:00,22,193.42639434937388,15.330114501189598,17.18971551288039,0.8008847371694718
2024-09-01 23:00:00,23,156.22950988064304,13.560360041961683,38.397492455835355,0.4812064780521729
2024-09-02 00:00:00,0,0.0,18.602752416820827,36.4788556143654,0.0
2024-09-02 01:00:00,1,241.92266753869697,18.52642510735847,52.76194188220896,0.5713978514602004
2024-09-02 02:00:00,2,312.602517745753,16.421634198069107,38.96105597209851,0.9540463791832049
2024-09-02 03:00:00,3,262.64530843204966,22.65208933974739,79.50129278338606,0.2691944639682924
2024-09-02 04:00:00,4,381.69783009229707,14.805960405120116,27.771917291954555,1.3784651220693953
2024-09-02 05:00:00,5,742.5427013365228,13.419852858799267,28.007601004390526,2.6728715212948315
2024-09-02 06:00:00,6,648.1163889067109,17.373701056224878,17.922278998938914,2.6597958072450107
2024-09-02 07:00:00,7,726.6185523926254,14.094613202964577,31.71336676708354,2.480916729373395
2024-09-02 08:00:00,8,684.7412362524958,17.60597634613976,34.621182421659086,2.2383786186659784
2024-09-02 09:00:00,9,895.8172760631622,13.620402006186753,35.62421059911755,2.8834472152757153
2024-09-02 10:00:00,10,947.7082571022081,14.918699924909415,31.343753509879985,3.2533045850165614
2024-09-02 11:00:00,11,1048.6843091153692,21.791948033822568,17.803575665454026,4.309905023251353
2024-09-02 12:00:00,12,888.073725745242,14.902664703462035,12.366697438352897,3.8912416752641
2024-09-02 13:00:00,13,869.8219179945614,13.722872141653184,22.496525503288872,3.3707110418985926
2024-09-02 14:00:00,14,1002.0028370711866,19.63146313982457,52.83075320470227,2.363185955569965
2024-09-02 15:00:00,15,1004.417938209452,12.96630092284499,57.135993709829584,2.1526688410684978
2024-09-02 16:00:00,16,740.3332156950081,14.040597083263869,28.4607092711913,2.6481456576899514
2024-09-02 17:00:00,17,879.8744671952146,17.849110135232056,11.168340670651506,3.908035446123866
2024-09-02 18:00:00,18,710.1101285054934,18.934661045324948,28.376527793664177,2.5430276526225386
2024-09-02 19:00:00,19,696.1058561346923,19.780855946948297,71.83330870540159,0.9803499379054006
2024-09-02 20:00:00,20,494.38237107859055,13.877761277043618,49.97935670633241,1.2364662117199892
2024-09-02 21:00:00,21,180.90119896605387,17.90745279266343,41.01485383065095,0.533524183161159
2024-09-02 22:00:00,22,246.66165451723793,14.721102175072533,49.25369834105139,0.625858336391356
2024-09-02 23:00:00,23,215.33769771375358,14.302459873173175,60.81133222682625,0.4219398747372203
2024-09-03 00:00:00,0,0.0,19.65124543952777,6.942675969057607,0.0
2024-09-03 01:00:00,1,99.48899470745539,14.392943905072155,22.159202626057546,0.38721513389801343
2024-09-03 02:00:00,2,244.72836481844254,16.876220880713852,19.425567343263687,0.9859424575128397
2024-09-03 03:00:00,3,150.72232197561124,16.50834550034283,41.74228794141967,0.4390368817227897
2024-09-03 04:00:00,4,633.7078060349979,12.829343963635406,33.20221781279194,2.116513799892964
2024-09-03 05:00:00,5,536.6513746169467,18.939885658719877,45.12622581378816,1.4724043173725256
2024-09-03 06:00:00,6,747.5656157843715,17.722449773687774,19.862253002655546,2.995411209082099
2024-09-03 07:00:00,7,786.4172493993786,10.082735257039651,57.43904101358312,1.6735336148948863
2024-09-03 08:00:00,8,966.6349282931873,16.87387042636294,28.613325837013964,3.4502426330313565
2024-09-03 09:00:00,9,956.364022305533,13.722686790151052,43.89091103916366,2.683035700324221
2024-09-03 10:00:00,10,947.1318845673904,19.332833011888795,53.908129978458796,2.1827539858368765
2024-09-03 11:00:00,11,919.9636539722678,11.70540758230864,52.302486309899365,2.1939989489868625
2024-09-03 12:00:00,12,1063.8280561105712,14.972176186762281,37.216568168035934,3.339538812087445
2024-09-03 13:00:00,13,841.5695570574409,17.12768074561631,46.38693812765091,2.2559560366202995
2024-09-03 14:00:00,14,1017.5970599111399,16.20462797507654,64.83321327944574,1.7892809386679063
2024-09-03 15:00:00,15,835.955952386897,18.33048186279283,40.27202467949392,2.4964978246597376
2024-09-03 16:00:00,16,966.20809674097,11.486341134623046,15.407071958768402,4.086718600023211
2024-09-03 17:00:00,17,806.257303704251,20.997350103253048,41.6610146192777,2.351811652695144
2024-09-03 18:00:00,18,758.6366826145563,17.617041069015727,29.25437563960819,2.683511288713159
2024-09-03 19:00:00,19,615.3205341146983,20.1207617316536,0.0,3.0766026705734912
2024-09-03 20:00:00,20,359.8098323887201,18.66432760035064,39.23996047406185,1.0931029818879907
2024-09-03 21:00:00,21,313.8250992934628,16.006776749285784,32.33301300031214,1.0617799457033248
2024-09-03 22:00:00,22,312.6101921114316,12.189012459917432,53.12835542994877,0.7326276906811227
2024-09-03 23:00:00,23,143.8586576088395,14.350947548904811,14.998126850233874,0.6114127682781108
2024-09-04 00:00:00,0,94.47919242445377,20.73513197534089,0.0,0.47239596212226886
2024-09-04 01:00:00,1,162.7881572630253,20.12275532172231,33.37361718821019,0.5422993041516083
2024-09-04 02:00:00,2,181.48289384630803,14.10764203644209,37.60354775210892,0.5661944359845122
2024-09-04 03:00:00,3,318.9983013474391,10.0,31.876658907711377,1.0865615045276134
2024-09-04 04:00:00,4,508.23339124185884,15.328372773837803,30.41417367370807,1.7682920248089187
2024-09-04 05:00:00,5,423.63790372871216,15.10333331236581,8.625460915873472,1.9354859095888324
2024-09-04 06:00:00,6,840.9821320363864,15.21712414063201,27.221657260501537,3.060264292156914
2024-09-04 07:00:00,7,828.6930792014399,17.552059582247363,23.031883409911696,3.1891472768687854
2024-09-04 08:00:00,8,964.1881715483482,18.59507971471815,51.4541748153488,2.34036552105473
2024-09-04 09:00:00,9,797.431217246553,18.93734061805173,37.58650728061228,2.4885233735915113
2024-09-04 10:00:00,10,1065.4910391174888,17.30356939715926,24.4400575650961,4.025422079031169
2024-09-04 11:00:00,11,1169.96477425603,10.564129870985251,64.47769752845531,2.07799212960876
2024-09-04 12:00:00,12,894.3297315698146,14.942842778673272,24.62184647569981,3.370646190380783
2024-09-04 13:00:00,13,1053.1570049661116,22.87871132740073,41.155734477723264,3.098612521843579
2024-09-04 14:00:00,14,966.014621864052,17.089092181160595,26.661573328214352,3.542299625472476
2024-09-04 15:00:00,15,800.3248246514272,17.069900682084757,62.62305030056008,1.4956850357104734
2024-09-04 16:00:00,16,905.4561215325883,17.044899796074734,31.73719551627222,3.0904487096386766
2024-09-04 17:00:00,17,860.0415966782232,17.21258084427113,32.328284557813475,2.910024509942624
2024-09-04 18:00:00,18,659.01665697304,10.0,27.20259282454573,2.398735195653653
2024-09-04 19:00:00,19,702.0347506291386,15.247869026019954,33.9302385200243,2.31916342623607
2024-09-04 20:00:00,20,366.65892745686403,15.852763481369092,53.990756772958186,0.8434849887364568
2024-09-04 21:00:00,21,263.1029406491184,19.810928174513396,46.916876893693754,0.6983162894054171
2024-09-04 22:00:00,22,269.74683674962125,16.109460660620048,30.56152362232342,0.9365404675795777
2024-09-04 23:00:00,23,132.55701445783373,11.026907816947336,64.02650212913308,0.2384269738683679
2024-09-05 00:00:00,0,0.0,17.184221167573096,47.45971282685138,0.0
2024-09-05 01:00:00,1,195.29374709780245,13.482479754329605,21.236377616053016,0.7691021475178678
2024-09-05 02:00:00,2,301.29059023979676,12.243596775813588,2.39303292532124,1.4704030360723188
2024-09-05 03:00:00,3,451.3345580398111,13.3914765589081,21.699723964068596,1.7669810239536157
2024-09-05 04:00:00,4,490.14908517181846,17.521466388051387,38.266975571005055,1.5129192724380696
2024-09-05 05:00:00,5,656.9678504469879,19.670237418338047,41.94400741262854,1.9070460327845846
2024-09-05 06:00:00,6,671.454756944148,17.3427435345906,57.182753666040384,1.4374921865093282
2024-09-05 07:00:00,7,957.658835498163,17.790023369908905,8.109080497619999,4.400007548175234
2024-09-05 08:00:00,8,801.0217421746796,17.313089517571843,21.216893321063793,3.1553490682947563
2024-09-05 09:00:00,9,1092.3033268679515,16.197935229639246,6.44714660250974,5.109404650203418
2024-09-05 10:00:00,10,968.7168620562211,17.984745603946113,3.224015768411089,4.687426388361357
2024-09-05 11:00:00,11,881.4039902083108,10.0,17.44362508093363,3.6382759135399207
2024-09-05 12:00:00,12,1109.4463480390882,16.22721875297234,37.33224488588042,3.4763256025583926
2024-09-05 13:00:00,13,1001.516972445407,12.759178595191086,45.427888697806324,2.7327447845663393
2024-09-05 14:00:00,14,1034.0157541594874,19.382661416690258,11.032917867566507,4.599668226326863
2024-09-05 15:00:00,15,1021.7880059946942,15.452487783407259,13.814481612255204,4.403166448951641
2024-09-05 16:00:00,16,893.0618481160408,15.986797963861331,0.0,4.465309240580203
2024-09-05 17:00:00,17,745.9740727062101,11.37873807629643,34.28704416553991,2.451008064669775
2024-09-05 18:00:00,18,785.1638514000877,18.944446366096393,15.357221960585235,3.3229224799314827
2024-09-05 19:00:00,19,608.8218696050884,17.77593805987927,63.26062756423695,1.1183866707229455
2024-09-05 20:00:00,20,554.8686254886734,17.56479734607935,38.1961759929919,1.714650143835623
2024-09-05 21:00:00,21,210.384986461773,13.454885142551374,26.571085130864496,0.7724170630322877
2024-09-05 22:00:00,22,294.5775824633092,13.57303416424345,17.17775144911095,1.2198788876148106
2024-09-05 23:00:00,23,79.43932620844959,16.564752062395556,0.10659559611541525,0.3967732369256381
2024-09-06 00:00:00,0,132.26477097428244,13.740668508661914,2.642564461091382,0.6438479457098607
2024-09-06 01:00:00,1,180.3731800511792,17.128842627438083,17.557180908557303,0.7435236725953793
2024-09-06 02:00:00,2,278.00766477046454,10.0,16.021942359513908,1.1673271848295503
2024-09-06 03:00:00,3,421.58823183310756,14.361530070186289,10.016563143080113,1.8967979019387469
2024-09-06 04:00:00,4,420.1247317698624,21.21442413568554,37.54189454884689,1.3120097399759743
2024-09-06 05:00:00,5,738.6219642509649,17.142621223393363,40.285311848297184,2.2053290128622276
2024-09-06 06:00:00,6,866.4164146598999,16.324544732999044,20.827352053965438,3.4298240886266878
2024-09-06 07:00:00,7,824.7864211350926,21.779843346420137,68.70304536530634,1.2906651602788168
2024-09-06 08:00:00,8,993.2576892703296,10.0,0.0,4.966288446351649
2024-09-06 09:00:00,9,878.3476766174839,13.378230395041745,31.163277979445265,3.023128742635892
2024-09-06 10:00:00,10,902.1567409910699,14.6206442241639,25.628395918241495,3.3547421980338705
2024-09-06 11:00:00,11,994.7188412721241,18.399217438422237,18.985982360654866,4.029308487650441
2024-09-06 12:00:00,12,1034.795283069432,18.451132829090778,16.04674307973881,4.343721712970121
2024-09-06 13:00:00,13,959.9259268743606,13.22614361245819,29.860802341752837,3.366421716115845
2024-09-06 14:00:00,14,1008.9472815185472,18.818026705833717,25.489443453565425,3.7588611735979574
2024-09-06 15:00:00,15,948.3906910771599,14.614219437440944,22.162469457748813,3.6910194691352576
2024-09-06 16:00:00,16,786.1608617611544,19.45908261635357,4.025607300212506,3.772565563593419
2024-09-06 17:00:00,17,834.8567816873731,12.726235645039894,0.0,4.174283908436865
2024-09-06 18:00:00,18,776.1890405882693,15.454228942207585,24.229670496088694,2.9406049681348976
2024-09-06 19:00:00,19,622.4789744159519,14.353661793276387,21.958077910069395,2.4289727811994815
2024-09-06 20:00:00,20,592.2118482609353,18.99225485410321,26.059262794463447,2.1894290321133454
2024-09-06 21:00:00,21,285.29112888533376,14.255820089707555,27.827564042209826,1.0295077864401205
2024-09-06 22:00:00,22,296.2550788730692,15.696818152370799,19.54995316234364,1.1916867485615996
2024-09-06 23:00:00,23,36.90373570831001,17.344597932395214,25.75185152363589,0.1370017024101551
2024-09-07 00:00:00,0,0.0,17.392868227147424,12.929433837930112,0.0
2024-09-07 01:00:00,1,80.05172552102837,18.41795060048858,60.47891618326567,0.1581865476995387
2024-09-07 02:00:00,2,183.45423041658123,16.39046710860307,14.005197037000627,0.7888055198701295
2024-09-07 03:00:00,3,338.8437668657988,14.502346032229573,22.580385810693187,1.311657685060078
2024-09-07 04:00:00,4,482.8679751431048,14.707996541992816,15.524224217722388,2.039532340031566
2024-09-07 05:00:00,5,675.7337879152313,15.834109723691903,15.188369195901943,2.865504227126065
2024-09-07 06:00:00,6,681.4140580900913,16.50587020629222,30.492831332758932,2.368158093394859
2024-09-07 07:00:00,7,666.503283749668,15.315577834523758,27.955315802339758,2.4009009297224178
2024-09-07 08:00:00,8,957.2308315040514,15.814703040965709,20.810792192495796,3.7901175617862184
2024-09-07 09:00:00,9,856.9123218220834,11.205331196352752,24.330480168913766,3.2421071964809145
2024-09-07 10:00:00,10,961.228192120698,17.759158631433102,15.60372898013459,4.0562037507076845
2024-09-07 11:00:00,11,1027.1677819290671,16.300429644737356,38.034512754523206,3.182447604504515
2024-09-07 12:00:00,12,1015.9688334722226,18.762704018692332,71.10385485181428,1.4678791439023138
2024-09-07 13:00:00,13,1078.9792251755282,15.757574300290322,12.503174455335632,4.7203628515750164
2024-09-07 14:00:00,14,1004.2460777604892,10.541900042503709,37.87926447469209,3.119225249944358
2024-09-07 15:00:00,15,854.9747661355182,14.681754210149043,30.898979140414202,2.953981457457497
2024-09-07 16:00:00,16,1040.3103777037716,15.157303008713816,43.37259516265179,2.945503845736305
2024-09-07 17:00:00,17,808.900017358294,17.985802694369863,43.93585920992143,2.2675142229136203
2024-09-07 18:00:00,18,695.3195630568272,10.0,34.10825394437321,2.2907910038224917
2024-09-07 19:00:00,19,685.8754628531664,15.880631328915872,29.203588477698005,2.427876076060106
2024-09-07 20:00:00,20,519.9560756744056,17.298118425448987,21.310996007031072,2.0457412857455877
2024-09-07 21:00:00,21,414.6216878002361,13.772629122224508,14.700792937827291,1.7683450600069937
2024-09-07 22:00:00,22,458.193764990576,15.980976807519609,28.063086780964305,1.6480522554815153
2024-09-07 23:00:00,23,108.51647795964826,13.875983250619534,4.308223371646392,0.5192067284705159
2024-09-08 00:00:00,0,0.0,13.504041889959034,18.122880197650627,0.0
2024-09-08 01:00:00,1,139.85247318104868,14.467501139226254,52.13707248945137,0.3346874393017739
2024-09-08 02:00:00,2,344.5403199490039,13.560684712219174,31.970244421593822,1.17194968765183
2024-09-08 03:00:00,3,262.16070994985785,17.743615625429204,47.85328837871099,0.6835409470093814
2024-09-08 04:00:00,4,342.75552868187947,13.487905059114073,59.39287773316848,0.6959157830408779
2024-09-08 05:00:00,5,561.7922073591088,12.984030668476425,26.459410881703658,2.065726494562848
2024-09-08 06:00:00,6,576.3929444618045,20.996546690138807,34.14651668387283,1.8978741575824432
2024-09-08 07:00:00,7,759.3668324891843,18.574980725092313,23.96308211694489,2.886995674254788
2024-09-08 08:00:00,8,906.2253794747817,10.108220607642606,13.747884790487873,3.9081927918121355
2024-09-08 09:00:00,9,852.6196234271055,13.398455820062605,10.940634813351906,3.7966881204048484
2024-09-08 10:00:00,10,851.779700146561,16.42014960478834,46.863007451929825,2.2630505789642634
2024-09-08 11:00:00,11,996.991834311038,16.664025891314687,34.17254560971296,3.2814717250299226
2024-09-08 12:00:00,12,1069.0034787692136,11.221282092409526,66.93206144162106,1.7674870677316847
2024-09-08 13:00:00,13,855.8469862924812,19.168457168087173,49.44104025847782,2.1635366662432323
2024-09-08 14:00:00,14,1031.5444181535472,18.168433947165084,15.375740209272642,4.364684141375024
2024-09-08 15:00:00,15,989.2640288103529,17.138465585741223,46.80684360453542,2.6311038100458237
2024-09-08 16:00:00,16,942.352211956969,19.76294616175657,23.898489217954893,3.585721350936366
2024-09-08 17:00:00,17,890.8317574809703,17.04963066733296,54.33719418258003,2.0338938778922255
2024-09-08 18:00:00,18,883.2678951593169,17.038503327375746,20.273322455139596,3.5210007331547217
2024-09-08 19:00:00,19,580.2740651191963,20.365798505086932,8.951480795146551,2.6416547181041765
2024-09-08 20:00:00,20,508.7657264062285,18.996419431803332,14.084898458771809,2.185532952244392
2024-09-08 21:00:00,21,349.3683577052479,13.168238312885613,15.106701951701726,1.4829516059658046
2024-09-08 22:00:00,22,258.9771926829859,17.592346225635954,13.194964707626717,1.1240262175383173
2024-09-08 23:00:00,23,253.15606067095695,13.69995709474446,18.547834487897866,1.0310054677081277
2024-09-09 00:00:00,0,0.0,17.14365018989652,47.13383740650475,0.0
2024-09-09 01:00:00,1,61.64221844680553,17.06102705810513,65.92088416532368,0.10503561513775532
2024-09-09 02:00:00,2,368.9935200228857,11.480784599677728,3.3962096889299254,1.7823086317217245
2024-09-09 03:00:00,3,464.286352917257,15.26564970311258,55.270260856662986,1.0383703726900104
2024-09-09 04:00:00,4,470.94946825463364,16.426957607786893,20.445925680511426,1.8732974499126374
2024-09-09 05:00:00,5,677.1135890983782,14.322315964063215,36.95765062404468,2.1343415725573505
2024-09-09 06:00:00,6,734.4040485859102,16.575316364217965,0.0,3.672020242929551
2024-09-09 07:00:00,7,913.3753090113144,18.048879868048893,40.480700346897116,2.7181729356394935
2024-09-09 08:00:00,8,871.9861712905803,15.53940734435342,0.0,4.359930856452902
2024-09-09 09:00:00,9,1005.9301016210932,16.304984967170466,36.27870144620331,3.2049586164824357
2024-09-09 10:00:00,10,1177.286779128478,19.781458772713613,35.14512094058673,3.8176395839311814
2024-09-09 11:00:00,11,1039.2927937776076,17.050776286721366,33.82015268590935,3.439011920341839
2024-09-09 12:00:00,12,1003.9462532635874,16.23365940606911,15.301796987341412,4.251622178635864
2024-09-09 13:00:00,13,1049.2406201914887,12.756948398121605,40.990533488592874,3.095756461979885
2024-09-09 14:00:00,14,936.7033576327577,17.644264571212233,37.821630188334346,2.9121343887359257
2024-09-09 15:00:00,15,1114.9169489532653,16.6216363852215,25.800944327177607,4.136289238297831
2024-09-09 16:00:00,16,880.4310868001172,19.48240483814991,43.43700614350388,2.489990907687162
2024-09-09 17:00:00,17,771.5186746731943,15.77182216695562,28.087917068689894,2.7740757458076604
2024-09-09 18:00:00,18,640.2516607849448,10.182387036643698,40.57554317817524,1.9023303585708269
2024-09-09 19:00:00,19,696.5390443372357,10.5308239305609,27.482413452118195,2.525566521585219
2024-09-09 20:00:00,20,569.374993026219,17.838228828324887,34.33403982219081,1.8694277809150046
2024-09-09 21:00:00,21,342.89508265196247,13.920605743951226,41.49445882150524,1.0030631188998878
2024-09-09 22:00:00,22,304.93515271231485,16.941489790377176,22.0417485276393,1.1886105658954678
2024-09-09 23:00:00,23,9.841714763023475,15.973884470552754,5.323268274916092,0.04658906941667857
2024-09-10 00:00:00,0,14.797646005852501,15.071869563014033,35.52158011096309,0.04770644162673437
2024-09-10 01:00:00,1,166.74670038618711,15.283304709331125,53.78782757225859,0.38528636350017065
2024-09-10 02:00:00,2,395.40542986725865,12.976220050960114,35.98301945914892,1.2656330854779576
2024-09-10 03:00:00,3,321.01792814679465,15.525055499396782,36.362846293927454,1.0214333617941262
2024-09-10 04:00:00,4,397.731789695814,13.818908267712597,29.15647787006719,1.4088360422546589
2024-09-10 05:00:00,5,537.1271921347172,14.45561900571868,44.78237305546402,1.482944445853046
2024-09-10 06:00:00,6,600.181301161354,14.601441431968311,26.281291677241253,2.2122295140543837
2024-09-10 07:00:00,7,900.285928911954,14.892308756399636,20.922024377462765,3.5596394369906394
2024-09-10 08:00:00,8,989.9165473863615,18.338908935617052,52.105965057497315,2.3705548855342005
2024-09-10 09:00:00,9,949.4968587471928,15.183016078481714,19.389233634146358,3.8269834722790947
2024-09-10 10:00:00,10,1063.6294219438803,18.64349557586609,47.78941892903498,2.776635508193231
2024-09-10 11:00:00,11,1002.161531820229,20.18595342007524,52.11870923915418,2.399239384720951
2024-09-10 12:00:00,12,992.3910681839387,18.137222519264242,41.33633864124121,2.9108646779699745
2024-09-10 13:00:00,13,964.8018518495093,17.175794171301327,5.015289608547349,4.582071224153142
2024-09-10 14:00:00,14,941.0945469788633,16.552885194546356,30.543098184449953,3.2682755774330228
2024-09-10 15:00:00,15,800.0554080065643,18.168464693246005,25.960000058827653,2.961805118087032
2024-09-10 16:00:00,16,887.1657848730258,15.840470781884513,20.080014893293736,3.54511381571158
2024-09-10 17:00:00,17,790.1266274741118,18.52609810396739,32.85503174692855,2.6526513658827824
2024-09-10 18:00:00,18,766.7356391127777,17.414705981964847,45.38412694995096,2.0937968164365843
2024-09-10 19:00:00,19,616.2433087238095,14.492867183754631,20.82894679737603,2.4394315890366873
2024-09-10 20:00:00,20,486.98370387447255,18.25994120640421,26.57234651452651,1.7879035330583601
2024-09-10 21:00:00,21,312.9879899644794,15.8468285840285,25.178821323360246,1.1709065160387322
2024-09-10 22:00:00,22,264.591304048262,15.253992543258846,53.277420910886235,0.6181194064843334
2024-09-10 23:00:00,23,189.58517068534496,14.143791084898833,24.85798764378827,0.7122905619096351
2024-09-11 00:00:00,0,0.0,16.014440743502,5.311886844765091,0.0
2024-09-11 01:00:00,1,137.5240925145107,18.505772046117233,0.0,0.6876204625725535
2024-09-11 02:00:00,2,277.4624812248795,18.183204216657394,37.254591331319396,0.8704748387340593
2024-09-11 03:00:00,3,325.23824967562865,16.576565592255154,14.786365202281962,1.385736671505403
2024-09-11 04:00:00,4,452.9714956073599,17.315315122053388,43.37449010544957,1.2824870953231935
2024-09-11 05:00:00,5,627.2102969100177,19.331474574445956,3.3756002298573726,3.0301909234291706
2024-09-11 06:00:00,6,616.4330997231377,15.0664853263657,19.221756667787844,2.4897191463732713
2024-09-11 07:00:00,7,821.3472375111867,12.170124189287664,3.388623009597037,3.967574380160965
2024-09-11 08:00:00,8,794.3970538917025,19.419773756414003,38.692214310978464,2.4351362165991297
2024-09-11 09:00:00,9,1008.9078279539439,13.927049443786128,42.976950812493,2.87655003495393
2024-09-11 10:00:00,10,1152.9520459201324,13.44536982984657,36.77250315273201,3.644913592423318
2024-09-11 11:00:00,11,922.5843172376647,10.127790933874628,8.281273591923146,4.2309129290551875
2024-09-11 12:00:00,12,1042.736628989974,17.230233359371173,15.084725117786679,4.4272133740218065
2024-09-11 13:00:00,13,933.3055089832487,10.65202632622162,34.686279772231075,3.047882745038369
2024-09-11 14:00:00,14,1049.2021601928916,13.265607776803073,0.0,5.2460108009644575
2024-09-11 15:00:00,15,822.6588597844697,17.28109458342346,25.177301112241942,3.0776778076499873
2024-09-11 16:00:00,16,904.4723444586557,17.6821479571034,60.338107066717626,1.7936542643517048
2024-09-11 17:00:00,17,723.5142229400872,13.561271755223583,26.400889016392505,2.6625001796193004
2024-09-11 18:00:00,18,690.5480140586782,15.113924218901067,0.22910721936096934,3.44482959352658
2024-09-11 19:00:00,19,526.2794069969361,12.898600620659824,17.85181504647729,2.1616449031607283
2024-09-11 20:00:00,20,565.7880376716602,13.871193836444736,17.386153486448485,2.3370963051705016
2024-09-11 21:00:00,21,315.72500400992294,16.315029980337005,72.80617559673122,0.42928851593835865
2024-09-11 22:00:00,22,302.97618584906724,14.01144416348891,63.313581610277915,0.5557555558090538
2024-09-11 23:00:00,23,102.99834995906537,14.783739079351276,44.61870868203156,0.28520908121765315
2024-09-12 00:00:00,0,0.0,11.069069988842845,23.138481385172035,0.0
2024-09-12 01:00:00,1,142.34666481206185,18.862058528113955,54.01259321959446,0.32730769892731637
2024-09-12 02:00:00,2,197.87307136981292,16.993389813208744,7.330807218990827,0.916836889846979
2024-09-12 03:00:00,3,399.51280144836073,17.84190614920715,51.531506304885184,0.9681891849058764
2024-09-12 04:00:00,4,622.4267651483527,19.334466007546133,48.55947074840088,1.6008981109796026
2024-09-12 05:00:00,5,546.5138461421035,12.987551407058396,26.973085307014387,1.9955110010377428
2024-09-12 06:00:00,6,800.8515926484552,14.388006584611475,52.78372626701544,1.8906614008993052
2024-09-12 07:00:00,7,913.201150970258,10.0,21.055577410723004,3.604606878560509
2024-09-12 08:00:00,8,800.733004662195,24.884458764002254,4.698288038035329,3.8155613084377515
2024-09-12 09:00:00,9,807.4751641040424,15.014434087743416,49.55930025999842,2.036480615004025
2024-09-12 10:00:00,10,990.0826983028095,18.57937373344028,28.295141417210814,3.5496869933534643
2024-09-12 11:00:00,11,947.6522595524604,11.748706600689168,42.03561206597335,2.746504159962786
2024-09-12 12:00:00,12,1149.4882575330403,18.452355310624572,66.41773183118812,1.9301211460687424
2024-09-12 13:00:00,13,994.2294646137968,21.03596266364454,15.554918552074064,4.197889405861994
2024-09-12 14:00:00,14,901.7498736462542,15.2823477866116,27.132409903200493,3.2854170081348
2024-09-12 15:00:00,15,832.1067716303498,12.43054554392674,61.39269009155428,1.6062702004624594
2024-09-12 16:00:00,16,953.2178005117051,15.046800830858936,43.37463461710567,2.698815312172709
2024-09-12 17:00:00,17,747.6586223645004,10.0,16.004345115908073,3.1400037807622097
2024-09-12 18:00:00,18,710.6130851433819,15.34952993063002,10.899645929210429,3.165793874680573
2024-09-12 19:00:00,19,685.2256486177191,17.926091451634534,19.43838719793309,2.760144169299292
2024-09-12 20:00:00,20,461.25933184553344,15.355917100575002,15.231705903942434,1.9550083348216596
2024-09-12 21:00:00,21,379.00912606587707,14.610771369628642,34.74696238979062,1.236574837889463
2024-09-12 22:00:00,22,257.49357231671945,17.045894382031644,31.568690143951994,0.8810311216573067
2024-09-12 23:00:00,23,185.19215314133936,17.275264574544202,35.58475508550703,0.5964598950420832
2024-09-13 00:00:00,0,47.25954684082606,10.433105142611486,13.183743968804354,0.20514484592257193
2024-09-13 01:00:00,1,112.91709371966529,15.6792907169634,28.583321849494897,0.4032081869933878
2024-09-13 02:00:00,2,263.9109700222422,22.720777202814766,0.0,1.319554850111211
2024-09-13 03:00:00,3,352.94111144321073,11.407773093182964,32.90012634722733,1.18411519923543
2024-09-13 04:00:00,4,381.7910074464443,15.156565331627835,53.5088128991173,0.8874958580313572
2024-09-13 05:00:00,5,629.369497600571,21.23806019628214,1.5050818130763943,3.0994848587756723
2024-09-13 06:00:00,6,858.4821220531929,18.725347299758063,39.668564612949226,2.5896729338795224
2024-09-13 07:00:00,7,722.6558090359503,13.87263178779885,17.779712964788736,2.9708484023299326
2024-09-13 08:00:00,8,804.1830270162222,16.031227968994845,46.050023073867386,2.1692827875956335
2024-09-13 09:00:00,9,854.2213107797872,15.406486790172565,33.172949024245575,2.8542545540028303
2024-09-13 10:00:00,10,1023.8931685869181,13.168606417162032,38.09408225320882,3.1692523138021573
2024-09-13 11:00:00,11,1027.3236977095255,15.190065507647788,31.296477975108807,3.5290378146139525
2024-09-13 12:00:00,12,987.3169846066835,14.572923431707448,56.566636127687055,2.144124892486844
2024-09-13 13:00:00,13,918.003336442693,15.751068644357284,36.948209553902046,2.8940876999101723
2024-09-13 14:00:00,14,973.3159696202624,13.167672288053934,15.891525719950977,4.093206059858341
2024-09-13 15:00:00,15,798.7097623244225,11.582967229393052,31.974301046420074,2.716639492158327
2024-09-13 16:00:00,16,877.4995291330382,15.288979509949922,22.622379140679012,3.3949412934744463
2024-09-13 17:00:00,17,863.07529117827,20.558176484663374,33.247998130391785,2.8806001725172266
2024-09-13 18:00:00,18,607.0108502558535,15.659430608915423,21.604605752663744,2.3793427459109213
2024-09-13 19:00:00,19,486.15996686234763,14.418040493332398,16.463785289073705,2.030598168783494
2024-09-13 20:00:00,20,626.3550313355886,17.67507924524253,33.98544425496892,2.067427456614195
2024-09-13 21:00:00,21,333.7426612047231,14.937862992340898,31.115792572331074,1.1494799350944191
2024-09-13 22:00:00,22,349.6948727780268,21.016920605004366,51.27911690091695,0.8518721508483482
2024-09-13 23:00:00,23,118.20637900422545,15.401084302241799,21.700882417343742,0.462772758433594
2024-09-14 00:00:00,0,0.0,17.466785703833004,0.0,0.0
2024-09-14 01:00:00,1,165.5992081797832,13.101481367178696,22.722584030733742,0.6398539447345114
2024-09-14 02:00:00,2,188.09913656280557,16.8745622743685,0.0,0.9404956828140278
2024-09-14 03:00:00,3,393.2832038447414,16.190574945189777,38.313439481931525,1.2130144077354248
2024-09-14 04:00:00,4,469.4808468140725,15.19577614038089,0.0,2.3474042340703623
2024-09-14 05:00:00,5,503.1219535363181,13.860021230849352,10.23257875171797,2.258198017117662
2024-09-14 06:00:00,6,734.1053471646595,13.451204017401391,22.75331083450274,2.8353603783578953
2024-09-14 07:00:00,7,772.2887157410021,16.21235250629747,60.8790120952229,1.5106348753749794
2024-09-14 08:00:00,8,853.4634175088619,17.252111843447935,8.542197685701648,3.9027944260505487
2024-09-14 09:00:00,9,827.066657038154,14.98380612547612,30.248099662931725,2.884473551691877
2024-09-14 10:00:00,10,1093.2378557100926,16.22709830172089,41.59953153914518,3.19228014563049
2024-09-14 11:00:00,11,1061.5819962846995,15.251550479960205,59.681211064413944,2.140085022301045
2024-09-14 12:00:00,12,1077.1324707337583,15.660872589074676,45.5558950344282,2.9321756649227217
2024-09-14 13:00:00,13,967.0092851784757,14.763959566326838,51.87813903264931,2.326714318774789
2024-09-14 14:00:00,14,827.5911951287949,15.419212252463439,47.28614117703083,2.1812762711575813
2024-09-14 15:00:00,15,1080.1129231104476,23.45941588481079,5.817540572077217,5.08638457792124
2024-09-14 16:00:00,16,861.1376031439693,16.30019741078079,37.193842086340936,2.7042372144225006
2024-09-14 17:00:00,17,733.449356609631,17.301185389651643,46.97321904344446,1.9446229187832746
2024-09-14 18:00:00,18,740.4509071451968,16.679365330342804,10.869994206519603,3.29981968218196
2024-09-14 19:00:00,19,702.1310920489846,14.576844044467336,18.40480246551955,2.864526257541869
2024-09-14 20:00:00,20,498.1559555131626,19.247262154233518,13.936154097458875,2.1436608695358976
2024-09-14 21:00:00,21,484.9694458002399,14.49180320307949,45.45245971936066,1.322694518983396
2024-09-14 22:00:00,22,345.4590401838705,18.530458161186168,28.61437759341736,1.233040429975312
2024-09-14 23:00:00,23,44.415697227887335,14.362673520159166,23.58308211329806,0.1697055343972041
2024-09-15 00:00:00,0,0.0,12.440704612327234,4.366601666940248,0.0
2024-09-15 01:00:00,1,207.12916528243295,16.416810794467935,28.65211493612415,0.7389113938973784
2024-09-15 02:00:00,2,41.81003999768578,12.006617101453037,18.64823290030502,0.17006603181603325
2024-09-15 03:00:00,3,370.7269769118907,16.927542844809185,34.86679130528324,1.207331877798181
2024-09-15 04:00:00,4,385.53350387002615,11.738146201485407,7.140656027090984,1.7900194124473805
2024-09-15 05:00:00,5,570.6371248940386,14.363598078340797,33.55812519012401,1.8957100207038642
2024-09-15 06:00:00,6,683.2011740642113,11.025433080185133,21.220984590023587,2.691095790985924
2024-09-15 07:00:00,7,764.6937900586347,23.793123197967546,5.01406148529707,3.6317578662542314
2024-09-15 08:00:00,8,821.8445036154297,10.358743490910413,3.454319242437066,3.9672768539206524
2024-09-15 09:00:00,9,836.1080405409815,15.35006339094857,6.459592239546119,3.910494352199876
2024-09-15 10:00:00,10,1149.2787276345632,18.750534992749397,25.872018851189157,4.259685592841211
2024-09-15 11:00:00,11,1140.8418217067183,18.429779895520433,32.41990868727001,3.854909724216063
2024-09-15 12:00:00,12,907.0347343794974,17.87464853627877,35.396472647543625,2.9298821636056935
2024-09-15 13:00:00,13,1118.0142014780956,14.36893700509493,36.15105835456895,3.5692011754469055
2024-09-15 14:00:00,14,933.9685870512402,19.373889008770362,14.829534780415994,3.977326952981583
2024-09-15 15:00:00,15,934.2145303778236,18.060795442165904,51.16805816190351,2.2809754805857256
2024-09-15 16:00:00,16,860.9634869926855,15.957521022740787,21.155489479836938,3.394112235383553
2024-09-15 17:00:00,17,740.5734489909181,16.04236444293913,39.00299520119464,2.2586381110983433
2024-09-15 18:00:00,18,785.8149686750394,14.40885422691324,26.716891330123666,2.879348187191419
2024-09-15 19:00:00,19,618.8323514548533,12.591666092260242,37.51242463406083,1.933466660020825
2024-09-15 20:00:00,20,461.87588614246056,19.032075096195506,25.713438677101724,1.7155585669744942
2024-09-15 21:00:00,21,278.3162768610521,19.25724615056395,37.872697531491326,0.8645519757227892
2024-09-15 22:00:00,22,187.3314440049914,12.668294746669593,29.852222602393528,0.6570442216817158
2024-09-15 23:00:00,23,0.0,14.859266674320782,46.276811413013775,0.0
2024-09-16 00:00:00,0,0.9778838732135573,14.848548384332599,13.626299135776033,0.004223172457244826
2024-09-16 01:00:00,1,34.7929448372999,15.180850322488457,0.0,0.1739647241864995
2024-09-16 02:00:00,2,237.5742041010375,15.471702669472132,10.532851611318065,1.0627543285815266
2024-09-16 03:00:00,3,492.2915806539195,18.119402418647926,51.37836830476068,1.196800996061104
2024-09-16 04:00:00,4,595.9439658337267,13.037166108249156,26.908823602245207,2.177912276496524
2024-09-16 05:00:00,5,606.1792774805111,12.739777059171407,31.841245910931246,2.0658212153841764
2024-09-16 06:00:00,6,700.1400030950956,18.988677260138314,8.927267719072258,3.188183153052378
2024-09-16 07:00:00,7,943.743304244916,13.890883808065492,31.31107450300557,3.241235675678319
2024-09-16 08:00:00,8,907.6858934131353,11.489711972978188,9.543747118546072,4.10529323557535
2024-09-16 09:00:00,9,897.6550157211648,13.823428207409776,12.484374498944899,3.9279420092498594
2024-09-16 10:00:00,10,851.8443769194322,14.288659827977384,21.95032634352239,3.3243087812333596
2024-09-16 11:00:00,11,1022.9547188269897,19.94370621688668,38.90194515684291,3.1250271756478876
2024-09-16 12:00:00,12,1066.345901806629,18.0532966708396,41.0369516128502,3.143750250283158
2024-09-16 13:00:00,13,940.9127394127187,18.72137988360611,41.580897958756736,2.7483638667828676
2024-09-16 14:00:00,14,989.222046700111,17.738738960749746,0.0,4.946110233500555
2024-09-16 15:00:00,15,894.7936689180844,18.11754904855533,29.86670999219477,3.1377411939690036
2024-09-16 16:00:00,16,851.3028118485184,13.214571653968433,26.06436333234528,3.1470807695492446
2024-09-16 17:00:00,17,594.3275756862488,14.683011567648933,0.0,2.971637878431244
2024-09-16 18:00:00,18,689.3642688892568,12.30907209463874,30.319675334443968,2.4017563034518536
2024-09-16 19:00:00,19,686.3109732013651,14.647353942098286,24.991455651264772,2.573959353519911
2024-09-16 20:00:00,20,449.48779555467524,17.33113300651361,40.23051344235775,1.3432827377114702
2024-09-16 21:00:00,21,386.8855418223152,15.682567888146128,31.62494152479605,1.3226660772655883
2024-09-16 22:00:00,22,198.34298856716742,19.213260490590272,19.013589394334936,0.8031543356427676
2024-09-16 23:00:00,23,159.36152632347384,11.854570657027729,48.51524900913955,0.4102344250143751
2024-09-17 00:00:00,0,0.0,16.740609545771036,0.0,0.0
2024-09-17 01:00:00,1,55.38686896549102,11.494986088068362,28.714697431407796,0.19741348562659983
2024-09-17 02:00:00,2,365.42316251573106,15.522423901197245,0.0,1.827115812578655
2024-09-17 03:00:00,3,456.997993447667,17.460894761345752,11.756134575877603,2.0163634716444947
2024-09-17 04:00:00,4,451.6074588857459,14.59638679320366,40.49627406018699,1.34361632329564
2024-09-17 05:00:00,5,648.5844937621428,16.893274305937183,4.516050391183942,3.0964704559721956
2024-09-17 06:00:00,6,750.099741412178,12.360697489177515,1.5256436259213046,3.6932794625963545
2024-09-17 07:00:00,7,844.7374390921294,10.248824559087168,77.63889966831249,0.9444629314735936
2024-09-17 08:00:00,8,730.4849321048323,16.910983361139728,2.814218971596709,3.549637432804414
2024-09-17 09:00:00,9,1004.4080557938968,20.471925195903516,63.01041806175947,1.857631703960861
2024-09-17 10:00:00,10,920.3499092550098,12.25175967316664,26.55595670841479,3.3797109289365728
2024-09-17 11:00:00,11,962.8186266985089,18.9064770339967,19.503417571220496,3.87518044740004
2024-09-17 12:00:00,12,1211.030540180816,15.370164720125551,41.335727811764094,3.5522112618716872
2024-09-17 13:00:00,13,1015.5947318314911,11.232819928597088,56.731881510889984,2.1971436596900435
2024-09-17 14:00:00,14,935.0200282532944,11.84537858961983,7.078641157833431,4.344166578496854
2024-09-17 15:00:00,15,747.4559826908144,15.287248813758268,19.795004205429393,2.9974851974171703
2024-09-17 16:00:00,16,977.2065345001472,14.026507629904007,46.93739469368505,2.5926562321466577
2024-09-17 17:00:00,17,685.7365666265471,11.3011555634016,35.75988624854,2.2025897521812503
2024-09-17 18:00:00,18,626.8316689065874,10.157776650000102,52.038356612827656,1.5031938483941916
2024-09-17 19:00:00,19,582.2532450816927,12.699736509896798,40.30223908863559,1.7379607507376478
2024-09-17 20:00:00,20,613.3129433360233,15.821321518669672,66.16448018298297,1.037588112413953
2024-09-17 21:00:00,21,444.54263129835067,15.220692235866903,33.571771976673006,1.4765089638988307
2024-09-17 22:00:00,22,246.19204431530025,13.736180621176082,34.43622296661924,0.807064015044027
2024-09-17 23:00:00,23,155.18955731115767,15.845556076550766,36.43442744031597,0.49323565328838176
2024-09-18 00:00:00,0,0.0,18.32394324313316,27.15022296546884,0.0
2024-09-18 01:00:00,1,141.69848738527963,16.386242614847543,46.96174317601849,0.3757720382755082
2024-09-18 02:00:00,2,264.68598468477177,14.839937069376358,34.74082447726052,0.8636594566476328
2024-09-18 03:00:00,3,460.1850240195981,17.988079103527166,45.76360018290288,1.2479389476283684
2024-09-18 04:00:00,4,577.3742497951158,12.324312176896214,48.8899970724832,1.4754799798650593
2024-09-18 05:00:00,5,648.2796195851722,14.529104464879046,38.56909363120655,1.9912202305766875
2024-09-18 06:00:00,6,678.1189765828593,14.600599276743996,40.03432648468394,2.0331930577154003
2024-09-18 07:00:00,7,852.6991238424455,11.493003308216565,9.793404248069322,3.8459542581240473
2024-09-18 08:00:00,8,858.6679264881948,13.944240596692026,18.992928243603576,3.477908716797266
2024-09-18 09:00:00,9,837.326383014236,10.0,46.86766905981463,2.2244551243630397
2024-09-18 10:00:00,10,933.6628029361933,20.94039722653396,58.47262363637027,1.9386283307126377
2024-09-18 11:00:00,11,998.2070200765562,12.391621718236161,0.0,4.99103510038278
2024-09-18 12:00:00,12,1072.8172626931796,19.962205477809036,18.642737054971704,4.3640738066447256
2024-09-18 13:00:00,13,976.762607601238,15.318116600703577,30.472412048293002,3.3955974053966873
2024-09-18 14:00:00,14,869.1899293899,16.898455480012977,12.414510758386442,3.806421260474897
2024-09-18 15:00:00,15,928.4188671750323,13.737463688492305,13.549607116366342,4.013108791392981
2024-09-18 16:00:00,16,875.1018869889629,15.827652159430123,39.4983974758761,2.647253326735852
2024-09-18 17:00:00,17,808.2203506034556,17.15533200351041,61.62751938342867,1.550670986872479
2024-09-18 18:00:00,18,780.6965024629021,17.19752032672765,0.0,3.9034825123145107
2024-09-18 19:00:00,19,690.2752882159126,17.52818325376817,26.590477020366077,2.5336389816279734
2024-09-18 20:00:00,20,452.46313020946656,14.09886495342757,39.26560683580776,1.3740036821221424
2024-09-18 21:00:00,21,333.39195572117444,13.762784066071035,45.60427944400483,0.906754782951286
2024-09-18 22:00:00,22,175.6031482260832,10.42133410774229,36.38254686138077,0.5585712526633427
2024-09-18 23:00:00,23,186.4314458424901,16.77352011707591,65.2280509987223,0.3241292363534765
2024-09-19 00:00:00,0,115.90560866701723,18.417870614170507,30.578131866515882,0.40231919404064426
2024-09-19 01:00:00,1,105.3196379873377,20.018679519953967,56.23985580784195,0.23044012722958926
2024-09-19 02:00:00,2,239.50459992452136,16.0862523839417,17.07264659308062,0.9930741300261811
2024-09-19 03:00:00,3,500.0260369170079,12.871295161474471,31.159658931776995,1.7210981462179344
2024-09-19 04:00:00,4,540.4446282572005,10.07944605033181,5.745698484022984,2.5469615472222142
2024-09-19 05:00:00,5,643.660285392805,18.295734679450227,48.017288810979885,1.672960335970822
2024-09-19 06:00:00,6,611.8334607086495,10.0,27.591142747176473,2.2151080859476804
2024-09-19 07:00:00,7,847.6515858335888,14.148922246968878,37.15642125039796,2.6634729593279096
2024-09-19 08:00:00,8,791.6944965436578,14.49781399636924,23.732627374298524,3.019022958680614
2024-09-19 09:00:00,9,833.15791763649,14.96236906664712,41.72857003318032,2.4274651624428025
2024-09-19 10:00:00,10,938.1841001477314,15.278142280307698,37.94867947711504,2.910778115387064
2024-09-19 11:00:00,11,944.581443497915,15.585177149302902,10.106971400575873,4.24556433574217
2024-09-19 12:00:00,12,982.2720244491968,10.0,11.26465134833979,4.358112528013579
2024-09-19 13:00:00,13,876.1663306118168,15.214702209810557,29.444625393172963,3.09091218371029
2024-09-19 14:00:00,14,1042.6311308064824,10.0,43.19147914813315,2.9615166167612785
2024-09-19 15:00:00,15,1014.0944360726012,17.36738869947316,67.25791106227695,1.6601785108569609
2024-09-19 16:00:00,16,710.2380058531736,13.505359012789341,36.05981713331458,2.270637398656095
2024-09-19 17:00:00,17,871.6299647445594,10.0,50.1506280497708,2.172510315775835
2024-09-19 18:00:00,18,642.2644908008176,12.72812044804405,0.0,3.211322454004088
2024-09-19 19:00:00,19,677.3194719673436,13.460508462646217,70.25911698867965,1.007203958853502
2024-09-19 20:00:00,20,494.52428058668664,18.742833332865192,42.113724222583855,1.431308444233463
2024-09-19 21:00:00,21,384.9854774915698,15.760647705450912,29.007909776824405,1.366546187634693
2024-09-19 22:00:00,22,244.01123314882355,16.204069313251917,26.706079050841492,0.894227001655828
2024-09-19 23:00:00,23,227.4965285587309,18.71439938286198,7.856004042820036,1.0481219603894087
2024-09-20 00:00:00,0,0.0,14.852085636588228,13.574264085596582,0.0
2024-09-20 01:00:00,1,179.15341931885226,17.40308238345891,68.20871264266827,0.2847758917307088
2024-09-20 02:00:00,2,346.92545829368487,17.192101842157673,10.21991123427975,1.5573499220347604
2024-09-20 03:00:00,3,439.9906388083227,11.281110019653461,9.8346448426731,1.9835956107025776
2024-09-20 04:00:00,4,685.9759131458733,19.559469233251185,15.955590278488419,2.8826220351759906
2024-09-20 05:00:00,5,566.4456879907447,10.879613160149614,6.036384940774546,2.661264228916023
2024-09-20 06:00:00,6,783.69116699403,17.89261844879524,30.3061314969102,2.7309234569757463
2024-09-20 07:00:00,7,784.8660894639218,10.589299389644799,51.77821025330478,1.8923823772720059
2024-09-20 08:00:00,8,964.697889892652,16.944228864816715,17.79015347455933,3.9653832735745693
2024-09-20 09:00:00,9,923.264412853577,20.726263134812214,2.533514404783574,4.499366879798456
2024-09-20 10:00:00,10,934.8957637400708,14.501582530711064,35.83722626029308,2.999275267953233
2024-09-20 11:00:00,11,1095.9306376835405,14.371451571802258,28.88451324640374,3.896882037352207
2024-09-20 12:00:00,12,960.6750448784856,16.971838498312245,50.05449100163249,2.399070204924275
2024-09-20 13:00:00,13,878.4268006617657,14.152329132474069,20.90983401395459,3.4737460735464936
2024-09-20 14:00:00,14,924.5780756351622,20.59535461159016,24.796864407466497,3.4765585193937403
2024-09-20 15:00:00,15,973.4021682383694,15.717095248737785,27.00939270913462,3.5524607698981847
2024-09-20 16:00:00,16,977.388503911406,14.18000997569952,31.780082211069644,3.333868169234087
2024-09-20 17:00:00,17,802.2436903149563,13.519661916674647,22.148766452848204,3.1227830448219294
2024-09-20 18:00:00,18,812.5625465652697,12.341673089842635,18.907117839079824,3.294651941849731
2024-09-20 19:00:00,19,500.1074352905132,13.257253540089229,0.0,2.500537176452566
2024-09-20 20:00:00,20,464.5389228145676,14.088498319385907,18.69225581759766,1.8885305949487805
2024-09-20 21:00:00,21,359.59742299276184,13.677601279865957,44.30446536163504,1.0013985364080071
2024-09-20 22:00:00,22,249.65429090471946,13.165992677950385,47.00491038737772,0.661522575933564
2024-09-20 23:00:00,23,137.2537432800677,21.437042191419017,20.57773952817399,0.5450501274761338
2024-09-21 00:00:00,0,55.27287659137542,12.022938868208126,55.98971996363524,0.12162873886009312
2024-09-21 01:00:00,1,94.94164516641234,15.553121860615121,29.425918565992905,0.33502096987264957
2024-09-21 02:00:00,2,269.9413400587709,16.89078712695921,3.243072563681043,1.3059347326064599
2024-09-21 03:00:00,3,379.07360113916565,17.003548084427795,0.0,1.8953680056958282
2024-09-21 04:00:00,4,425.9288076887079,14.93740287032918,54.365158452394525,0.9718596824717354
2024-09-21 05:00:00,5,599.6680938822058,14.391116382134667,22.539925494778522,2.3225167615259905
2024-09-21 06:00:00,6,695.6140187947781,16.467866571395117,5.718709538548417,3.2791693677524054
2024-09-21 07:00:00,7,780.1468950909916,15.912789047611199,0.0,3.9007344754549584
2024-09-21 08:00:00,8,868.5661603109545,14.336347593374056,22.08567778249714,3.3836871840843474
2024-09-21 09:00:00,9,929.9334157603574,10.427588382503304,38.095017179927225,2.878375606322826
2024-09-21 10:00:00,10,931.3422119604819,13.709452930676854,16.046177119075907,3.9094869552229183
2024-09-21 11:00:00,11,1093.2620400915114,11.673573606554223,8.935096797322572,4.977890092804757
2024-09-21 12:00:00,12,906.4415496637587,13.111745447477617,19.01248462786545,3.670522446866756
2024-09-21 13:00:00,13,933.7672526962185,15.212893813227474,54.863840382897116,2.1073333881460083
2024-09-21 14:00:00,14,1188.3229162269529,16.189432529666444,2.1403676464961876,5.814442184960656
2024-09-21 15:00:00,15,840.8402241121485,20.454582351553814,17.165979391549655,3.4825088226259853
2024-09-21 16:00:00,16,757.7250298076581,13.501004960965155,54.21515479235181,1.7346161599852117
2024-09-21 17:00:00,17,852.1114798913328,17.437101003502047,39.88352578847507,2.5612968903115827
2024-09-21 18:00:00,18,540.9371928846377,16.031104170990105,33.58255627557912,1.7963832783430813
2024-09-21 19:00:00,19,589.9395162109256,19.001217109595967,17.031077291675025,2.447332306154546
2024-09-21 20:00:00,20,671.665994006119,16.841910256463475,30.61009629000856,2.3303419324680146
2024-09-21 21:00:00,21,259.0885585928179,12.087779815817647,19.243418630933988,1.0461553131897463
2024-09-21 22:00:00,22,100.26188624342399,10.0,12.81227737858498,0.4370802763645758
2024-09-21 23:00:00,23,10.591696063436132,16.04700919667911,8.398850493965195,0.04851057673146467
2024-09-22 00:00:00,0,71.86876546775885,13.503506366364284,45.681911927449974,0.19518869661715835
2024-09-22 01:00:00,1,220.50832981891656,12.147918122213664,28.79187735567729,0.7850992096920086
2024-09-22 02:00:00,2,217.8119413442401,11.286126246466223,36.29027487605392,0.6938369455877301
2024-09-22 03:00:00,3,437.3404246851753,15.571785852826922,33.03346371602807,1.4643586709063743
2024-09-22 04:00:00,4,611.2204262009591,19.61198245800555,38.81837655616719,1.869772897850304
2024-09-22 05:00:00,5,751.7491421631066,13.862842322947332,24.905624200282162,2.8226066294355916
2024-09-22 06:00:00,6,687.3999586921597,16.859670293291423,20.366850978908516,2.736991167381244
2024-09-22 07:00:00,7,609.2356028776364,14.782060309412678,13.694393412177554,2.6290224130626063
2024-09-22 08:00:00,8,800.3550899916636,11.220713092755277,1.7206173318577278,3.9329202079843073
2024-09-22 09:00:00,9,889.735196916466,17.29329339059671,7.559336587541669,4.112385593218619
2024-09-22 10:00:00,10,945.2107225627972,11.804783227983343,22.69164557799557,3.653634277168181
2024-09-22 11:00:00,11,976.4161092931126,15.153739251846151,0.0,4.882080546465563
2024-09-22 12:00:00,12,1089.5115678344534,14.06429811504954,2.354281917279394,5.319306970031297
2024-09-22 13:00:00,13,1093.3991355088167,17.768091663762533,50.84279785270355,2.687422116594304
2024-09-22 14:00:00,14,952.1919339750858,11.914406382653397,34.48358969707585,3.119209871672329
2024-09-22 15:00:00,15,1011.7583225954323,16.261469083471336,20.963265435929586,3.9983036992982153
2024-09-22 16:00:00,16,894.6383131149258,12.569467138019354,75.4314891780912,1.0989965538729147
2024-09-22 17:00:00,17,798.513818120241,13.5555437230791,0.0,3.9925690906012052
2024-09-22 18:00:00,18,779.6303137553448,10.0,49.51222552923644,1.9680899725725238
2024-09-22 19:00:00,19,614.5415928677539,21.36515507491918,27.770678344411678,2.2193961190991303
2024-09-22 20:00:00,20,664.6248941678209,16.74053015854415,45.700940458256234,1.8044253350671828
2024-09-22 21:00:00,21,267.6105390215252,12.786816902250962,32.17907434541614,0.9074797235680987
2024-09-22 22:00:00,22,217.60537317515963,11.714892295066473,0.0,1.088026865875798
2024-09-22 23:00:00,23,120.40468046373597,13.601913101427435,31.90920935117657,0.4099224945297363
2024-09-23 00:00:00,0,35.15621523663925,17.218070111784215,36.71111709279196,0.11124987947861324
2024-09-23 01:00:00,1,231.9630311882987,10.0,0.0,1.1598151559414935
2024-09-23 02:00:00,2,256.8671597236283,14.642678249442845,68.88096587603798,0.39967289543823953
2024-09-23 03:00:00,3,268.9050604045932,20.379357124713877,36.22415188345544,0.8574824145066788
2024-09-23 04:00:00,4,567.4011117164002,11.665592499422447,43.43975480272991,1.6046173001941622
2024-09-23 05:00:00,5,669.1581303000778,15.308586623616824,6.689412208473765,3.121976923188948
2024-09-23 06:00:00,6,551.7580884361951,21.677360953099132,43.81235044291236,1.550099505667075
2024-09-23 07:00:00,7,793.0490095975714,16.963886396398177,51.79008919126112,1.9116411009828813
2024-09-23 08:00:00,8,738.8140573300146,15.445202968782224,35.07136456275692,2.3985094292145464
2024-09-23 09:00:00,9,870.7074447111215,16.587340872052867,29.81256882958471,3.055635942261501
2024-09-23 10:00:00,10,893.7011121320444,13.864835502296751,12.12823750203167,3.926554593471858
2024-09-23 11:00:00,11,1056.1860372331691,18.96632536323618,25.675861644333484,3.9250058580320597
2024-09-23 12:00:00,12,1009.3464139337747,13.869441438625223,19.759409714814396,4.049527602814068
2024-09-23 13:00:00,13,888.597581313328,10.0,41.43991274785368,2.6018175946877338
2024-09-23 14:00:00,14,1036.331103325656,13.89352219550448,13.00248149765195,4.5079117168066265
2024-09-23 15:00:00,15,809.1750665970137,12.167227917695747,41.293014430071146,2.3752114479128554
2024-09-23 16:00:00,16,892.4345070221142,14.22384947073357,13.220288745406869,3.8722604416507123
2024-09-23 17:00:00,17,728.2324867479109,14.290179330083966,24.75294891679963,2.739867356538304
2024-09-23 18:00:00,18,677.852614584106,18.65970110674058,42.320887940256334,1.9548968458293443
2024-09-23 19:00:00,19,649.1030888517914,17.153309687319016,15.924065600279123,2.7286974358479705
2024-09-23 20:00:00,20,541.7159519247622,15.857227970052048,43.01072977955204,1.5435998383483733
2024-09-23 21:00:00,21,489.6409582495667,15.058595273328073,41.059883153427364,1.4429747646048627
2024-09-23 22:00:00,22,252.23874912880478,11.890857480751876,24.58098653246113,0.9511798808790244
2024-09-23 23:00:00,23,155.04226125711926,10.0,53.23566402711579,0.3625224197711807
2024-09-24 00:00:00,0,0.0,15.388426923171375,31.555686839542286,0.0
2024-09-24 01:00:00,1,145.08538282987539,17.432870499714003,52.045530531707,0.34787462806054303
2024-09-24 02:00:00,2,293.97792894320173,14.723945239259258,65.86929849754357,0.5016836470535383
2024-09-24 03:00:00,3,374.8186445687397,13.444383920632925,25.173979565973774,1.4023093778777262
2024-09-24 04:00:00,4,355.69996127260015,16.442453384635662,42.899099680547934,1.015539401612985
2024-09-24 05:00:00,5,635.2791007151923,14.798950287119984,17.24864149354249,2.62851043074714
2024-09-24 06:00:00,6,736.2716993749841,20.10617946491491,9.343711809836037,3.337382968240016
2024-09-24 07:00:00,7,738.9394621833992,18.74713191519788,26.09080685227143,2.730720971749576
2024-09-24 08:00:00,8,763.2744408986373,17.927471060063013,2.74799440501074,3.7114985098393283
2024-09-24 09:00:00,9,1041.949864551604,17.32214923162274,11.247844407053801,4.623764824936659
2024-09-24 10:00:00,10,1005.2414671606206,11.178444645638654,41.828651986421356,2.9238125611940426
2024-09-24 11:00:00,11,973.1183789000735,17.037927995150824,19.72701969102323,3.9057556233874497
2024-09-24 12:00:00,12,909.037369348201,16.17792476193275,44.21028174243723,2.5357469360766083
2024-09-24 13:00:00,13,925.6996751001026,16.868221074166517,35.988238760349745,2.962783329106479
2024-09-24 14:00:00,14,1070.133058031967,16.526775349432185,67.02308124038231,1.764484545835071
2024-09-24 15:00:00,15,934.8924877807304,16.407234652537223,40.48674571152092,2.781924717884172
2024-09-24 16:00:00,16,821.9784384243821,23.151546297641808,52.28436140558628,1.9610613050129186
2024-09-24 17:00:00,17,834.1284787892079,14.820389879137268,38.03769326255093,2.584226233058934
2024-09-24 18:00:00,18,641.9549261908418,17.857959031481016,36.22787002156145,2.0469416496670645
2024-09-24 19:00:00,19,728.828871431151,13.635977458201015,53.2946608422663,1.7020099814070098
2024-09-24 20:00:00,20,608.2240427917379,17.420871640656042,43.37594931730529,1.7220054512736425
2024-09-24 21:00:00,21,345.3575066688678,17.866906559690392,34.20127225914856,1.1362042277282063
2024-09-24 22:00:00,22,208.5254253400522,16.14222512039907,34.11309331859435,0.686954762004022
2024-09-24 23:00:00,23,0.0,20.056687716122525,40.764586236608324,0.0
2024-09-25 00:00:00,0,0.0,12.380582873377048,16.5725296108023,0.0
2024-09-25 01:00:00,1,23.368610223431077,13.571748157453634,15.724010677226035,0.0984706372838972
2024-09-25 02:00:00,2,269.63427238151166,15.670551240528768,58.508118647458645,0.5593816619116251
2024-09-25 03:00:00,3,356.584736009781,17.675831542910966,67.28827327719995,0.5832251218936877
2024-09-25 04:00:00,4,392.3731610067806,15.5716995463431,11.422350831796685,1.7377746099338784
2024-09-25 05:00:00,5,586.268305611556,18.890688091989997,16.620111351205914,2.444149302010436
2024-09-25 06:00:00,6,747.5337529983354,13.048341369559342,52.8504563900829,1.7622937643440009
2024-09-25 07:00:00,7,835.5804882844823,11.611675513992637,40.67039986284793,2.4787328126162307
2024-09-25 08:00:00,8,714.051781315728,15.957795992067814,43.52856210641844,2.0161765410686208
2024-09-25 09:00:00,9,913.6184540725801,14.80187015411721,47.93202589706114,2.3785131003309075
2024-09-25 10:00:00,10,855.2585641313395,16.66200214353296,25.185356765118488,3.1992932174531603
2024-09-25 11:00:00,11,1063.5831571450321,14.951204109858788,36.599398499803726,3.3715905954236405
2024-09-25 12:00:00,12,1062.73171330828,14.013351610587929,35.04384301396184,3.451548400184696
2024-09-25 13:00:00,13,919.6026832678535,14.80859826728713,12.83016799509079,4.008080570586126
2024-09-25 14:00:00,14,904.6422100970365,15.119957666837854,36.30181886431408,2.8812031680874135
2024-09-25 15:00:00,15,886.9781684714222,14.118467082913309,54.75421392299336,2.0066012232816566
2024-09-25 16:00:00,16,685.8019322059315,14.424014843488015,23.317335223132773,2.629455983533764
2024-09-25 17:00:00,17,820.2307941664815,13.822630971497569,33.05138497481868,2.7456657835225258
2024-09-25 18:00:00,18,685.2792174793371,17.60340634206652,34.13417832021712,2.2568239369677587
2024-09-25 19:00:00,19,686.3754356141494,15.615473995975698,24.306708991294585,2.5977007794584375
2024-09-25 20:00:00,20,412.12726256299567,21.803668398964597,43.53802475388716,1.1634759648540054
2024-09-25 21:00:00,21,333.1535965050954,15.515524636293685,16.398687374900252,1.392603898679941
2024-09-25 22:00:00,22,138.29702445939182,13.380838571472314,56.65291037391868,0.29973867571308094
2024-09-25 23:00:00,23,50.18294714051174,23.045437107047494,42.524111232644906,0.14421547439330565
2024-09-26 00:00:00,0,0.0,16.261707524489083,11.26462798654211,0.0
2024-09-26 01:00:00,1,210.20408652776723,17.991202752024527,63.96019369772507,0.37878572812036854
2024-09-26 02:00:00,2,202.95809720240942,16.79713734095355,33.36202922523191,0.6762357874938351
2024-09-26 03:00:00,3,392.61748714465887,16.889861479239322,15.541049655298966,1.658003042560602
2024-09-26 04:00:00,4,469.5389276910555,16.6277905454035,52.09109049982382,1.124754899678027
2024-09-26 05:00:00,5,507.2042077276956,11.71457469701788,39.8934303889605,1.5243152509398437
2024-09-26 06:00:00,6,693.6427473328162,16.123415534030315,0.0,3.468213736664081
2024-09-26 07:00:00,7,841.2816068403229,11.04624447979536,19.486793655122927,3.3867139802842328
2024-09-26 08:00:00,8,769.4046523809703,14.497739882108474,35.58194674443087,2.478177493608
2024-09-26 09:00:00,9,988.6085557697969,12.843976021656216,0.0,4.943042778848985
2024-09-26 10:00:00,10,897.9481525708527,16.09323894889225,31.70140170774788,3.0664300079853293
2024-09-26 11:00:00,11,952.806147287983,16.02320713336078,33.1595874541052,3.1842977980496694
2024-09-26 12:00:00,12,1042.4546498408038,16.464266063641638,6.330162352483551,4.882327890274335
2024-09-26 13:00:00,13,938.3699687962512,15.88271810959334,35.41289772519927,3.0303298573122524
2024-09-26 14:00:00,14,968.9318150359377,13.20035236598688,30.14927678250067,3.3840294014352263
2024-09-26 15:00:00,15,898.7042662082395,14.237817923291038,6.174117882299708,4.216086026996431
2024-09-26 16:00:00,16,876.3748443207442,17.782016875109534,48.3912109372565,2.261432224022198
2024-09-26 17:00:00,17,602.8942118493555,18.224398423229275,46.757075895356095,1.6049925382312171
2024-09-26 18:00:00,18,560.732235969901,11.58047909546643,24.205258262952775,2.1250277504487833
2024-09-26 19:00:00,19,658.0387894924678,10.428045493808138,26.028373532163524,2.433809976884205
2024-09-26 20:00:00,20,582.9745124519239,12.84016024173194,44.52527875190691,1.6170174286506727
2024-09-26 21:00:00,21,309.8444960825682,18.15645113744283,25.986737137763868,1.1466301067488105
2024-09-26 22:00:00,22,239.2967769288303,18.66548048189518,0.0,1.1964838846441515
2024-09-26 23:00:00,23,154.10373245223613,12.246692750142563,39.73873114799855,0.4643243226200551
2024-09-27 00:00:00,0,55.45740813269633,15.933130905358677,13.734813585229833,0.239202182532352
2024-09-27 01:00:00,1,0.0,20.514496843569926,22.203138911648125,0.0
2024-09-27 02:00:00,2,187.93582534425065,16.257137275870665,59.15741135902952,0.3837892802718252
2024-09-27 03:00:00,3,356.0770819770998,19.275712699848945,27.32043051982404,1.2939764509926466
2024-09-27 04:00:00,4,556.2512157788839,18.00738255439896,30.034698717477465,1.9459141950369536
2024-09-27 05:00:00,5,808.6358677064402,12.28060672546593,40.19334550927195,2.4180902974364575
2024-09-27 06:00:00,6,688.8663230417701,14.441258573658429,40.10667887748065,2.0629245948214945
2024-09-27 07:00:00,7,680.7951433229163,15.115466279025206,11.616044652444334,3.008568377414269
2024-09-27 08:00:00,8,898.2068499605423,15.323603008213682,28.794029689312513,3.1978845145573254
2024-09-27 09:00:00,9,1029.5591956745434,17.760189704465375,30.723050558516544,3.5662360172879857
2024-09-27 10:00:00,10,974.5669559674284,16.237257130975888,35.44053793257654,3.1458759212971774
2024-09-27 11:00:00,11,918.9129777614668,10.0,35.78443881833239,2.9504256272034914
2024-09-27 12:00:00,12,1076.6395153184014,11.072682024871485,81.74882457554915,0.982496833148594
2024-09-27 13:00:00,13,1044.528510853685,10.0,6.482804588255107,4.884068843132148
2024-09-27 14:00:00,14,883.8393587534185,15.537298566115666,49.60183240395912,2.227194206521604
2024-09-27 15:00:00,15,954.3935819140341,15.732665792552947,53.667516116661176,2.2109712626197
2024-09-27 16:00:00,16,945.8066491971485,15.860877719981819,39.85567947847054,2.8442449130353533
2024-09-27 17:00:00,17,887.9045436959468,12.134418041005814,16.993692102538503,3.6850838968790414
2024-09-27 18:00:00,18,701.7908631617912,17.033634859509633,63.29336060535253,1.2880192072269128
2024-09-27 19:00:00,19,580.1150733143752,17.15999033355525,0.0,2.900575366571876
2024-09-27 20:00:00,20,598.1819057665009,11.24575564253419,16.334666055643474,2.502354445271295
2024-09-27 21:00:00,21,285.8705921266191,10.613088239803046,53.43364394445622,0.6655975889388638
2024-09-27 22:00:00,22,293.9053883762015,15.010807785468849,22.59776793154964,1.137446653863139
2024-09-27 23:00:00,23,20.92406203089766,20.38654966498974,61.929290496003716,0.039829694361095166
2024-09-28 00:00:00,0,85.23010178076822,20.10376541972235,0.0,0.4261505089038411
2024-09-28 01:00:00,1,109.88255097115865,16.694750274470582,7.757962121039839,0.5067895214459193
2024-09-28 02:00:00,2,360.30570395431835,12.814547178386196,19.367236597460504,1.4526222289766995
2024-09-28 03:00:00,3,421.99645287353195,17.66506517159218,38.34798555073058,1.3008465705049717
2024-09-28 04:00:00,4,402.1423815950455,13.6472643986993,25.55959699239954,1.496782047618572
2024-09-28 05:00:00,5,722.7316475749001,12.702016083104994,20.192014948751577,2.8839878262860883
2024-09-28 06:00:00,6,831.2064025007659,10.0,58.407928621970484,1.728579801134349
2024-09-28 07:00:00,7,863.9362596991725,15.311683788169383,60.26889950778302,1.7162569176488949
2024-09-28 08:00:00,8,805.0983745815408,13.114935145714298,21.712404685848888,3.151460786866026
2024-09-28 09:00:00,9,899.3984161626938,15.293828331711937,0.0,4.4969920808134685
2024-09-28 10:00:00,10,977.5600036815291,10.0,0.0,4.8878000184076456
2024-09-28 11:00:00,11,935.1480294272956,15.514017210877485,34.78580229560713,3.0492464236972534
2024-09-28 12:00:00,12,1135.3877257970564,10.0,43.11911244437595,3.2290930781549037
2024-09-28 13:00:00,13,1002.9909791118931,18.26835795293208,31.259955711570917,3.447282216252319
2024-09-28 14:00:00,14,749.6579825204799,16.570210895531677,28.58183785838483,2.6769597673201875
2024-09-28 15:00:00,15,951.0279975317844,14.16854287885266,13.90914770611835,4.0937405431427445
2024-09-28 16:00:00,16,838.1728120390536,16.69269677337266,43.099595878276766,2.3846185864431657
2024-09-28 17:00:00,17,787.3592158017595,12.070314405135768,63.5637075779782,1.4344225314063337
2024-09-28 18:00:00,18,677.6172319236917,15.2216637399711,0.0,3.3880861596184584
2024-09-28 19:00:00,19,673.3251423372557,17.38885930850743,28.449976224245695,2.4088214971521897
2024-09-28 20:00:00,20,589.5750222842704,10.0,10.593033011727993,2.635605727723975
2024-09-28 21:00:00,21,405.32768534578224,13.662864114093853,0.19068011892296965,2.0227740301666857
2024-09-28 22:00:00,22,231.6741501314683,14.936604802717302,7.400482584311678,1.0726457249931844
2024-09-28 23:00:00,23,127.21921583531838,14.415656339889125,37.59345711368809,0.3969655724494883
2024-09-29 00:00:00,0,1.5679693262102634,19.372138892134835,38.09924395182332,0.004852924337638274
2024-09-29 01:00:00,1,66.33178903086463,11.629130038683966,59.205755223496,0.13529776190942572
2024-09-29 02:00:00,2,305.1333369882196,13.137355683116933,30.175630942909226,1.0652871366743546
2024-09-29 03:00:00,3,419.4868182739271,10.0,0.0,2.097434091369635
2024-09-29 04:00:00,4,623.2352991821338,19.531693367272055,25.23660915248057,2.329759213136229
2024-09-29 05:00:00,5,709.1894114317986,14.26196298562622,2.2724185556843253,3.4653682982573697
2024-09-29 06:00:00,6,652.2527877793372,13.685606749342499,5.8640822715599015,3.0700207384270692
2024-09-29 07:00:00,7,858.9772102519526,14.843385366520478,41.6111811681299,2.507733235505323
2024-09-29 08:00:00,8,789.9491331368807,16.909540898743593,33.8836181118884,2.611428927933036
2024-09-29 09:00:00,9,979.5541005865546,16.042923624000995,41.75131190870661,2.8528870636806825
2024-09-29 10:00:00,10,924.5966903882597,22.94448605412388,22.85014305456544,3.566625119783825
2024-09-29 11:00:00,11,909.5846035037634,16.362641078663945,45.81059126850712,2.464492592756917
2024-09-29 12:00:00,12,1022.4036274157924,13.605097125945377,21.731942034197775,4.001077318751285
2024-09-29 13:00:00,13,777.479491121479,13.316763200880779,52.333656654844944,1.8529802183806425
2024-09-29 14:00:00,14,825.8477803366502,13.822556556202192,36.89277878943085,2.6058479279981253
2024-09-29 15:00:00,15,909.6801818093442,10.495322639563106,25.86006259030765,3.3721815871091168
2024-09-29 16:00:00,16,872.6207451152261,15.120426035927379,34.24186088352194,2.869095817660589
2024-09-29 17:00:00,17,763.8078386785802,17.351237732079372,29.642785980501646,2.686969578783967
2024-09-29 18:00:00,18,580.7518772891398,13.160742611582911,61.92213030625846,1.105689715390582
2024-09-29 19:00:00,19,543.3300816376402,12.578693244600284,34.90875245157578,1.7683016422190587
2024-09-29 20:00:00,20,531.2967461789914,19.54866885233532,29.96774655210983,1.8603954192223247
2024-09-29 21:00:00,21,429.22597401535893,10.721383943589124,25.230182858984016,1.6046573794651433
2024-09-29 22:00:00,22,257.52119569484574,10.0,46.86368438490022,0.6841863766009599
2024-09-29 23:00:00,23,223.07289470301112,11.54212758251047,44.1582667810701,0.6228388537189994
2024-09-30 00:00:00,0,31.791761876738743,10.37879445126521,24.523167393747435,0.1199770744714226
2024-09-30 01:00:00,1,70.72973990339459,16.15877079495184,6.887169707543826,0.32929231341271725
2024-09-30 02:00:00,2,236.37888082959142,13.917979101289378,11.960637232432926,1.0405323019973953
2024-09-30 03:00:00,3,270.4541397884614,14.341031467566578,26.31674920915608,0.9963970104727582
2024-09-30 04:00:00,4,491.34888076868657,18.458895133562418,56.97855012238166,1.0569270623206959
2024-09-30 05:00:00,5,697.7294785464277,12.92608801914977,24.996467415061723,2.616608783981449
2024-09-30 06:00:00,6,761.929987963425,17.32536083787502,18.117527800688713,3.1194355528618365
2024-09-30 07:00:00,7,905.514086364765,19.534061000247707,0.0,4.5275704318238255
2024-09-30 08:00:00,8,841.7945842805191,13.633105108597116,60.270828712045926,1.672190061407642
2024-09-30 09:00:00,9,1031.5675160724272,17.21116116930704,41.3805629196292,3.023495355128102
2024-09-30 10:00:00,10,950.4614881732308,14.274638865051157,45.920199400117156,2.5700383879138116
2024-09-30 11:00:00,11,1109.1716679794017,17.772386989160466,49.2337610385875,2.81542369729354
2024-09-30 12:00:00,12,998.2514602046301,10.285625039909279,26.705395424820736,3.658322302114683
2024-09-30 13:00:00,13,1048.0233712781524,10.063555867262059,31.691812674950707,3.579428838314885
2024-09-30 14:00:00,14,1083.934815433857,13.826289457915475,59.77203883903989,2.1802243828142833
2024-09-30 15:00:00,15,908.4053222247903,12.333318175458786,33.59161778638274,3.0162863921594005
2024-09-30 16:00:00,16,883.4965227879726,13.449965274348441,41.750505801279886,2.5731612789363703
2024-09-30 17:00:00,17,896.4624143077396,14.341512855296678,47.411014344010226,2.357202452358184
2024-09-30 18:00:00,18,696.4665280721425,17.160133198146852,42.85862664845287,1.9898526953713038
2024-09-30 19:00:00,19,503.0900464082278,13.777110866940294,27.436616594670124,1.8252957962462721
2024-09-30 20:00:00,20,671.4405643667926,12.528508670768838,29.322323143721608,2.3727929618256685
2024-09-30 21:00:00,21,345.10227521811896,13.9455524723614,45.55280875951884,0.9394924788163044
2024-09-30 22:00:00,22,271.5195291775245,12.692656763218245,45.52005719869452,0.7396184209514465
2024-09-30 23:00:00,23,223.00672577614216,12.198076096449956,53.36465198038923,0.5199998133642146
2024-10-01 00:00:00,0,0.0,10.163264539470184,41.02193966619677,0.0
2024-10-01 01:00:00,1,49.89675916228116,15.210749328864326,41.93211227184109,0.14486997045171632
2024-10-01 02:00:00,2,279.1180288445075,13.29619786040993,21.075332664311063,1.1014648786972991
2024-10-01 03:00:00,3,239.23732053209864,17.901151197905104,18.37700977856197,0.9763632737197262
2024-10-01 04:00:00,4,476.96751385056626,10.660126704024268,45.61261348702989,1.2970508264960583
2024-10-01 05:00:00,5,628.3645221539531,13.376064315057453,18.5162986396725,2.5600733534308806
2024-10-01 06:00:00,6,685.5106294405344,20.441036642177338,29.58597993766276,2.4134779607185606
2024-10-01 07:00:00,7,669.8772648363756,12.183486428907543,57.58046481942581,1.4207941101196724
2024-10-01 08:00:00,8,993.5596402807595,14.292715223912719,54.41140584690178,2.2647493603828903
2024-10-01 09:00:00,9,932.1625848272206,11.354783031724985,36.035776615943675,2.981252790307384
2024-10-01 10:00:00,10,1080.4179957100077,10.957032441858146,24.0772084033258,4.101417516279367
2024-10-01 11:00:00,11,970.6419613593746,19.644247929464125,27.532421793129906,3.5170036122840127
2024-10-01 12:00:00,12,929.5990414647389,15.515433458112533,47.35320282111229,2.4470206096841274
2024-10-01 13:00:00,13,1012.979334994223,15.40335149491396,29.270014451076687,3.5824006862749673
2024-10-01 14:00:00,14,948.6628561828109,10.0,18.834352139794717,3.84994176614953
2024-10-01 15:00:00,15,829.6586158719782,16.078539144525998,54.31549512815948,1.8951271539383923
2024-10-01 16:00:00,16,983.6081444874384,18.474580818182567,33.63200278258562,3.264005129818422
2024-10-01 17:00:00,17,743.5717224597156,18.450746162686677,18.454883580165074,3.0317321337237346
2024-10-01 18:00:00,18,559.8854704029022,17.00731466901957,39.57880377865262,1.6914474934347572
2024-10-01 19:00:00,19,715.0147133253073,11.613858247414878,49.42436826385016,1.8081160413534747
2024-10-01 20:00:00,20,459.65615873499,15.941685231780065,9.84653870424479,2.0719796857935218
2024-10-01 21:00:00,21,334.05752095583995,17.005069861630915,25.990921732941306,1.2361644607060178
2024-10-01 22:00:00,22,117.58803814012313,10.0,25.066332648231757,0.4405651467269512
2024-10-01 23:00:00,23,269.80151114781125,11.638476205755737,39.045743315669526,0.8222775282161969
2024-10-02 00:00:00,0,0.0,17.671971852833487,42.64016645719717,0.0
2024-10-02 01:00:00,1,135.20215067650355,17.63563721761895,18.97052177441029,0.5477679862147321
2024-10-02 02:00:00,2,331.82867090575604,10.361750786738988,0.14497648187949963,1.6567379868640468
2024-10-02 03:00:00,3,416.42078700533756,17.39256426541068,50.635975091988016,1.027810305097272
2024-10-02 04:00:00,4,495.22765504062454,15.293410085064018,7.601094588455744,2.2879246627639764
2024-10-02 05:00:00,5,472.62816034572734,17.350526751424617,35.423684100877544,1.5260292692653394
2024-10-02 06:00:00,6,642.3287943251648,13.103935917301339,27.360382025386354,2.332925911693708
2024-10-02 07:00:00,7,808.3773673346371,16.94305037704587,33.248878104081506,2.698004809242802
2024-10-02 08:00:00,8,803.0514781854788,17.53898621106004,63.02467943413716,1.4846542918399044
2024-10-02 09:00:00,9,940.148289311188,13.953495081236028,90.76563227243656,0.43408375109696057
2024-10-02 10:00:00,10,1020.4652989942797,15.060757526123021,0.0,5.102326494971399
2024-10-02 11:00:00,11,1068.4450922378182,13.061934999089203,49.678123106658475,2.688308119944321
2024-10-02 12:00:00,12,901.9056513749854,19.962416733660802,26.87504454644708,3.297590529005172
2024-10-02 13:00:00,13,1167.1765457721265,14.646684069625866,50.957090274251044,2.8620866984156943
2024-10-02 14:00:00,14,1027.3241738533989,12.241426912071617,49.14526152358327,2.6122151095907737
2024-10-02 15:00:00,15,923.7424002177617,12.860022145978913,58.19489614396326,1.9308573488664091
2024-10-02 16:00:00,16,953.18833043057,15.387811691029503,35.69929830325394,3.064533924791775
2024-10-02 17:00:00,17,982.5859620512332,17.2674934029378,12.208470300899524,4.313136233467003
2024-10-02 18:00:00,18,592.0091731019982,11.000019352151599,48.552989774192405,1.52285509911752
2024-10-02 19:00:00,19,590.7404176094125,20.55047989643051,32.35995152288129,1.9978855242247002
2024-10-02 20:00:00,20,309.7254672101336,15.933525769770013,25.32313569731735,1.1564663342968067
2024-10-02 21:00:00,21,398.0955549769319,16.4068678065114,20.47552238590076,1.5829170525017717
2024-10-02 22:00:00,22,288.0505844565323,14.715931256132855,50.126711382102584,0.7183014967577335
2024-10-02 23:00:00,23,127.39322298463124,15.06527678965654,62.06738984014754,0.24161787322415862
2024-10-03 00:00:00,0,0.0,14.570796374662148,6.092948826007316,0.0
2024-10-03 01:00:00,1,0.0,18.069033695552235,42.43904484957861,0.0
2024-10-03 02:00:00,2,288.70173977546233,14.991860026084245,22.552256291547096,1.1179649175157236
2024-10-03 03:00:00,3,499.1181910783158,17.316796443922485,0.6545520361577282,2.4792560139788953
2024-10-03 04:00:00,4,452.71852354132534,13.71410321838664,32.95411641526017,1.51764567130035
2024-10-03 05:00:00,5,643.9662233305722,15.602567373381303,13.337244396208789,2.79039437147969
2024-10-03 06:00:00,6,581.6552361129435,12.603884755726092,0.0,2.9082761805647173
2024-10-03 07:00:00,7,829.9303853866364,18.665230486092966,14.365190555509312,3.5535465202388665
2024-10-03 08:00:00,8,834.5548199648659,12.514404066287009,9.444521641722929,3.778675546906212
2024-10-03 09:00:00,9,862.8860964630535,14.040707455660378,17.066262938732173,3.5781184318945334
2024-10-03 10:00:00,10,905.0967349917779,14.07076455108012,3.482318460926219,4.367891921499593
2024-10-03 11:00:00,11,959.9559348111694,13.953791625423051,22.09719782747572,3.7391628641967567
2024-10-03 12:00:00,12,1030.5946652554028,17.18313309677317,15.735017438320549,4.342152074795319
2024-10-03 13:00:00,13,886.4718052781689,14.065672494234425,37.51227754291315,2.7696802067127475
2024-10-03 14:00:00,14,934.1565997636402,19.197419380067576,41.87077972796631,2.7150897378117325
2024-10-03 15:00:00,15,920.561790271355,12.56022053005385,35.202971535568835,2.982483426374035
2024-10-03 16:00:00,16,778.10226582189,15.523778198272478,25.291110842529818,2.906557796523199
2024-10-03 17:00:00,17,937.0865564252367,12.688287820506556,24.751448086153708,3.5257203194465943
2024-10-03 18:00:00,18,638.8271427816403,16.278564136038757,13.258500251772691,2.7706412222377215
2024-10-03 19:00:00,19,555.2064759180415,14.967796607514046,13.740106811801262,2.3946025655043246
2024-10-03 20:00:00,20,421.73536401420006,14.55045965434892,44.07207736157472,1.179339140623715
2024-10-03 21:00:00,21,526.5618393361393,18.581070687954927,0.0,2.6328091966806966
2024-10-03 22:00:00,22,303.05146339047957,13.052620175279046,28.385501233741152,1.0851439325545218
2024-10-03 23:00:00,23,55.598831720560625,16.775191261298357,23.529418768775976,0.21258374887241432
2024-10-04 00:00:00,0,88.4985247087975,12.719870530894067,41.982642027497846,0.2567225294034316
2024-10-04 01:00:00,1,146.58208776316184,15.364805869399566,1.4997603315529844,0.7219185387886388
2024-10-04 02:00:00,2,279.399318791441,11.440024284248109,30.24961410971879,0.9744105151592353
2024-10-04 03:00:00,3,355.1252556648936,13.039198829998224,36.85968682718214,1.1211359929129197
2024-10-04 04:00:00,4,440.046721043442,14.78032113219985,0.0,2.20023360521721
2024-10-04 05:00:00,5,635.7827169330888,20.47069777088768,8.513440542765256,2.908278666729063
2024-10-04 06:00:00,6,663.4998027869003,15.329161880297766,28.164203063744175,2.383151855012278
2024-10-04 07:00:00,7,938.6937906572437,19.990755216518565,40.282938152686086,2.8028017576184077
2024-10-04 08:00:00,8,764.4821153649901,15.687720143991198,33.649986222254,2.536169944365375
2024-10-04 09:00:00,9,1046.7720743396821,13.865497535493628,41.209085058996145,3.077034399256121
2024-10-04 10:00:00,10,957.0203183852443,19.644819836720526,8.412549747186908,4.382552540051996
2024-10-04 11:00:00,11,1015.3717200954987,16.3378031351387,0.0,5.076858600477494
2024-10-04 12:00:00,12,1066.6526213303548,13.098585487270304,31.690116115135787,3.6431458354281285
2024-10-04 13:00:00,13,941.0249177734553,16.438464647119336,5.412935235717704,4.450439242112061
2024-10-04 14:00:00,14,1035.0656970649593,14.148966019195614,12.693553479043938,4.518395396323898
2024-10-04 15:00:00,15,707.2760240807927,10.0,48.64556709652747,1.8160879561445944
2024-10-04 16:00:00,16,808.4262411266836,17.8346697467153,33.78199113533702,2.6766188000676454
2024-10-04 17:00:00,17,719.4283157039501,18.31155243584423,18.637101894891714,2.926738637227509
2024-10-04 18:00:00,18,606.8263001968068,20.540576358895272,16.039369907180728,2.5474759260709097
2024-10-04 19:00:00,19,591.5650419624046,16.293181345504234,42.4184311377833,1.703162160011916
2024-10-04 20:00:00,20,530.8599974545355,14.280579996670847,34.239418712999665,1.7454831007312883
2024-10-04 21:00:00,21,438.8962322450344,17.5317185510542,5.70886715354618,2.0692011470212295
2024-10-04 22:00:00,22,278.08918567855363,17.576211364875164,0.0,1.3904459283927681
2024-10-04 23:00:00,23,77.27071502856825,19.94159381832771,67.636036652803,0.12503932944981436
2024-10-05 00:00:00,0,29.52131502601337,14.906927169328885,5.550415493648842,0.1394137969144032
2024-10-05 01:00:00,1,140.46904780811963,14.544073120825427,40.55393006600246,0.4175166419781762
2024-10-05 02:00:00,2,333.7035385374021,12.894176779252629,60.213858646763484,0.6638388077162144
2024-10-05 03:00:00,3,444.83836859961116,16.653196298703815,32.95195137666311,1.4912772283696294
2024-10-05 04:00:00,4,502.4381131136502,10.396025033835706,17.99126647065591,2.0602156666661893
2024-10-05 05:00:00,5,536.98118851582,17.369072157115905,1.479019166085756,2.6451956690969793
2024-10-05 06:00:00,6,654.8707687199811,16.80431540412558,1.199789273599393,3.235068497404705
2024-10-05 07:00:00,7,749.3701915201926,16.796020645903326,37.53389697352772,2.340511779423381
2024-10-05 08:00:00,8,840.804097071138,15.455485748033732,59.01952645899969,1.722827502659421
2024-10-05 09:00:00,9,945.3235667184669,19.639744781121465,22.090818065909417,3.682469287302622
2024-10-05 10:00:00,10,1023.139777499313,17.6567904348088,18.885590757012718,4.149568931242912
2024-10-05 11:00:00,11,987.3553659325801,13.219578464401112,43.94962181622373,2.767082083115096
2024-10-05 12:00:00,12,1001.2899830320378,13.27327288943527,16.281054921905067,4.191347054835289
2024-10-05 13:00:00,13,1002.9093657738106,12.4017885982843,35.489658152568424,3.2349013014029655
2024-10-05 14:00:00,14,924.6534012384813,16.694660036854973,30.83602900171025,3.197635051336415
2024-10-05 15:00:00,15,849.8481518998503,12.040393274808341,21.81063882843889,3.322454204494056
2024-10-05 16:00:00,16,725.590371999582,18.290986469278266,29.68923682526959,2.5508406403763577
2024-10-05 17:00:00,17,737.7413916450855,19.00972996356484,65.26304229299959,1.2813445760139484
2024-10-05 18:00:00,18,744.9584174479706,12.403761231676857,42.09065888201913,2.1570025557352865
2024-10-05 19:00:00,19,552.5285139655554,14.48416443474965,51.85001608511957,1.3302119529977139
2024-10-05 20:00:00,20,480.97543700592473,15.090672982615452,11.626112781598781,2.1252834512391416
2024-10-05 21:00:00,21,419.99793535807527,17.692759519937212,51.91872295215149,1.0097018544737995
2024-10-05 22:00:00,22,300.4742048163345,19.86884016535784,42.7804095093797,0.8596505476292715
2024-10-05 23:00:00,23,44.16356404676887,10.0,0.008078068812643835,0.22079998241837526
2024-10-06 00:00:00,0,79.76474851629132,14.103278778480435,40.79581466742199,0.2361203477082494
2024-10-06 01:00:00,1,220.7141993684904,14.259770844379442,19.734517264106454,0.8857865879489066
2024-10-06 02:00:00,2,168.43105652503604,10.85581136640084,0.0,0.8421552826251801
2024-10-06 03:00:00,3,316.77648279379747,13.602490873148298,32.59551464655239,1.0676077897395584
2024-10-06 04:00:00,4,595.2872546516952,16.341127764112315,40.7808518212522,1.7626202071069357
2024-10-06 05:00:00,5,597.0131473082965,14.221784222541812,33.03216137289126,1.9990340053602151
2024-10-06 06:00:00,6,529.5245453903995,10.423957425238243,27.817228303084896,1.9111274683913984
2024-10-06 07:00:00,7,681.3788199126204,23.680069025090223,23.388293230833362,2.610079717493324
2024-10-06 08:00:00,8,846.07583377064,15.856354526673025,79.33176018683113,0.8743449116249192
2024-10-06 09:00:00,9,830.8361204885184,15.392903321380508,6.348612229427083,3.8904477846834338
2024-10-06 10:00:00,10,932.851924638153,11.764041841859344,47.45843964714407,2.4506747849326667
2024-10-06 11:00:00,11,994.0365584684965,15.839939416974309,30.308459417779677,3.4637969577358927
2024-10-06 12:00:00,12,1116.9803683227783,14.565179578936,12.910669874659359,4.8638536020193515
2024-10-06 13:00:00,13,968.2085480755871,10.0,29.03201898742842,3.4355902928018884
2024-10-06 14:00:00,14,1051.7291702548891,11.847054611017235,2.1413472482276497,5.146039983044143
2024-10-06 15:00:00,15,1038.1803454742285,17.442598984082316,18.090191863862927,4.251857645425128
2024-10-06 16:00:00,16,980.7701773326048,20.88987388106181,29.061313483287886,3.47872740773689
2024-10-06 17:00:00,17,816.1337077620808,16.15931714618962,0.0,4.0806685388104045
2024-10-06 18:00:00,18,550.0436493594298,18.367070765940586,40.12765076976116,1.6466202733161408
2024-10-06 19:00:00,19,645.6274182410299,14.590555005310854,10.724779181769357,2.8819265164886048
2024-10-06 20:00:00,20,583.8719910250832,14.798182449018675,0.9655808397289505,2.8911711747560047
2024-10-06 21:00:00,21,376.1980639302565,18.330758013918878,8.391645283432592,1.723144284210442
2024-10-06 22:00:00,22,398.38575470854096,20.04615279859889,73.51908323670973,0.5274810005058723
2024-10-06 23:00:00,23,199.3128771374486,18.961111011457348,0.0,0.996564385687243
2024-10-07 00:00:00,0,45.46187017222274,11.878688679666222,38.72246177539581,0.13928957436201864
2024-10-07 01:00:00,1,217.4366491165186,14.876901234874941,14.96727457961427,0.9244615440326842
2024-10-07 02:00:00,2,285.4886332033911,15.910351959249564,22.99743656964877,1.0991678293444198
2024-10-07 03:00:00,3,183.2585924134615,14.298744015298091,42.078618573606654,0.530729541542203
2024-10-07 04:00:00,4,460.06888388237064,16.241350536067465,41.09637429677841,1.3549862666953036
2024-10-07 05:00:00,5,704.5348711885489,17.53950834082752,16.386071616764184,2.9454464131525793
2024-10-07 06:00:00,6,642.4994739786839,18.0862071616861,2.8435198673341198,3.121149368942914
2024-10-07 07:00:00,7,775.4755398722803,20.135388362485248,42.442819474012786,2.2317092820958115
2024-10-07 08:00:00,8,782.4384986721927,14.089454591646174,41.047543860186885,2.3063335637536833
2024-10-07 09:00:00,9,1066.593340127428,10.985678411302736,24.300609824236233,4.037023270658865
2024-10-07 10:00:00,10,1100.4452228825096,16.152481687864036,38.838887676167566,3.3652226941470995
2024-10-07 11:00:00,11,920.7353497625519,20.729210999375084,21.08341038048929,3.6330646872693984
2024-10-07 12:00:00,12,1011.7838400311267,13.6468503259585,13.459248699304236,4.378026683509835
2024-10-07 13:00:00,13,937.0053375526865,17.138318837011838,30.079243622421505,3.275806096575605
2024-10-07 14:00:00,14,1015.1213974115788,17.165015283238606,40.38065482183035,3.026043649501342
2024-10-07 15:00:00,15,964.6541786906731,15.652104047854506,36.185005391048676,3.0779700606323837
2024-10-07 16:00:00,16,930.9618495134999,15.098552068951822,40.18325360153345,2.7843554429498196
2024-10-07 17:00:00,17,819.9068161078663,12.307490288656501,14.788422534217482,3.493277658774928
2024-10-07 18:00:00,18,941.9392776976251,10.0,61.637622495165054,1.8067515078833924
2024-10-07 19:00:00,19,526.5275278078616,11.742225785828591,23.152382893227507,2.023119292657703
2024-10-07 20:00:00,20,363.1517316450787,13.90686545848558,27.621686970468172,1.3142154855112023
2024-10-07 21:00:00,21,351.236216308973,18.3700459680888,3.626881815642644,1.692486469248558
2024-10-07 22:00:00,22,133.37998385769964,14.768393718766552,26.122896874054323,0.4926863411196123
2024-10-07 23:00:00,23,11.129210619572575,13.520700749066233,40.64475473703034,0.033028851295398835
2024-10-08 00:00:00,0,0.0,12.427718723266178,45.25021225385329,0.0
2024-10-08 01:00:00,1,56.75107978552137,17.07109253465491,61.238814743735645,0.10998695585298163
2024-10-08 02:00:00,2,182.449596946516,19.175746548418285,40.40469791650922,0.543656942251938
2024-10-08 03:00:00,3,424.1409484007227,18.29098221472885,35.538263915994065,1.3670430939113685
2024-10-08 04:00:00,4,459.504875113173,16.919124148401878,21.074097769713617,1.8133418423761125
2024-10-08 05:00:00,5,594.4002630189221,10.673836809977649,16.765191835339863,2.4737395932701753
2024-10-08 06:00:00,6,778.6454031466224,14.045652320595154,49.404970293363114,1.9697793651569806
2024-10-08 07:00:00,7,732.0475383087212,20.942587735795495,49.02140703477817,1.8659376743316465
2024-10-08 08:00:00,8,844.8617318880607,18.466526524872144,8.459745983024547,3.8669428773127446
2024-10-08 09:00:00,9,953.1403313987198,10.488165394422294,44.46191774306963,2.646779306380999
2024-10-08 10:00:00,10,810.6004022394507,14.933903479528654,43.00767382791685,2.3099001259826286
2024-10-08 11:00:00,11,800.6524206577636,16.189970347109586,7.723822299716115,3.694057252238913
2024-10-08 12:00:00,12,1027.6893863038179,12.814199660047809,40.809136095783536,3.041491130025851
2024-10-08 13:00:00,13,1030.806003819162,10.0,9.009070810363852,4.6896998050880585
2024-10-08 14:00:00,14,1131.0634370772614,15.397147184175765,0.0,5.655317185386307
2024-10-08 15:00:00,15,936.5271225806316,12.737400276265152,26.797951726159006,3.4277851818454397
2024-10-08 16:00:00,16,931.6045811650863,12.749149831872415,35.156294105099775,3.020434673570528
2024-10-08 17:00:00,17,777.7155288043574,14.036633969334195,27.698583902337734,2.8114967026848645
2024-10-08 18:00:00,18,730.8849589133546,14.699647305162033,87.34213634375948,0.46257210791610986
2024-10-08 19:00:00,19,742.1419763486834,15.07342666683941,37.57702458469949,2.31633551721382
2024-10-08 20:00:00,20,330.080574549949,12.448705352360465,32.942836385974005,1.1067133546703818
2024-10-08 21:00:00,21,415.77273297082434,14.440046460224236,38.59182606628182,1.2765922151584872
2024-10-08 22:00:00,22,429.6659835087103,10.0,21.173619911998045,1.6934507063471391
2024-10-08 23:00:00,23,153.0889297567994,16.033792245230703,48.589581241870775,0.3935182993015443
2024-10-09 00:00:00,0,132.04583705862782,10.0,37.220038923542035,0.4144916255424482
2024-10-09 01:00:00,1,80.18922025769618,14.25803533475928,36.303434077849815,0.25538889771950823
2024-10-09 02:00:00,2,256.2552455694237,17.884064037090997,17.51759554266122,1.056827440468594
2024-10-09 03:00:00,3,385.3654085561768,11.948483514235658,0.0,1.926827042780884
2024-10-09 04:00:00,4,322.59271365129825,17.275796187032338,19.972278218454186,1.2908179968419986
2024-10-09 05:00:00,5,515.3072027807045,18.593703712422815,35.65267712519785,1.6579319478520573
2024-10-09 06:00:00,6,619.3567748358287,10.0,21.106010405101074,2.443176347471401
2024-10-09 07:00:00,7,859.1186265338375,14.672416865332911,35.83454334134742,2.7562869497749047
2024-10-09 08:00:00,8,935.7976522391629,10.0,25.3527624628739,3.492735481669086
2024-10-09 09:00:00,9,949.8024479278092,14.7718802393473,38.61158969253047,2.915343119221566
2024-10-09 10:00:00,10,1031.8540580375247,15.104991943116158,10.463517482493717,4.619429141404738
2024-10-09 11:00:00,11,978.3129083560683,10.0,33.857800237701625,3.2353883907261087
2024-10-09 12:00:00,12,1096.1545335631636,20.901020662299736,17.180917072972058,4.539125660800264
2024-10-09 13:00:00,13,992.1479367843759,15.984552998964013,0.0,4.960739683921879
2024-10-09 14:00:00,14,970.554950083209,12.579435279814032,26.6969175394325,3.5572334769230713
2024-10-09 15:00:00,15,902.6321218502939,19.522643858555693,60.72635147636093,1.7724828349847497
2024-10-09 16:00:00,16,920.7814419953529,10.0,0.8284718430803508,4.565765135060561
2024-10-09 17:00:00,17,759.6574349622023,11.438992475505186,32.38784500788399,2.5681038116788852
2024-10-09 18:00:00,18,785.2212913623931,10.0,45.95154126528449,2.1220000281910165
2024-10-09 19:00:00,19,518.1894977514402,20.52964116567814,76.00061370288903,0.6218114965821364
2024-10-09 20:00:00,20,412.0866996217444,16.123544690476148,20.141340351066244,1.645434574547264
2024-10-09 21:00:00,21,437.67757277521025,17.104710945605625,17.35998790791374,1.808483995328917
2024-10-09 22:00:00,22,251.73550793588004,16.029509277815563,6.666156081214673,1.1747721303251786
2024-10-09 23:00:00,23,94.21487892780172,16.84780885949389,52.810326696924385,0.22229846784458934
2024-10-10 00:00:00,0,71.20461859803677,15.389494974167045,12.651713415218495,0.31098007157306895
2024-10-10 01:00:00,1,81.94527909316481,15.9680258606014,22.588071364492997,0.31717710485883893
2024-10-10 02:00:00,2,242.80294475849124,15.47807214114793,0.0,1.2140147237924561
2024-10-10 03:00:00,3,494.6216683707826,13.329486415771242,47.67943685357052,1.2939442116792916
2024-10-10 04:00:00,4,623.1313876648519,15.01538753683507,53.165165615560525,1.4592127670514645
2024-10-10 05:00:00,5,734.5532858303468,15.976045552264111,46.915501271687305,1.9496696483769478
2024-10-10 06:00:00,6,684.5367190318347,15.486909191135469,0.0,3.422683595159173
2024-10-10 07:00:00,7,891.8095726899929,10.721945509219125,42.14302081558613,2.579870394179298
2024-10-10 08:00:00,8,790.1091775629442,11.120301826653849,0.0,3.950545887814721
2024-10-10 09:00:00,9,851.3273025335217,18.403786134228252,31.160806041284808,2.930234265072745
2024-10-10 10:00:00,10,777.8893580791195,14.23427969482887,34.10155159967594,2.5630850862269026
2024-10-10 11:00:00,11,1125.2743175256926,16.9094378735869,36.2036643621653,3.5894189022752228
2024-10-10 12:00:00,12,930.8816120739137,11.878902103311887,40.69273065274937,2.760402324883524
2024-10-10 13:00:00,13,981.3222549940455,10.735824202539487,29.83932792881456,3.4425114464396724
2024-10-10 14:00:00,14,893.0998789348058,12.624471994883939,0.0,4.465499394674029
2024-10-10 15:00:00,15,979.492752377698,14.487566620164838,40.70242017599064,2.904077483557759
2024-10-10 16:00:00,16,835.9747109270515,13.15984093462584,31.952162822554957,2.8443135506812847
2024-10-10 17:00:00,17,688.9679890565994,19.03706240179622,11.947604172575335,3.0332641042418236
2024-10-10 18:00:00,18,742.4397863214325,15.693831737091461,0.0,3.7121989316071624
2024-10-10 19:00:00,19,494.06302702390246,20.702077688164653,60.80044371848717,0.9683525717219028
2024-10-10 20:00:00,20,433.00754197476056,16.36848629469333,54.62601076581365,0.982363977394214
2024-10-10 21:00:00,21,214.13230319500343,10.0,44.119148146149094,0.5982947755981936
2024-10-10 22:00:00,22,144.90239612671252,18.32338665185474,16.474001775305936,0.6051558640816853
2024-10-10 23:00:00,23,144.80852579769024,10.626606965069213,0.0,0.7240426289884512
2024-10-11 00:00:00,0,0.0,15.878536298917924,45.2935835087047,0.0
2024-10-11 01:00:00,1,12.034534250314323,12.862883124292372,37.3337354771015,0.03770796533700396
2024-10-11 02:00:00,2,258.6295318118962,21.615068400676464,22.50675381855647,1.0021020989245377
2024-10-11 03:00:00,3,339.1948806776456,19.505729079574312,52.496126133957524,0.8056535413859102
2024-10-11 04:00:00,4,659.3629308767446,12.96147337217863,46.959950679257,1.7486321186986094
2024-10-11 05:00:00,5,755.4731526906706,14.804862292920571,33.521909764616986,2.5111206207489847
2024-10-11 06:00:00,6,637.6729841664553,15.920729506231558,30.701168357422276,2.209499638638566
2024-10-11 07:00:00,7,837.9243497635139,17.777177511968738,31.019354351993627,2.8900281325436543
2024-10-11 08:00:00,8,925.9680083347946,15.274391034258944,43.59879745669492,2.611285459335578
2024-10-11 09:00:00,9,876.0812238693343,12.112250599141305,12.850473069140236,3.817503210661057
2024-10-11 10:00:00,10,846.282503369212,13.034259379683746,38.51966243570073,2.6014866990949694
2024-10-11 11:00:00,11,990.4609854291656,15.173489908153533,11.588181110608186,4.378422863038597
2024-10-11 12:00:00,12,986.1723460148711,18.89030623357798,56.73110343504469,2.133529461746839
2024-10-11 13:00:00,13,956.5837016161607,16.47044887889204,40.64257143150469,2.8390174369234047
2024-10-11 14:00:00,14,1001.3111757422273,12.866690517438858,16.235434767221406,4.193719764938502
2024-10-11 15:00:00,15,863.8211639508389,17.132053630413274,31.611916480595,2.9537536953049806
2024-10-11 16:00:00,16,773.8655999781073,14.025980780649427,12.924272399439186,3.369245509156912
2024-10-11 17:00:00,17,802.0799779192218,17.85815931284443,60.082256754015916,1.600861131066204
2024-10-11 18:00:00,18,737.9843885920577,22.767966552269723,62.45751968942419,1.3852882189114828
2024-10-11 19:00:00,19,514.6298334967165,14.110456184453257,43.92447365125696,1.4429069394047185
2024-10-11 20:00:00,20,574.2472488792864,17.59175077646302,61.13313135309155,1.1159596196519888
2024-10-11 21:00:00,21,241.04494134300367,12.950755301170716,33.03591897745001,0.8070676491084354
2024-10-11 22:00:00,22,212.56996840526958,14.850143995710013,45.27025134349594,0.5816950471370707
2024-10-11 23:00:00,23,109.88550932424327,15.27562215790021,54.494490438195115,0.2500198047629076
2024-10-12 00:00:00,0,0.0,14.640465604810288,29.88512808968166,0.0
2024-10-12 01:00:00,1,85.32135433595617,22.6105576512685,31.422077146346904,0.2925580627710201
2024-10-12 02:00:00,2,408.50500368716996,14.301737360908282,48.67313202857795,1.0483641194958324
2024-10-12 03:00:00,3,314.6127052419779,16.982071201298034,42.92995931191986,0.8977479944573321
2024-10-12 04:00:00,4,695.297737797753,10.0,14.890785595978944,2.9588122120429894
2024-10-12 05:00:00,5,643.7315713872048,16.51750627505226,0.0,3.2186578569360242
2024-10-12 06:00:00,6,714.4711921715069,18.64768036200017,26.489438748059033,2.626058916743542
2024-10-12 07:00:00,7,831.4525685622486,13.638724557206277,0.0,4.157262842811243
2024-10-12 08:00:00,8,1068.4196237245947,10.0,10.179653277889035,4.798291052382521
2024-10-12 09:00:00,9,844.3920921967707,15.105561278461455,12.514260855992315,3.6936133156594777
2024-10-12 10:00:00,10,876.2923927741572,15.273068136100013,18.62715378119747,3.5653203059958996
2024-10-12 11:00:00,11,931.0555656480566,17.39374173717634,46.408762883270825,2.4948209793747704
2024-10-12 12:00:00,12,1002.5714517571648,21.25422569118373,50.753590814605204,2.468652197541432
2024-10-12 13:00:00,13,853.3831713888044,14.08135563314251,40.17481439614414,2.5526903309771174
2024-10-12 14:00:00,14,967.7129654345571,12.65265221396259,42.650139521236106,2.7749101775581355
2024-10-12 15:00:00,15,1059.3633031843806,11.7207631808291,43.12240912737292,3.0127016271997995
2024-10-12 16:00:00,16,878.1379950344209,15.815752436038228,0.0,4.390689975172105
2024-10-12 17:00:00,17,769.9385035732132,16.659579361398936,30.203953640142327,2.686933174481772
2024-10-12 18:00:00,18,657.6539452918574,13.584550401855676,0.0,3.288269726459287
2024-10-12 19:00:00,19,680.6423653728459,17.5575648221208,40.18278951343081,2.0357063817791925
2024-10-12 20:00:00,20,433.93337814095605,16.617668815400958,0.0,2.1696668907047805
2024-10-12 21:00:00,21,530.3951060130298,15.351211653878101,26.391229292986015,1.9520865871317747
2024-10-12 22:00:00,22,413.4878249196696,12.514272422711054,40.95539552039173,1.22071125397577
2024-10-12 23:00:00,23,151.066256112995,13.77592363848926,7.64484103367376,0.6975874048881704
2024-10-13 00:00:00,0,0.0,10.0,49.2343192102644,0.0
2024-10-13 01:00:00,1,212.97897687937632,15.966356640869893,40.13244339903494,0.6375265476570844
2024-10-13 02:00:00,2,346.4029252807068,15.338019314518098,37.616493916758195,1.0804914498250866
2024-10-13 03:00:00,3,318.2040938803366,15.824432421544252,43.96003175021064,0.8916073659003528
2024-10-13 04:00:00,4,457.8755893490637,16.771952494969472,22.815998244666886,1.7670335146021159
2024-10-13 05:00:00,5,502.97363423405693,16.41645990757246,33.03837727513618,1.6839965368067287
2024-10-13 06:00:00,6,739.8319762532722,14.927845906337687,30.201031444683984,2.5819754423359726
2024-10-13 07:00:00,7,846.6835709677866,15.40499957776405,29.749021107677105,2.974017483626728
2024-10-13 08:00:00,8,758.0313527555367,11.046046198187284,16.55937846705846,3.1625303607689217
2024-10-13 09:00:00,9,887.4636201259939,13.507833511207515,5.149357705545885,4.208824719095598
2024-10-13 10:00:00,10,858.1455128825604,15.410408609326176,23.262833014210496,3.2925827760087505
2024-10-13 11:00:00,11,919.5408765543032,13.05143472053871,22.161041856114657,3.5788051900851023
2024-10-13 12:00:00,12,1044.081364818104,17.83944783589343,15.265380249662204,4.423491871813788
2024-10-13 13:00:00,13,932.7662960395479,13.2830992054107,47.04107563620049,2.469914986052992
2024-10-13 14:00:00,14,941.8597498064846,15.90791168202074,6.5558676428877405,4.40056335613769
2024-10-13 15:00:00,15,793.6945942755016,15.6086924187218,26.56981682217517,2.9140569722449725
2024-10-13 16:00:00,16,880.9846205624118,17.49782822910702,53.326794231225044,2.055918823731779
2024-10-13 17:00:00,17,789.8114747036634,17.9613689703607,48.18258705199104,2.046299366789783
2024-10-13 18:00:00,18,648.7900411838947,17.34109328117961,54.32587770194566,1.481645784339646
2024-10-13 19:00:00,19,593.6402851941227,10.0,18.184388452515456,2.428452148619014
2024-10-13 20:00:00,20,514.4235904402755,18.841439892315172,45.68576251455414,1.3970262529644426
2024-10-13 21:00:00,21,317.4939804523424,19.840920120859586,8.740592060437365,1.448715634022792
2024-10-13 22:00:00,22,140.7180415823787,13.812622595311383,24.482520883669196,0.5313335883244127
2024-10-13 23:00:00,23,274.9721468349972,15.968936186294341,26.364883784396138,1.0123802994124556
2024-10-14 00:00:00,0,0.0,12.626865741092583,18.483195756039795,0.0
2024-10-14 01:00:00,1,122.78538396510042,10.0,22.763720238309496,0.47417431332875426
2024-10-14 02:00:00,2,339.6862239041459,13.083214984857769,20.132481450052946,1.3564947894412918
2024-10-14 03:00:00,3,665.0078473707285,13.678943663094097,10.352123777966092,2.980827059388614
2024-10-14 04:00:00,4,400.44108400889064,14.234808587429482,47.12827012011583,1.0586006413263038
2024-10-14 05:00:00,5,644.7476061068414,12.422618511466965,26.350999942514616,2.3742508239613165
2024-10-14 06:00:00,6,650.502598363019,13.099085281033211,34.02873087834572,2.1457240990471056
2024-10-14 07:00:00,7,750.2501159250985,15.266341816599706,33.275537423857095,2.5030017891395553
2024-10-14 08:00:00,8,808.4084421038953,12.988679832154503,31.09452850220043,2.7851882432985255
2024-10-14 09:00:00,9,833.8271350872398,16.929933779135013,31.856090921128573,2.841012024044035
2024-10-14 10:00:00,10,962.6225173462955,17.344342735677248,23.891655599379572,3.6631803038992032
2024-10-14 11:00:00,11,873.4846464099514,22.440524019978398,58.367937370297255,1.8182483752711431
2024-10-14 12:00:00,12,1075.7446053209496,18.676400577855315,45.21489523270718,2.946739045267914
2024-10-14 13:00:00,13,995.8450962564802,16.02866995647017,30.367640655420395,3.467152179703435
2024-10-14 14:00:00,14,999.7206241211836,13.438567891481892,21.058911280678736,3.9459517241642783
2024-10-14 15:00:00,15,886.584443555589,16.180602836506925,27.62358314541839,3.208390263178329
2024-10-14 16:00:00,16,836.6490890474988,16.279148661233997,38.35243032743492,2.57886915042719
2024-10-14 17:00:00,17,816.3584527046215,13.759421514467945,59.99880185072624,1.632765811373605
2024-10-14 18:00:00,18,613.9827305940817,17.65055497174356,2.5390491066991103,2.9919670377882293
2024-10-14 19:00:00,19,580.1221942556539,11.105066737439302,43.19549517283555,1.6476776991970263
2024-10-14 20:00:00,20,431.23091888972357,14.566161274872396,52.53447273557269,1.0234301468912108
2024-10-14 21:00:00,21,311.43792751780876,16.96693615943715,0.2656306018953636,1.5530532653820637
2024-10-14 22:00:00,22,90.03198585246972,14.436608338708638,26.376982465374503,0.33142132365467664
2024-10-14 23:00:00,23,237.67231937845196,14.679097571197115,8.709640538339222,1.0848595735072761
2024-10-15 00:00:00,0,0.0,14.929243039874608,38.610592233540686,0.0
2024-10-15 01:00:00,1,223.59627663313557,12.835796901388214,22.832981352888954,0.8627129024186887
2024-10-15 02:00:00,2,344.3224308140642,18.864303418174075,27.397218662397492,1.2499383077012636
2024-10-15 03:00:00,3,279.8034558437703,12.288487607683004,21.778883854430514,1.0943269308743637
2024-10-15 04:00:00,4,412.9271011461722,16.297078605681104,44.40326865536537,1.1478698553671254
2024-10-15 05:00:00,5,813.6016657571753,16.58354431829857,34.58065921196277,2.661264231894171
2024-10-15 06:00:00,6,847.180856540719,12.496734919824549,34.61853528079311,2.7694962641352245
2024-10-15 07:00:00,7,790.8318592249869,15.56191338659368,33.21243650162907,2.6408866507261775
2024-10-15 08:00:00,8,886.6152522978265,12.613704105217343,41.44981760904274,2.5955742366321166
2024-10-15 09:00:00,9,873.4118202755114,19.515728048619287,24.760562902873534,3.2857506855753034
2024-10-15 10:00:00,10,1000.5140434250956,11.92625181252281,64.01549575081853,1.8001500923498044
2024-10-15 11:00:00,11,934.0703093160125,13.380909340755556,5.30410497562961,4.422631197818515
2024-10-15 12:00:00,12,837.4116988561292,11.669925598384708,0.0,4.187058494280646
2024-10-15 13:00:00,13,885.7203984529261,11.269504442848794,0.0,4.428601992264631
2024-10-15 14:00:00,14,967.6132461171154,20.11624649609833,0.0,4.838066230585577
2024-10-15 15:00:00,15,833.3941536710798,16.970924645189136,43.46339629640504,2.355863749749738
2024-10-15 16:00:00,16,860.6432065913559,15.763480900553082,41.027353985652816,2.5377203583482353
2024-10-15 17:00:00,17,707.3804571366063,13.372869733410685,54.1555298355119,1.6214741131070554
2024-10-15 18:00:00,18,644.5184673863882,18.065436056591754,8.86723570588956,2.9368374785762508
2024-10-15 19:00:00,19,677.014653521776,12.86993330534909,44.90922909491001,1.864862958827852
2024-10-15 20:00:00,20,519.7984438112082,17.723518506441756,31.136481242986118,1.7897574942629881
2024-10-15 21:00:00,21,381.91027866002213,12.725066793634541,33.331729983117185,1.2730648789964658
2024-10-15 22:00:00,22,329.13616294817314,13.409077517824434,42.512457906992154,0.9460614510907098
2024-10-15 23:00:00,23,168.97487968783977,17.61744778180521,14.874364978751126,0.7192046968033244
2024-10-16 00:00:00,0,115.7250633001094,17.980184193744293,81.74498270808975,0.10562815158254527
2024-10-16 01:00:00,1,93.73745123484036,17.181120962967277,56.63760608550707,0.20323401424928594
2024-10-16 02:00:00,2,224.44824682032012,12.239679814006607,19.365880920092792,0.9049093330693049
2024-10-16 03:00:00,3,278.5946910537822,14.048521564108505,8.185238845533043,1.2789552509002764
2024-10-16 04:00:00,4,465.6815426102063,15.859398384872533,28.241916763906165,1.6708207448067878
2024-10-16 05:00:00,5,685.9430205529162,12.840859275546716,33.64516887164085,2.275781664623268
2024-10-16 06:00:00,6,811.1057709675183,19.50159044166487,51.312305194166214,1.9745435116058523
2024-10-16 07:00:00,7,870.1777537381688,10.0,6.625581768633481,4.062617075658943
2024-10-16 08:00:00,8,722.4900544604836,13.052483615169534,35.709738863983326,2.3224537134719703
2024-10-16 09:00:00,9,1010.5311495241453,13.860002652667497,0.0,5.052655747620727
2024-10-16 10:00:00,10,818.8443364273028,10.0,38.72715186822238,2.5086462334738173
2024-10-16 11:00:00,11,1063.294247303598,11.20001477056842,27.849915590838986,3.8358384847364966
2024-10-16 12:00:00,12,970.5772378743156,17.2645706989032,68.73359524571526,1.5173230382337024
2024-10-16 13:00:00,13,1047.6475264885187,15.479553070935884,0.0,5.238237632442594
2024-10-16 14:00:00,14,859.3299584575032,20.1081102274057,57.4121676298021,1.8298500110738634
2024-10-16 15:00:00,15,1017.5729431277786,20.024381498931447,0.0,5.087864715638892
2024-10-16 16:00:00,16,748.8274240960476,16.68784129708883,3.455794511869918,3.614747435353798
2024-10-16 17:00:00,17,739.8769474229812,16.328416908279127,0.0,3.699384737114906
2024-10-16 18:00:00,18,627.2592109650249,15.586495487013693,35.00705216902108,2.038371258737543
2024-10-16 19:00:00,19,468.41864078292076,10.0,6.526023784925329,2.1892476443620175
2024-10-16 20:00:00,20,507.56220540707733,11.205023621298766,3.0333698943892387,2.4608298313648045
2024-10-16 21:00:00,21,527.1705617920468,15.690728670573794,34.05535203246761,1.7382038558111401
2024-10-16 22:00:00,22,472.17146288812177,17.236779287520008,39.035507717493815,1.4392846752631276
2024-10-16 23:00:00,23,138.2986551869518,16.257711597691415,30.796986083006516,0.47853418798020547
2024-10-17 00:00:00,0,89.33450200540179,12.760256830933969,26.75561701956894,0.32716252391248674
2024-10-17 01:00:00,1,149.09376325433453,18.24987058148943,66.57819264874357,0.24914915163801027
2024-10-17 02:00:00,2,298.72970068397785,19.88498382034485,32.916725324839405,1.0019883282305897
2024-10-17 03:00:00,3,355.31154027491067,18.25162053495496,46.113829478444984,0.9573189123765101
2024-10-17 04:00:00,4,515.606154033808,18.406449722852354,32.858442513799176,1.7309300115649922
2024-10-17 05:00:00,5,651.7597253772349,13.759974340215308,8.042474234906315,2.996710586951373
2024-10-17 06:00:00,6,660.8300028764411,18.66545410218334,40.99775363804034,1.9495227316545147
2024-10-17 07:00:00,7,787.1537962997963,15.874927652063912,16.884053770604154,3.271251630375934
2024-10-17 08:00:00,8,861.3509942646394,16.972318319646956,28.180277239215275,3.093099480390634
2024-10-17 09:00:00,9,989.9917978977286,16.533947262555067,36.10805363786852,3.162625142511589
2024-10-17 10:00:00,10,880.6432525588539,15.073190417759708,0.0,4.4032162627942695
2024-10-17 11:00:00,11,987.3214846851981,12.857644308714036,0.0,4.936607423425991
2024-10-17 12:00:00,12,1152.9604375242159,15.191241743418802,48.189183449951265,2.986791085901554
2024-10-17 13:00:00,13,1084.5696735806853,18.397936586529408,16.72507106802112,4.515873124460555
2024-10-17 14:00:00,14,1073.860150200165,14.113224318142212,17.673560217822782,4.420354149496683
2024-10-17 15:00:00,15,925.8340797255296,18.11769352190538,33.3287679474164,3.086324938578548
2024-10-17 16:00:00,16,891.7052088793206,17.648863745933955,22.286548057562612,3.464874494853208
2024-10-17 17:00:00,17,873.5322336274694,14.54083954302145,38.35176763285579,2.6925859059428365
2024-10-17 18:00:00,18,831.9272235490221,19.60405204493967,28.97756422533912,2.954274890185118
2024-10-17 19:00:00,19,452.6331959780898,14.371011720508823,33.97205900360897,1.4943218978524606
2024-10-17 20:00:00,20,394.76469543601223,19.966292321918836,15.962832195154949,1.6587453476892353
2024-10-17 21:00:00,21,487.43896047730175,16.74003267870386,33.871896465618555,1.6116707022567136
2024-10-17 22:00:00,22,236.66789664101677,15.3900539787204,52.10178173670888,0.5667985284612723
2024-10-17 23:00:00,23,76.7885290794058,12.77424759306798,18.64503567771603,0.31235640218078625
2024-10-18 00:00:00,0,0.0,15.224654146643338,48.306366005443024,0.0
2024-10-18 01:00:00,1,86.12485609652282,14.878156296565201,28.968793633547016,0.305877621333659
2024-10-18 02:00:00,2,146.62950242861484,11.714545681295746,44.689633119558756,0.4055065787411618
2024-10-18 03:00:00,3,549.970974183688,14.836588568895461,32.57542636706222,1.8540779222413297
2024-10-18 04:00:00,4,498.205115841554,13.078025296757204,29.331781598041474,1.7603633967631995
2024-10-18 05:00:00,5,604.1253856677032,17.24741014398481,36.994593641527324,1.9031582707731334
2024-10-18 06:00:00,6,754.1529151999741,19.40827626423307,54.27195124604498,1.724297063710086
2024-10-18 07:00:00,7,870.3409538325609,11.80868780816274,34.72194588430151,2.8407081941695274
2024-10-18 08:00:00,8,941.6964563088096,20.62635802214923,39.570616618167946,2.8453068093798857
2024-10-18 09:00:00,9,1009.7692880238923,15.103781733893072,22.630301728465973,3.906277256913514
2024-10-18 10:00:00,10,915.4581822257999,12.56437068223292,61.417729479900515,1.766022761823717
2024-10-18 11:00:00,11,967.6155169772613,17.762699177673014,42.80674221859343,2.7670541847884746
2024-10-18 12:00:00,12,1061.5225324353821,14.150071402283318,31.554169200500123,3.6328395822464397
2024-10-18 13:00:00,13,949.2537364426406,15.244224808953978,27.54692655490651,3.438817534225403
2024-10-18 14:00:00,14,965.5172957268904,14.276600104412225,49.55816538546221,2.4351231874265795
2024-10-18 15:00:00,15,955.7806336652719,13.03922104145376,17.875918459094812,3.924630334717241
2024-10-18 16:00:00,16,928.8402103692688,17.661425934254172,0.0,4.644201051846344
2024-10-18 17:00:00,17,651.1388633016193,14.6305306283659,31.447991988489107,2.2318438286829347
2024-10-18 18:00:00,18,764.2864331776633,11.179479460510723,53.80009146228687,1.7654981654711521
2024-10-18 19:00:00,19,590.0635043805827,17.14261520969626,61.82617622369348,1.1262490116527113
2024-10-18 20:00:00,20,556.5966168691504,11.872687783977195,27.8541211313224,2.007807604967874
2024-10-18 21:00:00,21,444.8379677534762,12.029654319022686,30.871753278835666,1.5375434392901826
2024-10-18 22:00:00,22,387.4522499920537,19.06725345198041,40.3906086503191,1.1547896399545363
2024-10-18 23:00:00,23,238.80248402974826,11.900415139417827,24.7130116227247,0.8989359919806065
2024-10-19 00:00:00,0,107.7257330088237,10.0,40.328118967822974,0.32140985621032964
2024-10-19 01:00:00,1,246.01981775335065,17.41262058061306,28.291964978634642,0.8820798853703596
2024-10-19 02:00:00,2,282.1293638877965,14.63244583728518,50.227365143803596,0.7021160905499131
2024-10-19 03:00:00,3,385.25823932803695,14.891070762314222,44.45961026195647,1.0698696381035808
2024-10-19 04:00:00,4,569.8253666542666,14.600534945677971,46.20455664604866,1.5327004116747078
2024-10-19 05:00:00,5,667.3279051233624,16.239045942784752,25.89364710395824,2.472661861722408
2024-10-19 06:00:00,6,682.3814822474867,13.285878400019367,68.51854641004522,1.0741180482009403
2024-10-19 07:00:00,7,825.7392129958968,19.972380749425863,39.67823884758944,2.4905021790258974
2024-10-19 08:00:00,8,863.2176864416709,11.115344684800377,34.94588106973663,2.807793301824163
2024-10-19 09:00:00,9,855.564899834482,16.87866087575994,14.781140388660567,3.6455132543692206
2024-10-19 10:00:00,10,1069.1626855991763,17.47039913735832,28.058563597028922,3.8458549675231453
2024-10-19 11:00:00,11,995.8608007762174,13.265080843228438,32.28759521405272,3.371606482630842
2024-10-19 12:00:00,12,1163.896660615908,12.472832789895115,14.246454071513998,4.990413287106888
2024-10-19 13:00:00,13,861.4054797578236,18.59555876823904,24.153657084618242,3.266722770345042
2024-10-19 14:00:00,14,921.3835244615992,12.571453863678427,26.683999637939806,3.3776077406511456
2024-10-19 15:00:00,15,926.4906394465565,13.72404430347687,31.118413218464365,3.1909072691659217
2024-10-19 16:00:00,16,957.0158915947518,18.20596301310781,0.0,4.785079457973759
2024-10-19 17:00:00,17,825.3108900994101,15.648259826345644,27.294589185914713,3.0002283657008
2024-10-19 18:00:00,18,731.9446015210078,10.152605122841257,22.453076338401367,2.838002606933441
2024-10-19 19:00:00,19,518.5803256043889,20.785213559389113,29.58231700750201,1.8258612487278125
2024-10-19 20:00:00,20,407.4446882216422,13.954003849388673,50.70553132360512,1.0042384710452608
2024-10-19 21:00:00,21,408.4838051882823,14.33576425600932,71.04790984242412,0.5913229977860406
2024-10-19 22:00:00,22,149.69056559705237,16.311388882707668,43.56754399289254,0.42237031288673466
2024-10-19 23:00:00,23,87.9759721969057,17.41926651674079,5.311556558673274,0.4165153933781219
2024-10-20 00:00:00,0,40.0733863268686,21.484752294455447,23.091860963349315,0.15409847836481136
2024-10-20 01:00:00,1,51.9402504379095,10.621234972363958,41.919266176621825,0.15083639302019114
2024-10-20 02:00:00,2,387.2475220914653,18.079296047358884,39.66580992858046,1.1682132801276353
2024-10-20 03:00:00,3,480.598339904121,17.83046850273128,49.746514709061486,1.2075870802610607
2024-10-20 04:00:00,4,374.28640013293585,15.189944687958697,28.052980114188085,1.3464395536676645
2024-10-20 05:00:00,5,534.1717295541616,17.963260505029712,22.729995112689885,2.063772607665648
2024-10-20 06:00:00,6,524.2446016269515,18.40426147349069,65.04848007832078,0.916157281879859
2024-10-20 07:00:00,7,730.7460312873847,11.455551065620034,31.17341206739275,2.5147377989402475
2024-10-20 08:00:00,8,927.3364819102304,20.850738938223536,9.666512479577705,4.188476925793506
2024-10-20 09:00:00,9,890.767937129298,10.92515266116662,59.502673140658416,1.8036860152873309
2024-10-20 10:00:00,10,1002.7896057783457,12.195490576864728,0.07809017211110358,5.010032628246406
2024-10-20 11:00:00,11,869.6581159112707,14.816076399708757,0.0,4.348290579556354
2024-10-20 12:00:00,12,1063.8380203665524,21.376260960142215,45.387735160751475,2.9049301857160015
2024-10-20 13:00:00,13,947.0361231395423,14.676669531320886,48.214019420492626,2.4521597140498144
2024-10-20 14:00:00,14,966.8994008717009,15.505637750428615,38.280258838893815,2.9838390375315016
2024-10-20 15:00:00,15,916.4495723998426,19.897675232294738,3.9508783201590028,4.401208824643537
2024-10-20 16:00:00,16,764.301522113056,14.700484992884629,28.822602895153583,2.720049647363977
2024-10-20 17:00:00,17,701.1065937520527,12.06612928178902,24.436628528922576,2.6488988992254066
2024-10-20 18:00:00,18,784.5303387068218,14.349734914866103,19.254219782152212,3.1673757151727355
2024-10-20 19:00:00,19,640.6808016088563,19.713814921998377,58.24138861618559,1.3376970307727467
2024-10-20 20:00:00,20,584.0039233242741,15.814034411746455,9.066678827366221,2.65527081628622
2024-10-20 21:00:00,21,408.6560912052914,21.393414197749827,36.32208906212799,1.3011183089994722
2024-10-20 22:00:00,22,270.2582958872584,17.815244199367513,53.8809396732515,0.6232029325914358
2024-10-20 23:00:00,23,0.0,13.667012611400597,37.62883050638076,0.0
2024-10-21 00:00:00,0,0.0,15.814856625165984,54.822367449907475,0.0
2024-10-21 01:00:00,1,128.33544658775205,13.10197335734511,41.27429444857859,0.3768294824061248
2024-10-21 02:00:00,2,415.06762096432675,13.65632861982444,38.586993409840574,1.2745275270821999
2024-10-21 03:00:00,3,437.63996293298396,29.09888046484802,37.33669737664294,1.3711982718672173
2024-10-21 04:00:00,4,622.8848945367622,18.71750124187218,42.268865333003006,1.7979925864270019
2024-10-21 05:00:00,5,656.5644454802989,18.244921678790767,22.28921805175479,2.5511068228845017
2024-10-21 06:00:00,6,650.2025230305892,13.792086765846557,3.96252296254427,3.1221904937622997
2024-10-21 07:00:00,7,802.7232775832234,20.370379910613984,49.08086822926619,2.0436986173347744
2024-10-21 08:00:00,8,884.9232954855771,18.959874517149558,53.23484601011532,2.069178709130962
2024-10-21 09:00:00,9,848.747086929632,21.30649157984406,35.03957621812087,2.756748522529215
2024-10-21 10:00:00,10,935.1748361616346,21.160970156966094,19.032487607312596,3.785939006812328
2024-10-21 11:00:00,11,974.9835018796365,11.224359847478183,0.0,4.874917509398182
2024-10-21 12:00:00,12,1128.4495866052093,12.332109243961026,31.716141998467762,3.852744566681894
2024-10-21 13:00:00,13,824.9856193425319,12.650264265379839,3.0209931056405708,4.00031430329834
2024-10-21 14:00:00,14,1062.3912999463519,12.829805781773437,0.22024994724148783,5.300256918343609
2024-10-21 15:00:00,15,848.9359137145361,16.63198480455192,29.585369439686147,2.988875436679577
2024-10-21 16:00:00,16,756.2590688028696,13.961217355483296,14.72460997623971,3.224514352558524
2024-10-21 17:00:00,17,887.7487106943124,21.879423334058302,36.90619112329541,2.800572374154393
2024-10-21 18:00:00,18,765.6586267252982,21.37566735801566,26.814087948762513,2.801771245839447
2024-10-21 19:00:00,19,709.1229251992158,15.642242929533628,17.8673086755478,2.91210871632399
2024-10-21 20:00:00,20,564.056155803646,21.52760636022012,0.0,2.82028077901823
2024-10-21 21:00:00,21,547.4710325040821,20.126031593491355,12.942237483392848,2.383080156623105
2024-10-21 22:00:00,22,303.5169520580799,14.309508034238972,13.677270198978189,1.310020592126966
2024-10-21 23:00:00,23,118.00800213019932,10.0,5.493846529700761,0.5576241180020007
2024-10-22 00:00:00,0,27.434110185707404,15.070678009325846,23.419114095152302,0.10504642310163392
2024-10-22 01:00:00,1,230.00372248772865,13.790716770972615,7.054960176506967,1.0688852573086791
2024-10-22 02:00:00,2,196.46901908171145,16.344100039645525,26.725145054175698,0.7198119437280397
2024-10-22 03:00:00,3,330.5323457625793,15.992268024832281,34.80822427337312,1.0773995277674981
2024-10-22 04:00:00,4,475.2831988321673,15.913636140905721,13.476600912216444,2.0561558946137
2024-10-22 05:00:00,5,440.394805107494,17.29563738834553,38.50817258837169,1.3540340674323854
2024-10-22 06:00:00,6,718.1530538599513,12.087017322957,2.772842575045928,3.4911990011426504
2024-10-22 07:00:00,7,642.4630439751533,16.958663996917156,7.756452032074186,2.963153530727084
2024-10-22 08:00:00,8,870.270148819048,14.405734705157016,27.735654047504617,3.1444751553194665
2024-10-22 09:00:00,9,993.1027130021066,16.324529763799095,43.74082183777277,2.7935571232088368
2024-10-22 10:00:00,10,927.7757094375615,18.596812699904604,47.34799082978533,2.442462758060445
2024-10-22 11:00:00,11,1125.6141309887598,12.051383844544945,62.24781244315118,2.1247197894863525
2024-10-22 12:00:00,12,883.1599280465209,14.880702206199327,22.468222503649795,3.4236479517497758
2024-10-22 13:00:00,13,1086.7457159043568,15.368980462121442,27.44997362643391,3.9421715175110523
2024-10-22 14:00:00,14,1019.9367908016221,14.181776249496112,9.34648941964026,4.623042532811651
2024-10-22 15:00:00,15,786.5968726464316,18.424071652606905,4.92467336017954,3.739297730036037
2024-10-22 16:00:00,16,1082.8889477076814,13.563418087806621,34.571441726550496,3.5425931309383225
2024-10-22 17:00:00,17,788.2537174509181,14.058381965881019,14.482570011075143,3.370471604780932
2024-10-22 18:00:00,18,636.9080594140971,13.59482576535184,54.6475840003458,1.4442659632040302
2024-10-22 19:00:00,19,496.19445342599937,19.00074939852444,0.7522853626521844,2.4623082759129176
2024-10-22 20:00:00,20,482.39855778722597,14.247250826971385,39.72706411649393,1.4537788671902636
2024-10-22 21:00:00,21,372.49088257389315,17.104719336858704,9.885215223659415,1.6783467857147765
2024-10-22 22:00:00,22,267.0306873856942,21.651698467898257,13.591030664558328,1.153692323896618
2024-10-22 23:00:00,23,106.70249972213519,15.50012790315628,40.782241305040614,0.31593414403471864
2024-10-23 00:00:00,0,50.65802480920748,19.126469162933127,16.482391277841835,0.21154185473263856
2024-10-23 01:00:00,1,99.51580560699186,20.80434937511304,19.684318649601998,0.39963398662296545
2024-10-23 02:00:00,2,104.02191572328314,18.871861802954896,13.756832728968625,0.44855897387881183
2024-10-23 03:00:00,3,370.7345127131185,15.739883174900434,65.70059583226883,0.635798644523706
2024-10-23 04:00:00,4,310.60178773013763,17.716610399829495,17.650273778399807,1.2788986091758208
2024-10-23 05:00:00,5,637.0630794800318,11.928151343427619,31.031044348655264,2.196878763788371
2024-10-23 06:00:00,6,628.7627627639367,13.450157648383799,25.961727994378514,2.3276254228261197
2024-10-23 07:00:00,7,806.4221686844994,13.976261577937898,34.428341234485224,2.6439219632963202
2024-10-23 08:00:00,8,971.1514023064068,22.512123483356504,17.705261060681295,3.9960325561679513
2024-10-23 09:00:00,9,847.9796368898466,13.352533580067854,25.983655309167,3.1382176547423146
2024-10-23 10:00:00,10,1050.8263269700378,13.307856869048166,37.87904017987871,3.2639170017815675
2024-10-23 11:00:00,11,956.7736960389179,12.658524182086705,12.739857239940164,4.174410465271304
2024-10-23 12:00:00,12,1140.2555841652468,17.469722408625938,51.786427132563084,2.7487897847326486
2024-10-23 13:00:00,13,962.2326523179531,16.218151300840304,53.70961038083265,2.227106219004142
2024-10-23 14:00:00,14,898.6863874485332,19.050564053913348,42.12985252317479,2.600355688853095
2024-10-23 15:00:00,15,978.8586085429099,17.80406612106572,31.39752767192967,3.3576060302829203
2024-10-23 16:00:00,16,831.1622254145478,11.649117582661454,0.0,4.15581112707274
2024-10-23 17:00:00,17,726.0373791609146,13.368453812802542,38.48582265308926,2.2330796051095385
2024-10-23 18:00:00,18,668.8795931302444,19.88627336766112,22.17339189542271,2.6028314981848317
2024-10-23 19:00:00,19,605.1929064340806,15.18039238910324,25.074511771649206,2.267218699345405
2024-10-23 20:00:00,20,607.3744104995882,19.353062576887694,0.0,3.036872052497941
2024-10-23 21:00:00,21,227.95641272832376,15.341244279087704,39.87176971748385,0.6853307839452473
2024-10-23 22:00:00,22,260.6654978185547,12.88731783796809,1.0283790634609105,1.2899243420666127
2024-10-23 23:00:00,23,180.51847979237544,14.880504789833537,32.368490919827885,0.6104368602608453
2024-10-24 00:00:00,0,15.475885999343689,12.954570731497576,48.09314963819682,0.04016522493921289
2024-10-24 01:00:00,1,235.3154057747343,14.162061830939393,20.61343637364896,0.9340440716398278
2024-10-24 02:00:00,2,252.87141872183886,16.4614972378424,54.32103450456881,0.5775452405287805
2024-10-24 03:00:00,3,367.9193169902142,17.393535389253724,15.060192435856393,1.5625497992139974
2024-10-24 04:00:00,4,547.3863637610674,11.08814614838377,42.00866153462003,1.5871833946100828
2024-10-24 05:00:00,5,616.7065342048286,15.80661609561937,3.904284970829451,2.9631427683787313
2024-10-24 06:00:00,6,675.8740821241099,14.098872911467407,50.62260869361047,1.6686449513444515
2024-10-24 07:00:00,7,834.6448634581457,13.913475691270227,47.51980765158579,2.19011614884497
2024-10-24 08:00:00,8,813.8231403271069,16.256773975545894,39.36715845927459,2.467220475481451
2024-10-24 09:00:00,9,874.9853603497404,14.207364500079027,22.134317267723773,3.4065666232189633
2024-10-24 10:00:00,10,923.6863045478193,20.005134102686686,1.9599875314377613,4.527910840745419
2024-10-24 11:00:00,11,1099.6903941871228,19.422905746899843,22.18719369561085,4.278499781883997
2024-10-24 12:00:00,12,742.3186915211429,19.404204999972784,52.20614351496245,1.7739136504361186
2024-10-24 13:00:00,13,1023.0927681548457,14.373989531675758,32.599237431382306,3.4478616376037285
2024-10-24 14:00:00,14,968.6675714250863,12.971223613388696,0.0,4.843337857125432
2024-10-24 15:00:00,15,789.4098957722372,16.10480990631101,7.505447211601176,3.65080576380948
2024-10-24 16:00:00,16,890.8035461153189,15.407675019287863,55.063028017045596,2.0015006997050255
2024-10-24 17:00:00,17,831.4134996377579,14.03225063087657,39.758255042557714,2.5042899999676167
2024-10-24 18:00:00,18,754.2779196951396,12.33151677814578,5.319997585201442,3.570751762908253
2024-10-24 19:00:00,19,396.6151839651248,15.73416621034245,0.0,1.983075919825624
2024-10-24 20:00:00,20,609.3111529483549,14.646511767389244,17.49915730799867,2.5134341789937094
2024-10-24 21:00:00,21,323.6644959903026,17.923761229260723,0.0,1.618322479951513
2024-10-24 22:00:00,22,313.74446484277513,17.8540382727111,26.883310199859988,1.1469978356210062
2024-10-24 23:00:00,23,189.81209467463486,19.161119534414816,79.03250743672608,0.19899418417549264
2024-10-25 00:00:00,0,0.0,12.151975216333526,0.0,0.0
2024-10-25 01:00:00,1,183.3629884081756,17.13303679505454,26.279486735875697,0.675880680954719
2024-10-25 02:00:00,2,227.97958582953217,13.747464753272624,56.23853150662502,0.4988360731205875
2024-10-25 03:00:00,3,216.97325801803723,12.268619239540387,44.981757166001906,0.596874369906005
2024-10-25 04:00:00,4,593.4193540422223,14.644055161127511,27.025185704017233,2.1652333580436607
2024-10-25 05:00:00,5,546.7578319674215,19.135976812377493,27.073026596636055,1.9936696934984537
2024-10-25 06:00:00,6,638.7473041675032,14.812906811262188,6.881804351508414,2.9739498219708067
2024-10-25 07:00:00,7,761.1080708482975,20.626225851850975,24.64688459988893,2.867593214729384
2024-10-25 08:00:00,8,887.8043418106296,17.57649741853464,34.868814284802596,2.891187473261336
2024-10-25 09:00:00,9,919.2978996455184,14.74759043503191,52.1022708654818,2.201614089557627
2024-10-25 10:00:00,10,1009.771180265642,19.410007158692867,17.59648752970488,4.160434602258222
2024-10-25 11:00:00,11,884.2857120515175,17.266052188316497,26.20329743873075,3.262868483572301
2024-10-25 12:00:00,12,940.6090903655412,13.132183706633525,11.015730384866352,4.184970644976647
2024-10-25 13:00:00,13,982.1650955880875,21.506269778715186,34.506503590810105,3.2162713080565024
2024-10-25 14:00:00,14,1117.756809701765,16.70829834123307,45.675589006179266,3.036074016069027
2024-10-25 15:00:00,15,914.7745294381862,15.986250447930116,42.5929602685979,2.6257248878366304
2024-10-25 16:00:00,16,952.8431848773693,13.363263862256794,6.596258491152895,4.44995592693762
2024-10-25 17:00:00,17,796.4377537939807,19.468476674796854,32.9372641891283,2.67056473362449
2024-10-25 18:00:00,18,668.4140901915422,17.48168815405756,16.453749434996233,2.79217455301608
2024-10-25 19:00:00,19,589.0234750795655,17.817576412859363,50.22100031305666,1.4660499690793984
2024-10-25 20:00:00,20,486.52642303768937,14.407267841396335,26.77374554452924,1.7813253826333926
2024-10-25 21:00:00,21,430.975091481949,18.432163587703847,0.0,2.1548754574097453
2024-10-25 22:00:00,22,368.7879465086454,18.665302652686044,25.603945887845335,1.3718184012183792
2024-10-25 23:00:00,23,159.30066003495767,13.923527155630273,39.16945138397762,0.4845173272410473
2024-10-26 00:00:00,0,94.96621429934044,11.752720884434593,34.880121262855994,0.30920941796493395
2024-10-26 01:00:00,1,53.34301320967673,17.747810481494337,19.764079726960393,0.21400128775076602
2024-10-26 02:00:00,2,225.64860439739837,11.283650454660346,18.294532202577077,0.9218362390062529
2024-10-26 03:00:00,3,324.73922962847644,16.459738636990906,10.24991203567367,1.4572687212311664
2024-10-26 04:00:00,4,525.1555672699881,14.661955989115645,22.105007593293877,2.045349446241758
2024-10-26 05:00:00,5,580.0447581943675,19.65968693584433,12.886420669483947,2.526488752910752
2024-10-26 06:00:00,6,765.4886161492832,14.825159631175945,49.40171972354629,1.9366203774178057
2024-10-26 07:00:00,7,718.87320336064,19.32551021948898,11.977252185367675,3.1638597345055257
2024-10-26 08:00:00,8,869.467881650141,14.461062970388488,32.44568924724402,2.936815173326704
2024-10-26 09:00:00,9,978.8281653922671,19.003664318656398,31.086078066526653,3.3727443888063817
2024-10-26 10:00:00,10,800.7016042858195,22.184715934988063,48.913348957698226,2.045258172358043
2024-10-26 11:00:00,11,1161.1753659602264,12.799549888378845,51.787365779167416,2.799166159264091
2024-10-26 12:00:00,12,977.34784920961,16.87979846867029,43.91939886562657,2.740512745053094
2024-10-26 13:00:00,13,829.4416682797164,24.250038551207762,37.0585668658026,2.6103123651372457
2024-10-26 14:00:00,14,978.5733381752113,16.20345778418633,9.027077078118843,4.451183843361072
2024-10-26 15:00:00,15,926.5550099491389,16.18905611416651,8.622598245234848,4.233309469600645
2024-10-26 16:00:00,16,859.4738534186392,18.369188145530625,13.08618360470102,3.735007634629386
2024-10-26 17:00:00,17,872.6486293253686,16.12693389576183,45.0384199925583,2.3981073729525284
2024-10-26 18:00:00,18,766.9023789007122,10.882013319765909,31.466598565012717,2.6279214297324613
2024-10-26 19:00:00,19,632.5915242906283,19.40055342799438,47.37314481471125,1.6645651270141981
2024-10-26 20:00:00,20,536.0124507157317,10.0,50.05605468640166,1.3385288262977164
2024-10-26 21:00:00,21,374.334756410043,14.75331635006254,15.480961994015042,1.5819206751990773
2024-10-26 22:00:00,22,400.8583130417249,19.625968550947512,30.641486551143743,1.3901468348095156
2024-10-26 23:00:00,23,12.190510751430665,14.93406401754921,29.740126426328196,0.04282518720970028
2024-10-27 00:00:00,0,11.172133937271727,13.999097058011301,23.444246207515697,0.04276455675192163
2024-10-27 01:00:00,1,135.72816271515399,18.717978250904196,19.30314290950577,0.5476418074890064
2024-10-27 02:00:00,2,323.88147758768827,13.526842174901354,53.69511006822114,0.7498648085319902
2024-10-27 03:00:00,3,315.1751221710979,12.413509376628653,31.03943453431002,1.0867327322818416
2024-10-27 04:00:00,4,360.506191808277,16.903728497884366,30.262895771195357,1.2570328936631625
2024-10-27 05:00:00,5,621.307270296576,15.531416640166743,13.944446502628086,2.6733470518656555
2024-10-27 06:00:00,6,729.6052205640359,12.349167192837989,43.50424860827009,2.0609797577547018
2024-10-27 07:00:00,7,912.5212930470473,17.991044155389126,9.897849983239698,4.111006521980657
2024-10-27 08:00:00,8,764.3964400784316,17.473649352136217,39.098110576893646,2.3276593734536393
2024-10-27 09:00:00,9,1016.2550338486242,15.000921485587618,39.64458720110324,3.066824603844526
2024-10-27 10:00:00,10,1155.3189754112382,15.206190517029675,21.749699013528627,4.520202878065556
2024-10-27 11:00:00,11,961.2236703720121,17.491364761431985,36.35304162366359,3.058948146925838
2024-10-27 12:00:00,12,896.7246224405421,19.651270794660714,33.713391180889744,2.972041713309028
2024-10-27 13:00:00,13,958.8869120639405,15.23180690507654,29.212787503797006,3.393846580204903
2024-10-27 14:00:00,14,967.0462236787789,18.04425201442895,30.25887960290465,3.3721443557569053
2024-10-27 15:00:00,15,968.98256251184,17.775787186658313,31.235636463870424,3.331573459436729
2024-10-27 16:00:00,16,818.7138253973949,18.718108413531443,32.59823345344096,2.7591379063937755
2024-10-27 17:00:00,17,917.7692230230227,16.19811413163491,31.20484062687413,3.1569039982809377
2024-10-27 18:00:00,18,617.9441959859028,13.343209993205441,7.922716195757165,2.8449311554489314
2024-10-27 19:00:00,19,469.6250168348967,14.692689075804607,26.955780979887905,1.715169629350601
2024-10-27 20:00:00,20,588.5368339429853,17.108746932749458,35.29897202393744,1.903946907894419
2024-10-27 21:00:00,21,200.71374986859394,21.535579670549293,31.94577457078583,0.6829709390150099
2024-10-27 22:00:00,22,242.48866359270374,14.62812766581568,49.07500518790277,0.6174366967725414
2024-10-27 23:00:00,23,379.94068255669583,18.49454886598671,42.401731789989086,1.0941962668897591
2024-10-28 00:00:00,0,0.0,15.175155548536084,12.591809298937282,0.0
2024-10-28 01:00:00,1,40.8647801643516,16.490731168224773,26.667457838912103,0.14983591071529512
2024-10-28 02:00:00,2,254.22724799957732,20.705515148357144,23.77326693105624,0.9689456286057974
2024-10-28 03:00:00,3,378.6193692755271,18.452202644827665,29.91303026745632,1.3268142137284322
2024-10-28 04:00:00,4,512.8519952282492,12.435427082343494,29.940372003226003,1.7965110001547226
2024-10-28 05:00:00,5,661.7424675814901,14.441899829131591,42.230433384796974,1.9114287781528863
2024-10-28 06:00:00,6,623.9778877171284,19.92798893389044,33.546567262822876,2.0732736295448024
2024-10-28 07:00:00,7,928.3571847101788,16.584959028451852,54.61090010417101,2.1068648497910436
2024-10-28 08:00:00,8,885.6345465342479,12.712804541718775,34.8200627532472,2.886280208332932
2024-10-28 09:00:00,9,982.0230562234309,13.702467565645202,13.388189593254467,4.2527397380338305
2024-10-28 10:00:00,10,915.673874308617,18.26980546869988,20.65438759663561,3.632735215938926
2024-10-28 11:00:00,11,1094.3554323334529,19.142555744219255,42.07578141463517,3.1694841636282174
2024-10-28 12:00:00,12,979.4358072949549,16.212890805012886,0.0,4.897179036474774
2024-10-28 13:00:00,13,1013.6490624532928,23.58526630337467,3.0823917047990967,4.912022139182294
2024-10-28 14:00:00,14,891.2773401140997,18.63178199093328,30.21394414250461,3.1099365120861244
2024-10-28 15:00:00,15,844.1250023991166,15.428881691667662,49.018442370423315,2.151740372818856
2024-10-28 16:00:00,16,921.0818283006694,13.712206756268332,56.140708639097554,2.019899813733589
2024-10-28 17:00:00,17,757.8647938746444,13.23467198664924,25.65788505956457,2.817063580776911
2024-10-28 18:00:00,18,638.8009341861975,17.16558886200747,51.21657373971768,1.5581449133935912
2024-10-28 19:00:00,19,557.3067616465582,14.692993765826143,31.445358195377956,1.910298270998684
2024-10-28 20:00:00,20,555.9162457373936,21.180556162516638,0.0,2.7795812286869683
2024-10-28 21:00:00,21,332.36040346880105,20.55826030931994,29.838469270432608,1.1659457330633851
2024-10-28 22:00:00,22,249.4066505743479,18.058524543058045,17.621837507568976,1.0272830793853298
2024-10-28 23:00:00,23,131.72841224301976,12.622336381695678,48.36461760955482,0.3400923468927263
2024-10-29 00:00:00,0,0.0,14.224426330900354,29.486494792910264,0.0
2024-10-29 01:00:00,1,12.836079790170132,20.008115525780873,4.441737868870593,0.06132967386625849
2024-10-29 02:00:00,2,285.7212762423258,14.551884349172262,0.005703781828817256,1.4285248966204522
2024-10-29 03:00:00,3,323.72108347287406,19.607508150316143,29.58040085171098,1.13981544670048
2024-10-29 04:00:00,4,584.5379929024334,17.664894717661852,0.0,2.922689964512167
2024-10-29 05:00:00,5,686.1059973487642,16.39623660299713,19.636694203441984,2.756887303689558
2024-10-29 06:00:00,6,764.6402744949826,14.132584509751245,34.62060651485683,2.4995858690397674
2024-10-29 07:00:00,7,938.9350832762432,15.958351417983314,8.859669918892838,4.278742670726432
2024-10-29 08:00:00,8,859.3782575649839,16.81002681318226,49.87974313810659,2.153612950534169
2024-10-29 09:00:00,9,975.7900865835937,19.338699643460934,53.82013099501384,2.253092918739723
2024-10-29 10:00:00,10,919.1737481613859,13.583876146656305,9.665980944960964,4.151632944065114
2024-10-29 11:00:00,11,1187.6344544033082,15.452632420979224,24.039116516070266,4.5106881206215075
2024-10-29 12:00:00,12,1158.6906921948816,16.375552344354425,49.89386302642943,2.902875726655902
2024-10-29 13:00:00,13,992.3952961352336,18.229118021616063,29.973849314898217,3.474681127317604
2024-10-29 14:00:00,14,996.8527246814839,13.515689935989238,2.1104284380196034,4.8790743064731625
2024-10-29 15:00:00,15,1032.6233404604714,12.291373569895924,27.13357862871294,3.7621783721909363
2024-10-29 16:00:00,16,854.2542433993101,18.26297840368772,12.941433554083215,3.718507490534261
2024-10-29 17:00:00,17,740.8234146272589,11.68723560371746,52.1639579285177,1.7719030014824366
2024-10-29 18:00:00,18,777.0259612670983,20.096022092844073,42.11864188649177,2.2487658963796946
2024-10-29 19:00:00,19,615.0365686954143,15.773304656108845,23.72486109468744,2.3455999854544767
2024-10-29 20:00:00,20,514.6395559716207,11.59848970173423,32.84296025060081,1.728083455849964
2024-10-29 21:00:00,21,315.94172491965264,14.799822290347086,3.8375684605502727,1.519086224652088
2024-10-29 22:00:00,22,121.40527323344935,17.37845384776528,14.924450828847768,0.5164310146304747
2024-10-29 23:00:00,23,149.4175850103801,14.642979685892636,61.06558375384986,0.2908743224644331
2024-10-30 00:00:00,0,72.39696331953598,16.385525699177073,31.070293051593346,0.24951507327850808
2024-10-30 01:00:00,1,112.46165229396823,18.54567154981989,48.6017160958273,0.2890167966468867
2024-10-30 02:00:00,2,373.73340666723016,15.71886544654117,34.64026176816057,1.2213558814131877
2024-10-30 03:00:00,3,326.3701263318462,13.514263423305628,56.285636860590486,0.7133531110162642
2024-10-30 04:00:00,4,415.6236436027263,15.428484460588505,0.0,2.0781182180136315
2024-10-30 05:00:00,5,603.3830044330301,20.56995686208181,26.23564831961987,2.22540780684812
2024-10-30 06:00:00,6,700.4993751584443,21.38062948870358,62.895632924327785,1.2995792976078973
2024-10-30 07:00:00,7,854.9508387980532,10.265657930877204,49.12346871121288,2.174846655024197
2024-10-30 08:00:00,8,804.0283778593197,19.59852018027846,56.507445175803824,1.748462415212799
2024-10-30 09:00:00,9,1033.3270714564785,17.075879600810097,29.864708126870184,3.6236347878503286
2024-10-30 10:00:00,10,1123.2791832897287,19.097384490064478,19.257871691732333,4.534797597159269
2024-10-30 11:00:00,11,988.3133392163429,14.67397167190114,9.456710806241432,4.474257024335728
2024-10-30 12:00:00,12,1099.9768336147454,11.02064592419957,8.061438166769793,5.056514406620502
2024-10-30 13:00:00,13,906.9250957237894,18.078902818646412,46.14121124417038,2.4422943573974063
2024-10-30 14:00:00,14,1051.9435495836217,13.502504668855877,40.26422100841704,3.141933369477426
2024-10-30 15:00:00,15,1007.6616451960438,12.160559158249471,28.668531013392798,3.59389926966476
2024-10-30 16:00:00,16,935.100386199629,12.37023230528363,40.16381309703361,2.7976420740838535
2024-10-30 17:00:00,17,792.1082931816118,18.12817779995003,32.849035181041216,2.6595418064121956
2024-10-30 18:00:00,18,470.7668658871852,16.74379385079162,49.24435402798967,1.1947038190161419
2024-10-30 19:00:00,19,557.4232575165504,18.67283451832805,49.0537350981634,1.4199316469941428
2024-10-30 20:00:00,20,449.9267185852317,18.332662216193125,8.68251799030315,2.0543087515044416
2024-10-30 21:00:00,21,304.42303732025175,15.06263575895273,35.4729197493958,0.9821764879648283
2024-10-30 22:00:00,22,268.5984854662863,16.11401573107166,0.0,1.3429924273314318
2024-10-30 23:00:00,23,97.00911657835323,14.79112386635641,32.66041476181192,0.3266276837354671
2024-10-31 00:00:00,0,0.0,15.781377098645498,42.08608559403171,0.0
2024-10-31 01:00:00,1,45.822180360225985,13.510596203298773,3.7256131041367837,0.22057511602062108
2024-10-31 02:00:00,2,201.57800626370252,17.583813298864975,21.67074529078336,0.7894727498202811
2024-10-31 03:00:00,3,472.40336931308406,19.63772266418724,30.190527544396044,1.6489114998998124
2024-10-31 04:00:00,4,447.11799562980036,13.962521327779012,34.67829832746779,1.460325416147519
2024-10-31 05:00:00,5,567.5663324940588,20.256169353445998,24.427925935503303,2.144608245787788
2024-10-31 06:00:00,6,670.5709719846878,16.752924906675794,6.55423695190656,3.1331008077505427
2024-10-31 07:00:00,7,820.472821395989,17.13559734645941,28.919855961614836,2.915966316220358
2024-10-31 08:00:00,8,902.5253628667211,11.314071858419416,0.0,4.512626814333606
2024-10-31 09:00:00,9,680.3070093718336,10.990573488544769,25.3471712663571,2.539342132846614
2024-10-31 10:00:00,10,1047.6566433952771,16.844709505581015,21.172527726061407,4.129206250492439
2024-10-31 11:00:00,11,1106.3543041133105,18.781556791137994,27.314686531211585,4.020785470100962
2024-10-31 12:00:00,12,915.9850770110664,14.398219086307114,18.813560450486342,3.7182783541507782
2024-10-31 13:00:00,13,913.6610017950235,21.422642118991238,0.0,4.568305008975118
2024-10-31 14:00:00,14,929.9055552668068,18.617168340004916,22.673133588209755,3.5953341323849006
2024-10-31 15:00:00,15,863.3992109547585,13.687336662118014,48.61640250074638,2.2182278768436237
2024-10-31 16:00:00,16,883.9395537001673,16.50490641840249,55.229216079776094,1.9787333378624676
2024-10-31 17:00:00,17,637.6313173825262,23.843147818412206,78.78668557438533,0.6763136811627215
2024-10-31 18:00:00,18,617.6725725436085,12.684668408842853,63.83300816795328,1.1169679443031986
2024-10-31 19:00:00,19,731.8972050227133,17.997170233987287,6.061241466637917,3.4376757406935634
2024-10-31 20:00:00,20,425.74240261215846,15.444126759071944,21.83124797454681,1.6639876148255235
2024-10-31 21:00:00,21,482.1576946133239,18.533049289997507,29.54428730324446,1.6985382003103173
2024-10-31 22:00:00,22,287.246100749732,20.214181356197116,28.288803315326007,1.0299380813884857
2024-10-31 23:00:00,23,0.0,15.253649151107869,31.39066659792452,0.0
2024-11-01 00:00:00,0,50.8263356172965,19.858565899846244,78.15182843095117,0.055523125039637584
2024-11-01 01:00:00,1,121.1128080446233,23.165439267540606,8.35896908415205,0.554945129316124
2024-11-01 02:00:00,2,222.38168060254156,16.700653296757427,15.729377275714025,0.9370121353424722
2024-11-01 03:00:00,3,402.2799998188501,18.856495147207276,62.87651860178186,0.7467017045075138
2024-11-01 04:00:00,4,537.9706788453433,14.730506774114897,17.680373138302954,2.214277277254126
2024-11-01 05:00:00,5,665.3687747666902,16.55960701181836,37.87161300671431,2.0669144365976635
2024-11-01 06:00:00,6,801.3670089903877,15.971803806599995,50.69314739736417,1.9756442496452096
2024-11-01 07:00:00,7,826.0042133135039,18.89263686170051,39.729980334640594,2.4891645090037304
2024-11-01 08:00:00,8,755.9746766815296,20.1158568919955,33.835312662049844,2.500941405902068
2024-11-01 09:00:00,9,885.9878958991912,16.172864537372345,48.77221539387968,2.269359854737676
2024-11-01 10:00:00,10,1201.369693110558,21.102697621923493,12.138628869900593,5.2776994235420185
2024-11-01 11:00:00,11,1049.4041462043485,21.09197140940961,20.072737410079974,4.1938000378312905
2024-11-01 12:00:00,12,1189.5429840649197,19.042390314264424,40.712751769303274,3.526236508867031
2024-11-01 13:00:00,13,1103.079587949745,14.953749489559538,0.0,5.515397939748725
2024-11-01 14:00:00,14,985.2699920135284,14.666342634505014,58.33167646689385,2.05272743973403
2024-11-01 15:00:00,15,947.9920980937762,14.064685020654606,36.06784750395562,3.0303587690188185
2024-11-01 16:00:00,16,863.099000594291,19.349327295439206,33.060635055623,2.8887649491954157
2024-11-01 17:00:00,17,654.3289710235154,12.86652446225663,0.0,3.271644855117577
2024-11-01 18:00:00,18,708.5505613840056,18.532342047057742,4.267817492005239,3.3915545829277884
2024-11-01 19:00:00,19,705.6153932120965,13.258501041252384,22.028326713982764,2.7509006452559084
2024-11-01 20:00:00,20,452.0288004143036,18.972467444250643,46.14859700591198,1.2171192548022423
2024-11-01 21:00:00,21,415.6396722900347,16.553487832916403,0.0,2.0781983614501733
2024-11-01 22:00:00,22,326.9463287739768,20.502744770304204,45.767296015547124,0.8865591733601347
2024-11-01 23:00:00,23,57.75175707505396,19.926192819688534,22.799373517832667,0.22292359133200526
2024-11-02 00:00:00,0,0.0,20.89901217966155,25.531530545166962,0.0
2024-11-02 01:00:00,1,49.09327298187884,20.976272098522553,35.07185883381613,0.15937674792387152
2024-11-02 02:00:00,2,193.04579656736826,17.024708445619808,35.38634475692823,0.6236697272764049
2024-11-02 03:00:00,3,279.6750096728449,13.1174367443814,15.751428201268055,1.1781110066366862
2024-11-02 04:00:00,4,427.9641230897578,13.43624677866308,42.498201769376855,1.2304353327926412
2024-11-02 05:00:00,5,722.3178834725477,10.333270355707402,0.0,3.6115894173627385
2024-11-02 06:00:00,6,633.8686188593242,13.342818443370934,20.991622268646907,2.5040465635444287
2024-11-02 07:00:00,7,803.4700778160906,16.800286916769164,33.07363526353808,2.6886665741376556
2024-11-02 08:00:00,8,825.795903490762,14.914853401179728,23.101013695710506,3.1751433936337246
2024-11-02 09:00:00,9,1018.1888074742417,16.05340913042566,0.0,5.090944037371209
2024-11-02 10:00:00,10,1070.8188100173577,18.07196220203942,45.16054757520942,2.936155859375887
2024-11-02 11:00:00,11,1060.570459944926,15.681620169457942,5.032243757458957,5.035999845904469
2024-11-02 12:00:00,12,1024.4907642482203,13.228329542417463,28.64971984943421,3.6548851520388888
2024-11-02 13:00:00,13,972.9600984265384,16.434114940964918,33.06069194135246,3.256463787867304
2024-11-02 14:00:00,14,870.5758499537685,13.89834448333668,30.396543075307342,3.0297544335967412
2024-11-02 15:00:00,15,1079.3618430010627,15.781456452718027,53.380218517276305,2.5159806630749735
2024-11-02 16:00:00,16,805.2515623642345,20.622146836924227,28.934748800126265,2.8612702279252558
2024-11-02 17:00:00,17,846.4450480538626,15.782300031366692,38.549108093938806,2.6007401576189335
2024-11-02 18:00:00,18,791.8720269964194,21.90668860369845,28.88191933697518,2.8158209345362164
2024-11-02 19:00:00,19,564.3389892562943,20.888723904469124,42.25912168332549,1.629271445400139
2024-11-02 20:00:00,20,583.0410021852769,14.855900017918087,57.86990594095046,1.2281786131174113
2024-11-02 21:00:00,21,443.82048863219836,13.260444644407889,32.75083658944388,1.4923278282489787
2024-11-02 22:00:00,22,397.05615193306227,16.436153457894637,45.637007151659994,1.0792580373963234
2024-11-02 23:00:00,23,92.9784749059151,20.053799233845883,59.10657869764395,0.1901103973189063
2024-11-03 00:00:00,0,0.0,15.217721017655855,57.143684939485425,0.0
2024-11-03 01:00:00,1,90.08701178449067,19.412564631128337,22.294211927775788,0.3500141122892799
2024-11-03 02:00:00,2,275.52732850526735,20.313613703750185,50.728647114903346,0.6787802116135488
2024-11-03 03:00:00,3,387.3404505318943,14.366216785254101,34.97542320094386,1.2593324436496085
2024-11-03 04:00:00,4,468.52496829803584,14.660140471476158,52.34459995467827,1.1163872397732288
2024-11-03 05:00:00,5,456.0256322905411,18.82627983272294,41.372691671259,1.336777767505331
2024-11-03 06:00:00,6,744.7454208768761,17.14383638526663,35.51336152072376,2.4013064357591767
2024-11-03 07:00:00,7,951.1408986178113,14.630109156710883,38.679441606927085,2.9162245506866675
2024-11-03 08:00:00,8,903.1655028342788,15.631752391983158,35.104759120778624,2.9305571430116815
2024-11-03 09:00:00,9,972.6103740355677,16.47673507815966,35.886660902730206,3.117864936003238
2024-11-03 10:00:00,10,1011.7214507814765,11.993730461475536,26.823352788361824,3.701719184014143
2024-11-03 11:00:00,11,1023.2085949644022,18.985223055790005,24.965513187849655,3.8387965912467665
2024-11-03 12:00:00,12,1074.5332773494476,15.252217169524345,65.26349858745338,1.8662763353238714
2024-11-03 13:00:00,13,1023.0747558686635,10.0,39.55055822222368,3.092214894459774
2024-11-03 14:00:00,14,940.9116527168064,16.61668083141356,18.533901555372005,3.8326200663962493
2024-11-03 15:00:00,15,860.2004197105865,14.463579959661395,24.451651371407127,3.2493360599378653
2024-11-03 16:00:00,16,846.1075113619847,21.75476031324995,51.125169068959025,2.067668078365042
2024-11-03 17:00:00,17,818.4837000072886,14.931958673582015,15.27626579822761,3.4672497723950366
2024-11-03 18:00:00,18,681.8201442967098,13.395363645606086,0.3594463637797851,3.396846832902586
2024-11-03 19:00:00,19,633.9085236592351,18.212091746227966,1.8310171879591088,3.1115077481754834
2024-11-03 20:00:00,20,535.1320106960333,14.70695163231917,0.0,2.6756600534801662
2024-11-03 21:00:00,21,449.33778686670445,14.349925132585222,4.023702834710839,2.1562888479956097
2024-11-03 22:00:00,22,361.4426426096395,18.216797884815136,6.382681203983793,1.6918645549830584
2024-11-03 23:00:00,23,136.7667856983606,13.56689181267322,57.704747592162775,0.28922928610603715
2024-11-04 00:00:00,0,0.0,12.413413492377495,29.076415746814632,0.0
2024-11-04 01:00:00,1,102.91786447451636,21.963228473258866,22.734729217265652,0.3975988333502131
2024-11-04 02:00:00,2,262.34405049504875,18.52373067977779,1.1317387396285241,1.2968750062224284
2024-11-04 03:00:00,3,235.82193187092258,15.992606611992759,27.137472050573198,0.8591291051016461
2024-11-04 04:00:00,4,611.0931616081984,16.774802837870045,0.0,3.055465808040992
2024-11-04 05:00:00,5,620.1516620095579,18.302827541324323,22.611656574272704,2.399625489781561
2024-11-04 06:00:00,6,737.6150079529704,19.705246815816118,71.2898877968735,1.0588504820519915
2024-11-04 07:00:00,7,902.5954572933366,14.517308593030819,43.2760715741273,2.559938005851253
2024-11-04 08:00:00,8,815.6139773730507,17.8836740448729,25.804036792909386,3.025763232817985
2024-11-04 09:00:00,9,969.802886982009,15.265121938345139,43.96247210812713,2.7172678164436577
2024-11-04 10:00:00,10,957.1366964409135,16.218290733437982,19.569136437448634,3.849166552107513
2024-11-04 11:00:00,11,976.7179120125367,17.26731306937057,13.986445142416244,4.200548985263749
2024-11-04 12:00:00,12,938.2246089756496,16.765198747817838,64.08259259065684,1.6849297761025044
2024-11-04 13:00:00,13,1124.6931184687323,18.99193516188357,7.154506921594532,5.221134357305948
2024-11-04 14:00:00,14,935.8858230830228,18.246494144322636,22.917575286452987,3.607017424913654
2024-11-04 15:00:00,15,979.836672262943,12.260726838859322,36.1206656472702,3.129565719927533
2024-11-04 16:00:00,16,716.0248127866838,12.711764845779527,11.275315884851036,3.17645376665536
2024-11-04 17:00:00,17,887.7524226664183,15.676084412697975,43.012099072628196,2.5295573555474076
2024-11-04 18:00:00,18,791.2836736631124,22.271110254301327,23.86810950715495,3.0120960996048103
2024-11-04 19:00:00,19,616.5561578325049,14.230458969471048,43.278206551337135,1.7486085517038261
2024-11-04 20:00:00,20,481.8446027089659,16.160566338137595,41.719683595010366,1.4041027951957528
2024-11-04 21:00:00,21,414.6834328141752,15.17619638610629,25.139757387483403,1.5521651193930193
2024-11-04 22:00:00,22,441.9222979729442,15.123101314711615,64.2131734518197,0.7907498312665504
2024-11-04 23:00:00,23,0.0,17.31995369869102,16.693283931331173,0.0
2024-11-05 00:00:00,0,62.56219100593021,21.086941238513347,56.977409410974744,0.13457937650002666
2024-11-05 01:00:00,1,57.59680804773936,18.25251460956816,53.498664852560815,0.1339164237225325
2024-11-05 02:00:00,2,257.22557339854234,14.474016525645114,65.4176441532088,0.4447733156081651
2024-11-05 03:00:00,3,362.85302283879673,25.14429794233601,33.481120786860416,1.2068288199168251
2024-11-05 04:00:00,4,465.73453937617944,17.120329072809767,14.228285761440203,1.9973424911200468
2024-11-05 05:00:00,5,607.9242186845022,15.15294654078005,71.53593170659093,0.8651998238926512
2024-11-05 06:00:00,6,616.3730895643243,21.12089853395916,23.305970640472715,2.3636067913734413
2024-11-05 07:00:00,7,875.6877751814727,15.477397556094935,13.729148545889288,3.7773164986430765
2024-11-05 08:00:00,8,722.4939228885505,21.87335037488872,26.204265081903745,2.665848500670948
2024-11-05 09:00:00,9,967.0606935375539,14.272681037026391,10.36618567685845,4.33406693218768
2024-11-05 10:00:00,10,939.8029580863026,21.174700576690498,40.52297650246692,2.7948341310575056
2024-11-05 11:00:00,11,897.7708698692139,17.487752402771473,17.88663236482975,3.6859494744858683
2024-11-05 12:00:00,12,1016.1906696478957,20.757766108033692,24.250316601902558,3.848806074896437
2024-11-05 13:00:00,13,866.888774437292,22.589906536031023,49.35557723329924,2.195154079215466
2024-11-05 14:00:00,14,969.1029320266392,13.486787538362629,42.47386420352383,2.7874373434263826
2024-11-05 15:00:00,15,810.0493798863624,20.711924872201358,30.311691451393173,2.8225485562564225
2024-11-05 16:00:00,16,902.9271705298652,12.657897696650176,33.41747057493964,3.0059587450245617
2024-11-05 17:00:00,17,719.4047536008053,13.743056344181706,30.24510861263083,2.5091000225490623
2024-11-05 18:00:00,18,671.0272598242029,14.474381030549079,21.37689867165271,2.637912212162077
2024-11-05 19:00:00,19,632.2773800441737,18.395519318459975,29.949466783044254,2.214568380655707
2024-11-05 20:00:00,20,438.196631052621,16.983657040730968,39.81683250985887,1.3186030620127736
2024-11-05 21:00:00,21,378.0463123916257,16.38320115743788,27.47675742042321,1.3708572209946168
2024-11-05 22:00:00,22,137.71260500293275,17.323315246993474,38.39535260460548,0.4241868236553458
2024-11-05 23:00:00,23,180.99624050774446,18.65847817780681,13.266624431539057,0.7849207452218843
2024-11-06 00:00:00,0,141.1931044440617,18.99113349007729,17.922126977085902,0.5794414849135372
2024-11-06 01:00:00,1,353.90290165284847,20.268889625098623,15.313589934520493,1.4985383126368095
2024-11-06 02:00:00,2,266.11249683583594,22.446493556555545,18.697372564151873,1.0817822593133641
2024-11-06 03:00:00,3,445.73976362886475,16.9223020009288,55.74362093412182,0.986341397194699
2024-11-06 04:00:00,4,357.5499461674008,15.42312223186048,44.5207758622072,0.9918296801938489
2024-11-06 05:00:00,5,728.9801751131677,18.826997505808794,8.461537626313088,3.33648621653802
2024-11-06 06:00:00,6,769.2050615644761,13.553624669459367,38.749965928169104,2.355691811452447
2024-11-06 07:00:00,7,754.6386646951366,14.950276721918394,22.1883537470286,2.9359838413036337
2024-11-06 08:00:00,8,964.9998678075592,19.9845319574316,16.35230829056869,4.036000572100434
2024-11-06 09:00:00,9,903.5214463796592,16.614003993800115,0.2852106855498633,4.504722533341749
2024-11-06 10:00:00,10,929.2838116479038,13.36181174317911,49.43837387640488,2.349305032362535
2024-11-06 11:00:00,11,1029.4716554080096,12.516979922157706,2.72273700665723,5.007209248365845
2024-11-06 12:00:00,12,914.9316400135745,17.13253915643465,28.96073643980251,3.2498034957244024
2024-11-06 13:00:00,13,1073.174842525806,20.41207872915726,11.073775085502625,4.771669370951507
2024-11-06 14:00:00,14,881.446641334921,20.37202645084679,45.516878941398495,2.40119820332741
2024-11-06 15:00:00,15,839.875149325432,17.319030626931742,23.31296347372099,3.220376812691672
2024-11-06 16:00:00,16,793.2502207117719,23.01311737554161,27.310746889593105,2.8830383036602063
2024-11-06 17:00:00,17,854.1133432925251,16.67192802043184,27.985314741399343,3.075435179619117
2024-11-06 18:00:00,18,657.7647522649711,16.570686248060998,36.05140669871567,2.103156531525634
2024-11-06 19:00:00,19,500.92176625934724,10.0,30.26009527966619,1.7467118125634102
2024-11-06 20:00:00,20,451.54560000513607,15.644300270769582,29.134536220777672,1.599949418091559
2024-11-06 21:00:00,21,380.120042710651,19.542434222978713,19.63196049490444,1.5274751304624103
2024-11-06 22:00:00,22,164.3412464093702,21.67827312883234,0.0,0.821706232046851
2024-11-06 23:00:00,23,38.39170349730452,14.495685217251374,7.62898080916289,0.1773140390259222
2024-11-07 00:00:00,0,168.90370672796675,18.47730042031137,44.36959477361291,0.46980908247578174
2024-11-07 01:00:00,1,61.680959914940615,20.23118052940209,23.883610733474047,0.23474659776093015
2024-11-07 02:00:00,2,232.97565560068028,17.12416789201992,16.719804445550405,0.9701129078925378
2024-11-07 03:00:00,3,353.3044723011469,10.240702059850532,1.8854371116390993,1.7332156933165022
2024-11-07 04:00:00,4,466.29145537836456,17.83241343115498,0.0,2.3314572768918227
2024-11-07 05:00:00,5,658.4691682062488,19.374835304614905,15.935862397436031,2.767682138156797
2024-11-07 06:00:00,6,782.9582172243115,14.248274747376847,47.76105708090515,2.045045480880854
2024-11-07 07:00:00,7,768.876985768708,16.328079839809064,18.858596127553632,3.119387901524397
2024-11-07 08:00:00,8,767.1071408570506,13.624055306045932,38.00971050482895,2.377659686777076
2024-11-07 09:00:00,9,1025.8347507391989,10.0,17.938803412040844,4.2090613573584745
2024-11-07 10:00:00,10,958.2985389933338,20.171556667795194,42.77733392057698,2.741819865060724
2024-11-07 11:00:00,11,1129.8706065623837,17.07929783102667,22.96498396382662,4.351980014766709
2024-11-07 12:00:00,12,820.3531281947869,21.88356842254717,5.362315088990073,3.8818160430929787
2024-11-07 13:00:00,13,1007.0771190764758,19.662510008150754,24.620938642011126,3.7956263975546167
2024-11-07 14:00:00,14,1119.414332999165,16.027914147435876,66.68000836560815,1.8649438105475258
2024-11-07 15:00:00,15,895.6184016762342,16.841001452119,65.79768631101709,1.5316110759878028
2024-11-07 16:00:00,16,847.9859299176678,18.78907560474274,39.73066605558729,2.555377359518564
2024-11-07 17:00:00,17,816.9942756184624,19.991193682699453,27.25882369172595,2.9714562322806604
2024-11-07 18:00:00,18,662.4031156757511,18.058555324658258,36.07803604190167,2.11710540429787
2024-11-07 19:00:00,19,583.7956744445021,20.407322868300675,36.337046774665794,1.8583078357656388
2024-11-07 20:00:00,20,472.97479246468765,16.20053722240881,29.20226495265797,1.674277202049327
2024-11-07 21:00:00,21,332.48977361098,14.099112792075164,38.818880398452336,1.0171048302792438
2024-11-07 22:00:00,22,357.1275691185658,16.896115671748834,34.164537243071265,1.1755829388088914
2024-11-07 23:00:00,23,167.4124348037668,17.706098104640773,23.680552292713728,0.6388412281777776
2024-11-08 00:00:00,0,20.050258568264162,13.592435305074378,6.094864012327143,0.09414111287204245
2024-11-08 01:00:00,1,195.21187277126091,13.186875236852373,20.798815155596685,0.773050580958939
2024-11-08 02:00:00,2,237.67057844624347,18.539200378712522,45.99037698147194,0.6418249172238555
2024-11-08 03:00:00,3,320.74712689685776,15.977970935180968,29.370755510092707,1.1327063622516744
2024-11-08 04:00:00,4,451.7900556308353,16.699518772306234,36.0057378317501,1.4455985632523942
2024-11-08 05:00:00,5,608.9040722970893,16.11796349218977,24.339689445911752,2.3034935603823388
2024-11-08 06:00:00,6,622.3698445167154,21.758844194581876,8.808049899787505,2.8377559902522655
2024-11-08 07:00:00,7,753.3324589643013,20.98232497047724,25.227405702563544,2.8164311162613944
2024-11-08 08:00:00,8,824.7360724347237,13.484980419174734,9.550881985012971,3.7298325173432607
2024-11-08 09:00:00,9,1093.8440308976078,15.598661850050899,8.27421652792897,5.016685036516567
2024-11-08 10:00:00,10,744.020631094355,19.747054293201018,54.11273217738819,1.7070536982287663
2024-11-08 11:00:00,11,977.0752836613595,19.002850200601966,21.59827990131567,3.8302191452480256
2024-11-08 12:00:00,12,1138.0555034251815,17.072667602302882,15.170305490799327,4.827045034503637
2024-11-08 13:00:00,13,1001.1924185044065,13.784240874399533,62.35919368761811,1.884284495317478
2024-11-08 14:00:00,14,1026.1992241627559,15.149421350831602,46.29970070808483,2.755360273533557
2024-11-08 15:00:00,15,931.8656377192682,15.64673878665337,22.569815489963236,3.6077264133583
2024-11-08 16:00:00,16,812.6387332871203,18.028024482649542,38.55272651104737,2.496721724600486
2024-11-08 17:00:00,17,614.0000655305223,22.308222953383954,25.284233634785945,2.2937742722202312
2024-11-08 18:00:00,18,723.5432361494519,15.136400784927854,16.146406414408006,3.0335850232840076
2024-11-08 19:00:00,19,546.7129006405294,14.11893574662652,39.49382448970009,1.6539753359950513
2024-11-08 20:00:00,20,435.97316750677555,16.871282058808408,23.51396229359594,1.6672930064451823
2024-11-08 21:00:00,21,342.764451886761,20.292258430834416,31.509960179988067,1.1737975479304412
2024-11-08 22:00:00,22,398.40795763240055,12.85639258901013,50.42726469799343,0.987508611296202
2024-11-08 23:00:00,23,322.9131956003698,21.55794394191708,48.22426207590753,0.8359534493817978
2024-11-09 00:00:00,0,17.37663500227207,16.789757644813605,18.998134162878472,0.0703769928577336
2024-11-09 01:00:00,1,93.34481430711335,15.102891724220495,39.72063204574172,0.2813383204120199
2024-11-09 02:00:00,2,164.640931706424,12.505283870874138,7.4428750770848815,0.7619345641688312
2024-11-09 03:00:00,3,420.1666452887753,19.425414051422496,39.0082832263141,1.2813342513601367
2024-11-09 04:00:00,4,642.6324480052115,16.792338145436013,32.96990611602211,2.1537856661339934
2024-11-09 05:00:00,5,588.974198046708,17.817968179424135,37.57958724726861,1.8382006271392237
2024-11-09 06:00:00,6,516.7870979262896,14.603416508126523,24.051104907115345,1.9624704542880036
2024-11-09 07:00:00,7,846.9573140364772,16.348563628407543,71.6814254730498,1.1992311909343774
2024-11-09 08:00:00,8,944.8573807004425,15.846107992096401,11.974005847593716,4.158600513419753
2024-11-09 09:00:00,9,797.0118812804188,17.00407241502599,49.43103421936923,2.0152033275612826
2024-11-09 10:00:00,10,980.0445609821046,15.297194752033183,9.366033604633369,4.441266290300695
2024-11-09 11:00:00,11,1027.542942664698,12.703308849098951,40.08688349258642,3.078165002012032
2024-11-09 12:00:00,12,994.1514158392849,25.491350967050437,41.515799545035655,2.9071075343265673
2024-11-09 13:00:00,13,928.1831878469819,13.215638989148072,31.099517431245705,3.1976134777430887
2024-11-09 14:00:00,14,1047.200804174153,17.850228751988233,20.093511789125916,4.1839069356579905
2024-11-09 15:00:00,15,891.6091528337922,11.989768245888488,32.82269781490598,2.9947948745455673
2024-11-09 16:00:00,16,747.2105107684441,11.314709421306691,35.340206668603486,2.4157238600667412
2024-11-09 17:00:00,17,629.3953814376608,17.59933120671742,65.79872972612566,1.0763060774838835
2024-11-09 18:00:00,18,807.9747427864925,17.828954494465524,12.553194293994078,3.532740517390526
2024-11-09 19:00:00,19,658.0945471264101,21.090348703567766,18.881730073719964,2.669174555540658
2024-11-09 20:00:00,20,507.0378837703334,18.504492254207733,35.694711141386726,1.6302608789055637
2024-11-09 21:00:00,21,347.46146141702565,16.856419574923244,24.878924192094964,1.3050839391716929
2024-11-09 22:00:00,22,216.4991719662709,14.457050998965602,27.999179245387996,0.7794059037132695
2024-11-09 23:00:00,23,44.46726034472309,21.80288793586126,51.40703670727521,0.10803979748295828
2024-11-10 00:00:00,0,0.0,20.203495653365046,0.0,0.0
2024-11-10 01:00:00,1,0.0,13.6779534819691,18.041013099643774,0.0
2024-11-10 02:00:00,2,199.93395282503968,17.53083309984628,0.0,0.9996697641251984
2024-11-10 03:00:00,3,357.8084310570023,17.849098609793863,6.083671261918589,1.6802027118203282
2024-11-10 04:00:00,4,548.7904037752334,16.379980945397367,78.0924898414494,0.6011315672810502
2024-11-10 05:00:00,5,605.5673119388515,19.732493372634757,41.96336267905512,1.757254522820731
2024-11-10 06:00:00,6,770.7006302965923,19.912141330258905,49.031298501162084,1.9640805185276629
2024-11-10 07:00:00,7,901.2841487003097,16.845484821799054,28.389407004271373,3.227074617303982
2024-11-10 08:00:00,8,950.6790112903666,16.5743341778214,45.1742764966382,2.6060832306727506
2024-11-10 09:00:00,9,961.5203203015711,21.913817303216966,0.0,4.807601601507855
2024-11-10 10:00:00,10,966.8748406235311,20.215458592301083,50.765968235392016,2.3801573307829607
2024-11-10 11:00:00,11,912.9818207007255,17.63402308493953,13.603117628802003,3.943939148506139
2024-11-10 12:00:00,12,1059.1955241103453,12.529314797974212,19.373683613481738,4.269951672105236
2024-11-10 13:00:00,13,1125.8246519515326,18.448942234129483,40.103021409093046,3.371674753752811
2024-11-10 14:00:00,14,993.294309461102,19.511192309967377,36.328935171644304,3.1622053185667314
2024-11-10 15:00:00,15,1077.2602643853766,10.0,31.692400967870974,3.67925310964408
2024-11-10 16:00:00,16,743.979667139552,18.17255026016845,2.7380769283936246,3.618044657608321
2024-11-10 17:00:00,17,701.020269508872,16.166865954827166,31.996273376432836,2.3835995382630353
2024-11-10 18:00:00,18,775.5229018064086,16.754379074825717,49.21122706966457,1.9693928281060256
2024-11-10 19:00:00,19,629.9046458209808,14.694799056924412,19.350258078004117,2.5400823560464163
2024-11-10 20:00:00,20,605.1025741257445,16.97237404400345,56.29874090680592,1.3221872184913916
2024-11-10 21:00:00,21,381.44570110695076,21.592916643758368,12.546161281719812,1.6679445412194291
2024-11-10 22:00:00,22,189.3810113002545,16.077746418767827,30.130957834367475,0.6615934931953805
2024-11-10 23:00:00,23,113.4387328436486,20.313662591593925,60.70655466753226,0.22286993237881594
2024-11-11 00:00:00,0,0.0,15.111285466395616,16.37200174600781,0.0
2024-11-11 01:00:00,1,40.2389383722888,19.806547701002565,51.07970966754148,0.09842502739211369
2024-11-11 02:00:00,2,336.61456493596165,17.5352466899003,69.49304724443618,0.5134542314668026
2024-11-11 03:00:00,3,452.50642552265856,18.586353609402288,33.420881378483,1.5063739490935868
2024-11-11 04:00:00,4,529.040342784486,17.55173889132691,19.45966025233386,2.130454447404213
2024-11-11 05:00:00,5,471.07522733188307,19.45515482035807,14.545223940999527,2.0127814029294404
2024-11-11 06:00:00,6,678.4344951455165,10.0,56.0920540669465,1.489433256598389
2024-11-11 07:00:00,7,695.3533491984313,13.270803182661737,55.53388398679298,1.5459831347814752
2024-11-11 08:00:00,8,960.1480640874597,18.78152061706038,58.98618245737351,1.968966875719456
2024-11-11 09:00:00,9,877.1817618262785,11.399664061345739,29.34323298688106,3.0989413686758276
2024-11-11 10:00:00,10,879.0660094265444,15.938538056092819,50.7561388305421,2.164430226349506
2024-11-11 11:00:00,11,993.8285545835242,17.3672565999245,29.023212177478594,3.5269379225318964
2024-11-11 12:00:00,12,948.7876434532311,15.045858710195755,12.338897567832817,4.15858853995641
2024-11-11 13:00:00,13,1110.1443741901069,15.455594914953126,52.48353570224706,2.637506776077774
2024-11-11 14:00:00,14,907.1409544863332,18.345025723495223,62.677405565564094,1.6928426969580248
2024-11-11 15:00:00,15,811.9412717733163,20.558163990373874,9.587960544373605,3.670463314961027
2024-11-11 16:00:00,16,693.7923225238375,14.654930979270024,9.211380741986602,3.149422350687476
2024-11-11 17:00:00,17,790.8904200981622,15.805104534472337,30.799638684602492,2.736495141583967
2024-11-11 18:00:00,18,662.1523720779136,15.336496203053311,49.12257211482,1.6844304779697459
2024-11-11 19:00:00,19,494.44906048778256,10.266139867402611,7.323616124920932,2.2911875468218965
2024-11-11 20:00:00,20,595.1381169004627,17.95541449398697,34.54031473911812,1.9478776909529107
2024-11-11 21:00:00,21,436.0630441594293,20.334432360519923,18.191460918804964,1.7836840294990775
2024-11-11 22:00:00,22,256.5616147875427,20.580208744982095,44.016581996500044,0.7181598062151968
2024-11-11 23:00:00,23,239.6722917537213,14.91797999371223,14.042263570082191,1.030084384206037
2024-11-12 00:00:00,0,53.00288267188904,13.890735624799714,45.43606000548358,0.14460230548226738
2024-11-12 01:00:00,1,64.69772009857698,17.710646413135194,26.835703783645837,0.23667815789075283
2024-11-12 02:00:00,2,175.68143198325953,20.133650830059544,11.257189526379147,0.7795232011112356
2024-11-12 03:00:00,3,448.1219559213987,18.110381115291293,31.27379910853777,1.5398859783264514
2024-11-12 04:00:00,4,531.709356517388,18.513743677981424,0.0,2.6585467825869395
2024-11-12 05:00:00,5,622.3412504463736,21.07132255356884,18.818108557901205,2.526141991683876
2024-11-12 06:00:00,6,639.386956957035,15.42842009266803,36.74802140649323,2.0221245057206905
2024-11-12 07:00:00,7,841.9891456516956,16.985919510341052,0.0,4.209945728258478
2024-11-12 08:00:00,8,805.5854931337226,22.549646305643748,0.0,4.027927465668613
2024-11-12 09:00:00,9,915.7206001437924,17.05539640106726,0.0,4.578603000718962
2024-11-12 10:00:00,10,1081.6813580000266,13.843818872460428,56.5425711100074,2.3503545348458394
2024-11-12 11:00:00,11,938.5781225089986,15.637761481609257,28.464819744745412,3.3570677588659814
2024-11-12 12:00:00,12,874.1608594341711,14.831290216696415,19.350692119856255,3.5250234144638766
2024-11-12 13:00:00,13,907.2410860242014,18.717317527463955,48.90309471333659,2.3178605922374134
2024-11-12 14:00:00,14,1045.4697324240783,14.957988759593803,21.91100635061778,4.081983964794259
2024-11-12 15:00:00,15,944.2580235017035,18.458932528943876,35.36923799733464,3.0514057793022893
2024-11-12 16:00:00,16,855.7152134893385,15.437634114738191,30.515107018465258,2.9729640015988914
2024-11-12 17:00:00,17,752.6258358663098,11.275694155165457,20.58001158494044,2.9886767582688423
2024-11-12 18:00:00,18,745.9355737908029,18.56568913130591,35.88291767778212,2.391360629590787
2024-11-12 19:00:00,19,540.8330409295029,18.091220815000806,45.46522442840289,1.474710425439742
2024-11-12 20:00:00,20,524.4532454914075,19.199103217486662,26.301867659660243,1.932561234627322
2024-11-12 21:00:00,21,324.1830668600534,15.626868112864372,20.788888536907702,1.2839450521749396
2024-11-12 22:00:00,22,187.00629428051673,15.307196344282012,23.149751840010936,0.7185740061468827
2024-11-12 23:00:00,23,79.52719743405106,18.85023034580478,0.0,0.39763598717025533
2024-11-13 00:00:00,0,0.0,22.32061833463382,35.661190930178236,0.0
2024-11-13 01:00:00,1,126.61980534535532,17.79706364555986,5.817774220228973,0.5962667547613457
2024-11-13 02:00:00,2,277.65550871141,19.03731490518231,42.594374482378484,0.7969494077995951
2024-11-13 03:00:00,3,87.61420905081428,16.798796563763755,28.191517986494123,0.314572167737647
2024-11-13 04:00:00,4,435.3879553802587,13.132668051419822,32.10242193060881,1.4780893845451861
2024-11-13 05:00:00,5,577.4358308202375,20.66584787450305,44.006583412124044,1.6166302513941908
2024-11-13 06:00:00,6,827.5117442752139,20.48880233429936,11.469524673181304,3.663000402960476
2024-11-13 07:00:00,7,706.9531316206647,19.89588169256646,37.38496886701914,2.213294617299312
2024-11-13 08:00:00,8,879.0491332324315,17.21772330201362,35.352421051253295,2.841419912023549
2024-11-13 09:00:00,9,1043.4819572901536,19.554727916256496,26.304383347144135,3.8450023154313437
2024-11-13 10:00:00,10,860.8883438932866,20.444845009204368,11.436275984729242,3.812173884826427
2024-11-13 11:00:00,11,1022.9628794429624,22.624035671911,41.90476728110328,2.9714633272015796
2024-11-13 12:00:00,12,935.8182532852384,20.729137930983203,44.06909088838632,2.617058283474287
2024-11-13 13:00:00,13,951.0741619906714,17.955023292141792,32.272040519557684,3.2207156153099916
2024-11-13 14:00:00,14,901.6769595728033,13.838799850767762,8.593951685707104,4.120936386529819
2024-11-13 15:00:00,15,865.330947838016,18.2305345100561,19.451019341490916,3.4850762890306846
2024-11-13 16:00:00,16,1083.778375616958,18.5332918045888,28.79334555159867,3.858611614560322
2024-11-13 17:00:00,17,860.9098100569686,19.89064894299579,43.76989099964187,2.420452622949047
2024-11-13 18:00:00,18,795.2458101294444,21.825235195011153,0.0,3.976229050647222
2024-11-13 19:00:00,19,648.1209079556404,17.478108080870538,18.723930713912466,2.6338359910382296
2024-11-13 20:00:00,20,371.49945692784326,24.06652118648021,21.946548801155952,1.449840736585724
2024-11-13 21:00:00,21,414.2800699909545,12.485698556919145,28.335568411939413,1.4844572867081856
2024-11-13 22:00:00,22,344.65341426310874,19.02158523442575,3.9734943195030645,1.6547931521269539
2024-11-13 23:00:00,23,62.25423429692309,15.367998440488792,25.649344432533336,0.23143215659134495
2024-11-14 00:00:00,0,77.22613337289013,12.161767778115838,23.790328713748206,0.29426891195280985
2024-11-14 01:00:00,1,186.87308900837786,17.278110648284773,9.248162570206869,0.8479538096845786
2024-11-14 02:00:00,2,406.9822486876144,13.511915681919378,27.64064831662632,1.472448583083867
2024-11-14 03:00:00,3,349.2607913640003,17.399150083083796,19.17661806428996,1.4114219167790467
2024-11-14 04:00:00,4,412.19112141794176,17.98774152146562,39.911722850194145,1.238392717122528
2024-11-14 05:00:00,5,579.8311802589169,21.239058005190095,12.293448779913227,2.5427496555191027
2024-11-14 06:00:00,6,821.9524606396374,13.360678372890435,31.796682442569104,2.8029942345058454
2024-11-14 07:00:00,7,647.0808698238783,20.608769274119567,13.832223255414636,2.7878759963338022
2024-11-14 08:00:00,8,700.5553465499559,18.17767512802163,18.00491523682375,2.8721047510829973
2024-11-14 09:00:00,9,931.0311548258156,20.96998123801103,35.945832554108115,2.981821274427744
2024-11-14 10:00:00,10,930.5186828671359,16.588180252088865,34.69435465684311,3.038406154425133
2024-11-14 11:00:00,11,992.063092827865,13.886700016891911,21.659556348432794,3.8859331411240428
2024-11-14 12:00:00,12,1075.6249416988692,14.230935798534649,24.611787633346644,4.054472076583175
2024-11-14 13:00:00,13,947.239313684302,14.0080114161809,0.9278710978095184,4.692250769327681
2024-11-14 14:00:00,14,816.0853598146189,19.316876235944214,58.055286211614,1.7115233422158096
2024-11-14 15:00:00,15,1087.4380570872822,22.314199843826344,43.74912795756056,3.058466950164783
2024-11-14 16:00:00,16,786.2471407893366,16.188579197216587,43.028961017422134,2.2396658253924846
2024-11-14 17:00:00,17,708.6303705302676,19.7708396719556,0.0,3.543151852651338
2024-11-14 18:00:00,18,795.4043822843554,13.31310760277539,18.090200150214265,3.2575706876277004
2024-11-14 19:00:00,19,578.0022993253992,18.424397524714145,23.309079421527546,2.216376421586933
2024-11-14 20:00:00,20,494.92881183721505,19.889121626193628,0.0,2.474644059186075
2024-11-14 21:00:00,21,421.3066422899154,13.539059451351642,47.799001921521736,1.0996313612313
2024-11-14 22:00:00,22,345.5056933513207,17.271783370242684,59.07768977096272,0.7069445584610685
2024-11-14 23:00:00,23,103.84933676551023,20.031185198638944,71.23869912007228,0.14934210104468898
2024-11-15 00:00:00,0,121.59616047314394,10.0,9.082323449645273,0.5527620193831165
2024-11-15 01:00:00,1,0.0,22.011775914588757,32.34646993668547,0.0
2024-11-15 02:00:00,2,319.602024058767,19.06645485715667,56.456365383008425,0.695831687923295
2024-11-15 03:00:00,3,315.5212277236772,20.155599672635557,24.927630421060925,1.1843463108836247
2024-11-15 04:00:00,4,609.7817053286392,16.767258891899235,18.660241723146445,2.4799748256539527
2024-11-15 05:00:00,5,620.1249873151642,12.837249284787461,0.0,3.100624936575821
2024-11-15 06:00:00,6,653.2743546257955,19.607605598434382,52.65244915543498,1.5465470360547626
2024-11-15 07:00:00,7,846.3806277329659,17.75764575323399,29.614784878532703,2.978634127881366
2024-11-15 08:00:00,8,937.4804715610186,18.10176309578049,15.413162820738753,3.9649254003334464
2024-11-15 09:00:00,9,975.2310623399776,21.26823768508039,35.6771457965772,3.136482271877176
2024-11-15 10:00:00,10,883.5501271184236,20.29160835107132,33.060107463573296,2.9572375279926715
2024-11-15 11:00:00,11,952.7234914840434,23.769128980752367,33.36518204709183,3.1742278207249144
2024-11-15 12:00:00,12,999.6741730302851,18.466979416104024,25.658038753466496,3.7158869315288943
2024-11-15 13:00:00,13,988.1440891618054,15.931779416110176,62.44716317526731,1.8553806869808689
2024-11-15 14:00:00,14,1025.9054643241363,17.44016618875735,27.32680533475156,3.7277913758485024
2024-11-15 15:00:00,15,762.6874339107582,19.252406847099348,62.38644152646609,1.4343694196215913
2024-11-15 16:00:00,16,892.771568148719,21.05298628646246,41.282338528003955,2.621072935518976
2024-11-15 17:00:00,17,770.1548319363042,13.604314875167372,37.02340285523463,2.4250865294973556
2024-11-15 18:00:00,18,640.0267318758315,18.031029575021034,27.734504934436895,2.312592431710069
2024-11-15 19:00:00,19,549.3624867871528,22.834041700598636,49.47913387091841,1.3877134325656548
2024-11-15 20:00:00,20,482.8369868385628,17.284790116475968,32.25983535155991,1.6353728493400472
2024-11-15 21:00:00,21,94.59662400832849,20.798452294090843,11.357375697729367,0.41926465011167086
2024-11-15 22:00:00,22,202.71587943919704,19.484769311131544,10.690156180039288,0.9052261766270336
2024-11-15 23:00:00,23,60.461006248348525,20.87299854905847,38.44969243868544,0.18606967650262068
2024-11-16 00:00:00,0,42.62265674580994,15.700190702963527,11.852422296670085,0.18785419737118206
2024-11-16 01:00:00,1,66.08405761920993,15.713267317566581,28.75537886055001,0.23540668242190974
2024-11-16 02:00:00,2,241.6099410888816,18.19028800413019,51.143690771021824,0.5902084997316801
2024-11-16 03:00:00,3,506.06556257799394,13.53280696604239,36.07940355788668,1.6174006299399497
2024-11-16 04:00:00,4,579.5481215852337,17.32025050792835,15.557302593425046,2.44693033317854
2024-11-16 05:00:00,5,680.9431410041968,18.888102300310326,58.19975023232279,1.4231796685781035
2024-11-16 06:00:00,6,667.1169867536794,23.48337914861264,40.957504739894034,1.9694125764170143
2024-11-16 07:00:00,7,836.7959226344075,19.33762689557279,50.35585974408178,2.0771007074421504
2024-11-16 08:00:00,8,847.3135797481509,20.005157740382632,0.0,4.236567898740755
2024-11-16 09:00:00,9,908.1920756571316,21.622899868913343,36.617057565254925,2.8781943025533807
2024-11-16 10:00:00,10,998.7006537887924,15.235499561078154,46.843156727597865,2.654388706474819
2024-11-16 11:00:00,11,943.6853743001357,17.634224340650366,64.00577284595984,1.6983612862252249
2024-11-16 12:00:00,12,1119.4402483554563,25.405710103175004,0.7236283169791662,5.5566983086334725
2024-11-16 13:00:00,13,978.6344502059752,17.892105660609797,54.12229178389066,2.2448752878391156
2024-11-16 14:00:00,14,1015.3946715898417,21.478764574109945,62.88760571402489,1.8841863703960204
2024-11-16 15:00:00,15,1040.3275708518706,21.020685959282645,0.0,5.201637854259353
2024-11-16 16:00:00,16,948.5577057504527,13.695131184600257,39.57182219739485,2.865980684955978
2024-11-16 17:00:00,17,680.6398120759934,19.060910158781123,42.35241628681404,1.9618620272588994
2024-11-16 18:00:00,18,742.6984527873384,18.569714744379002,23.459846746961876,2.8423126698568586
2024-11-16 19:00:00,19,676.8189805655725,19.119348691284628,20.198110798674204,2.7005716648224047
2024-11-16 20:00:00,20,571.3490417728598,15.867134888390144,43.35707826575645,1.618143952803757
2024-11-16 21:00:00,21,293.61984563591943,14.778713792026846,17.700364931787362,1.2082403072310548
2024-11-16 22:00:00,22,206.25622614113513,16.70144232770077,25.655013431638043,0.7667058181051858
2024-11-16 23:00:00,23,210.0908510793817,17.836087336510715,46.24869801647843,0.5646328390171452
2024-11-17 00:00:00,0,0.0,21.81051715447149,65.08086100653728,0.0
2024-11-17 01:00:00,1,106.55050768690643,23.70749627084736,40.759685450840365,0.3156042795372494
2024-11-17 02:00:00,2,384.88910986267837,22.445357350340075,32.66968990829023,1.2957351558988144
2024-11-17 03:00:00,3,378.8594923343066,20.836119444016074,19.67205030678459,1.5216503120513654
2024-11-17 04:00:00,4,441.85806897329246,15.242543024771772,9.787999186978876,1.99304502387293
2024-11-17 05:00:00,5,538.5520404596882,17.028875286702053,52.19156483001899,1.2873665155988996
2024-11-17 06:00:00,6,733.7243275533626,18.885341968909536,26.931002977462306,2.6806250352680063
2024-11-17 07:00:00,7,686.7014996130586,16.358246697442016,53.01406549333457,1.6132655843224053
2024-11-17 08:00:00,8,846.238526672725,19.987180769254394,23.408962440090768,3.2407143390516464
2024-11-17 09:00:00,9,950.5379753104884,20.417022136433403,17.014226772779775,3.944056443148862
2024-11-17 10:00:00,10,1069.8578119328818,19.864433999366945,38.41597777655032,3.2943073633002915
2024-11-17 11:00:00,11,1044.84870780341,21.330967625343284,28.469281214631998,3.736938954557043
2024-11-17 12:00:00,12,942.8747905614257,15.54179017053132,5.889427907785247,4.4367242975531465
2024-11-17 13:00:00,13,1085.7184067789078,21.054049923947133,66.34736659563696,1.8268641761849846
2024-11-17 14:00:00,14,941.9646232852702,16.168627461309953,17.46032452456725,3.8874727157652234
2024-11-17 15:00:00,15,825.0232907473342,15.432755953741886,48.551830423484276,2.1222969083471943
2024-11-17 16:00:00,16,852.2620950432009,19.851912214229685,46.83713258792963,2.2654348379557505
2024-11-17 17:00:00,17,908.4068763828915,21.903184498267482,4.8107447017128635,4.323528703536531
2024-11-17 18:00:00,18,720.3259851917417,19.71960427079857,9.95224710767031,3.243186815823494
2024-11-17 19:00:00,19,609.7631781551037,18.317975882988172,23.969813205997443,2.3180204167618594
2024-11-17 20:00:00,20,630.9769315762281,19.186025289975063,12.687069108433668,2.754622261044389
2024-11-17 21:00:00,21,268.17504460073576,18.664844565872382,64.52912743757376,0.47562014157278354
2024-11-17 22:00:00,22,155.97111597829928,14.877711123264358,25.99648726402977,0.577120523387178
2024-11-17 23:00:00,23,1.2584745427054145,14.527703376835795,47.79498085628136,0.0032849343796909364
2024-11-18 00:00:00,0,29.811854918404407,18.147176179156848,40.27274778000408,0.0890290088928733
2024-11-18 01:00:00,1,143.84564238926154,18.623224324885122,35.280448979927066,0.46548126958134894
2024-11-18 02:00:00,2,382.2379544849029,18.417650952680415,30.806424214791758,1.3224205435817051
2024-11-18 03:00:00,3,402.1614385360314,20.411958658526952,54.74261415577394,0.9100387697747088
2024-11-18 04:00:00,4,467.6674272416557,17.73722366908419,13.498140533299669,2.02270510342055
2024-11-18 05:00:00,5,608.9050188389691,20.072591363291778,64.52670620913173,1.0799933312004464
2024-11-18 06:00:00,6,716.5233746634242,17.949893515597868,4.255536389918099,3.430157308561765
2024-11-18 07:00:00,7,659.612438424982,23.853730703686608,45.63023451244848,1.7931486794919143
2024-11-18 08:00:00,8,1082.85193533123,18.62579499775655,1.8967228012043478,5.3115661788526
2024-11-18 09:00:00,9,965.4692139594395,25.405821652154245,23.685888955460804,3.683946240209232
2024-11-18 10:00:00,10,982.7264909308755,19.439688590849805,31.866198761219337,3.3478445702584327
2024-11-18 11:00:00,11,1040.6579801160967,17.742622305812564,20.266093023409724,4.148786329051159
2024-11-18 12:00:00,12,1056.7528784469284,15.685309888798189,26.36660860766218,3.890614915183114
2024-11-18 13:00:00,13,980.2005825336157,14.05498809540413,2.2605910413841315,4.790211279886329
2024-11-18 14:00:00,14,915.4265353898124,15.409326964388741,10.25099062552897,4.107931235316991
2024-11-18 15:00:00,15,971.8355874170231,15.744834890085242,39.965294143917646,2.9171931815526997
2024-11-18 16:00:00,16,896.8822710269549,19.56811387881374,30.5934364995489,3.112475814823057
2024-11-18 17:00:00,17,728.5621323640827,16.80515770439665,16.189439483569856,3.053060034223967
2024-11-18 18:00:00,18,820.6296300959287,18.944434975240704,56.48555526259343,1.7854621344343842
2024-11-18 19:00:00,19,632.2295919145594,22.22958890470727,5.601382000195684,2.984079986765733
2024-11-18 20:00:00,20,558.3855489814104,18.12022876267265,22.768190682718746,2.156256312222885
2024-11-18 21:00:00,21,494.0371033794834,24.621123912977623,19.886874436430567,1.9789428248051344
2024-11-18 22:00:00,22,260.57015079570783,14.856220876559618,42.30075255522089,0.7517350803742476
2024-11-18 23:00:00,23,155.88235277878124,17.93190317245243,30.963273822743886,0.5380803652327579
2024-11-19 00:00:00,0,64.80217908048931,16.895765618817247,27.83669506930806,0.23381697045793282
2024-11-19 01:00:00,1,72.5373055160474,21.323224207821205,0.0,0.362686527580237
2024-11-19 02:00:00,2,263.1431781302009,11.79432949855182,47.30068961264186,0.6933732010299664
2024-11-19 03:00:00,3,392.7273192971817,14.18435852211675,25.643483703365263,1.4600917658727282
2024-11-19 04:00:00,4,423.5153158653283,18.191663922297295,32.3132203522084,1.4333193931220667
2024-11-19 05:00:00,5,794.1723721026309,23.167837552678662,15.028735598122454,3.3740915305299466
2024-11-19 06:00:00,6,594.5233057071554,19.191229891762106,11.883424743658544,2.6193678804496727
2024-11-19 07:00:00,7,689.5050279962627,14.459062026857481,59.98575516951374,1.3795011501046872
2024-11-19 08:00:00,8,971.1635298407248,14.922204611579492,0.0,4.855817649203623
2024-11-19 09:00:00,9,980.94083257501,23.53267349818504,8.916019444344563,4.467399786025533
2024-11-19 10:00:00,10,883.8486408906061,16.65029999326146,59.60984305338161,1.784939266131347
2024-11-19 11:00:00,11,1040.0279825819457,15.68481427230089,42.814927619973076,2.9737037730600973
2024-11-19 12:00:00,12,1117.4280355997848,22.945822071542764,23.490749365151608,4.274679082105511
2024-11-19 13:00:00,13,989.0238167660514,21.546995406411156,54.93192628577306,2.228669913956924
2024-11-19 14:00:00,14,1173.8316582950351,22.33588331945057,38.937202327920176,3.583872252577584
2024-11-19 15:00:00,15,785.954587641844,15.663578748852732,34.65320183948839,2.5679807900979856
2024-11-19 16:00:00,16,921.5312800931669,13.9383874666071,34.51124034204835,3.0174970259652962
2024-11-19 17:00:00,17,886.6756071889156,18.9132038577383,39.30476434428987,2.690849246425055
2024-11-19 18:00:00,18,778.4142933149674,19.519082788871174,40.11385002594906,2.330811755570251
2024-11-19 19:00:00,19,592.4129708770688,19.607509800764678,73.91946105791914,0.7725224778376606
2024-11-19 20:00:00,20,476.76468143910796,22.948256196567186,26.102143766546558,1.7615943943087713
2024-11-19 21:00:00,21,418.21504605207053,13.312403119625438,26.71905623703592,1.5323596635283605
2024-11-19 22:00:00,22,324.0794040346866,21.092789543543482,5.262136248585723,1.5351295212038838
2024-11-19 23:00:00,23,178.72406712264106,15.22382925720823,28.962052263579636,0.634809546974933
2024-11-20 00:00:00,0,83.20463126347114,21.21288295368075,67.25773799089637,0.1362153918599714
2024-11-20 01:00:00,1,49.016595654712745,17.220806877534095,49.689700048693126,0.12330198149902616
2024-11-20 02:00:00,2,240.59736677263004,16.203761603426692,19.126645122493443,0.9728958112798256
2024-11-20 03:00:00,3,307.48215779518944,16.81596887025062,30.6008272904257,1.0669503686970465
2024-11-20 04:00:00,4,469.11097791310857,14.30884638876854,4.071232488300108,2.2500618968706387
2024-11-20 05:00:00,5,689.9791003538651,18.76696381059863,10.617613114033873,3.0835989445530005
2024-11-20 06:00:00,6,715.7454948445659,16.327656819116857,32.98882305227435,2.398147400228333
2024-11-20 07:00:00,7,1001.9020733432169,21.004571683799064,20.110907943590945,4.002052348441168
2024-11-20 08:00:00,8,881.4979131596158,20.565845234196978,9.108004212431634,4.006055230482705
2024-11-20 09:00:00,9,928.6548829576654,23.7101481498066,39.79681529475784,2.7953990723062683
2024-11-20 10:00:00,10,974.4204598442857,19.74465944172146,28.35499826693352,3.490617776713964
2024-11-20 11:00:00,11,940.4201659450154,20.207710292338447,0.0,4.702100829725077
2024-11-20 12:00:00,12,995.3730710097925,22.845976426581668,0.0,4.976865355048963
2024-11-20 13:00:00,13,1081.667903542742,16.762688903018137,18.599770028514918,4.402400805057667
2024-11-20 14:00:00,14,975.0434797392903,14.18090235262913,0.0,4.875217398696451
2024-11-20 15:00:00,15,860.4027541206091,19.24595916848341,0.0,4.302013770603045
2024-11-20 16:00:00,16,792.0186341461479,14.377776583455015,52.57938402804171,1.8779005746239703
2024-11-20 17:00:00,17,757.3371889579679,26.0074930098744,28.045782202694145,2.72468025201405
2024-11-20 18:00:00,18,713.0158559394181,23.012171867335056,24.691072435489936,2.684822972364439
2024-11-20 19:00:00,19,704.2483518468217,25.13760599100297,26.23188367698502,2.5975537169663965
2024-11-20 20:00:00,20,392.7609086906849,18.833017921087617,7.243356984140604,1.8215591699003204
2024-11-20 21:00:00,21,357.09733013398943,20.29739777220302,38.21952330028337,1.1030821641936974
2024-11-20 22:00:00,22,270.3638466573274,17.267250695240296,27.38599346534919,0.9816101063954251
2024-11-20 23:00:00,23,0.0,21.29445140785848,14.851826880411762,0.0
2024-11-21 00:00:00,0,0.0,15.132902879438149,17.847426309500005,0.0
2024-11-21 01:00:00,1,76.13510904115665,11.150252947166983,5.450825735754094,0.35992558461798424
2024-11-21 02:00:00,2,195.14141519448094,16.40740065712562,21.875142541963307,0.762269762311419
2024-11-21 03:00:00,3,398.0345959668216,14.413112088739373,25.20744238434972,1.4885012725935294
2024-11-21 04:00:00,4,487.1552312398561,23.21331272406993,21.354333417400717,1.9156323945029388
2024-11-21 05:00:00,5,564.3385408006377,24.22656488083227,31.103091146831726,1.9440590503935764
2024-11-21 06:00:00,6,741.3437913107583,14.570745298351987,28.42976590476488,2.6529074344580055
2024-11-21 07:00:00,7,931.1993177029353,22.654679338155038,34.61537077329214,3.0443061062084875
2024-11-21 08:00:00,8,997.1659251237786,21.633687466093633,48.86194073843188,2.549656508629809
2024-11-21 09:00:00,9,770.0577907462997,14.070202461434691,41.86046954426161,2.2385399188886552
2024-11-21 10:00:00,10,1012.0916009958795,17.608729922796467,49.091796810206716,2.5761882435090713
2024-11-21 11:00:00,11,977.2029981687032,17.03904134921776,13.045315403475424,4.248618924626888
2024-11-21 12:00:00,12,1012.4124274292285,21.02351871147292,19.827702118226856,4.058371535553257
2024-11-21 13:00:00,13,959.5822186904063,15.09319446287628,43.07193367891935,2.731358009306858
2024-11-21 14:00:00,14,975.3329166800447,18.482914638612872,43.429553428641725,2.7587509326167754
2024-11-21 15:00:00,15,935.9921241970483,16.721729003742468,16.427587649262364,3.9111559880219278
2024-11-21 16:00:00,16,819.7092631965248,20.19955606574675,42.23167851563485,2.3676614120024464
2024-11-21 17:00:00,17,721.6439364652208,18.129156420527533,11.129357667081166,3.2066480084660123
2024-11-21 18:00:00,18,671.2111265769889,17.173795403770136,39.62111448283588,2.0263489884719386
2024-11-21 19:00:00,19,627.502170165262,18.139642788695088,29.47407598268718,2.2127585186887084
2024-11-21 20:00:00,20,547.919707334741,24.887661014111657,2.3112879218732694,2.6762785265877493
2024-11-21 21:00:00,21,450.9513505523016,17.528833607233153,21.318523564811862,1.7740759030948594
2024-11-21 22:00:00,22,219.28384325716803,15.65651686073996,73.64535619390986,0.2889573790736582
2024-11-21 23:00:00,23,153.23375760427095,20.529833223059217,34.0556072560999,0.5052453546539816
2024-11-22 00:00:00,0,77.00020735626387,18.484657290579868,76.0089995343652,0.09236560052690511
2024-11-22 01:00:00,1,223.77378383158182,14.66952950624932,1.1214694024992724,1.1063211465754788
2024-11-22 02:00:00,2,254.11241677199905,25.609720304456136,45.01483585327684,0.6986206473964448
2024-11-22 03:00:00,3,365.00889436992077,17.857794462088794,0.0,1.825044471849604
2024-11-22 04:00:00,4,515.2899387069112,17.781622936964684,29.995290301704337,1.8036361284814943
2024-11-22 05:00:00,5,516.7848311769282,19.39473735457303,42.624347553026425,1.4825433431737673
2024-11-22 06:00:00,6,691.6180203037069,24.105581606475255,46.757801899925525,1.8411631823295642
2024-11-22 07:00:00,7,852.9202521690858,13.87599531929175,14.014605508391739,3.6669342176320416
2024-11-22 08:00:00,8,917.3811741399346,19.743188847110357,50.78180843953472,2.2575921181391925
2024-11-22 09:00:00,9,902.2581241621755,25.17704778422962,19.32570479910611,3.6394519128032057
2024-11-22 10:00:00,10,983.3432823760417,19.301417341067683,26.718054977752065,3.603065417853896
2024-11-22 11:00:00,11,925.4728341505552,15.209229360938298,21.333555612867322,3.640182861975336
2024-11-22 12:00:00,12,1056.279371858002,17.06004073996678,7.27221298535337,4.897322431080677
2024-11-22 13:00:00,13,985.2191464828924,19.53587888811911,61.39439174841718,1.9017492205538666
2024-11-22 14:00:00,14,943.8497101533774,22.907643045768324,30.960356343161536,3.2581523827299717
2024-11-22 15:00:00,15,894.9416256238159,17.897223765600557,51.74636757317256,2.159209212315951
2024-11-22 16:00:00,16,860.99389443245,21.395186691146034,50.89422483529201,2.113988629909311
2024-11-22 17:00:00,17,757.5231286966787,14.609124817708071,10.641195714540338,3.384568049945779
2024-11-22 18:00:00,18,759.7582240667527,14.584076190063573,54.32254495343203,1.7351911063034708
2024-11-22 19:00:00,19,577.1387451674262,17.466829232793888,40.06828487098645,1.7294457432645265
2024-11-22 20:00:00,20,627.4371276821904,23.229317464468522,9.181962710542216,2.849130422931573
2024-11-22 21:00:00,21,499.9002726436004,19.121855217390046,38.97701662683009,1.5252703012886766
2024-11-22 22:00:00,22,187.49556591416066,19.784664885548597,9.540642302638645,0.8480364231849126
2024-11-22 23:00:00,23,136.1025337743944,19.74947008556932,62.129167359572804,0.25771581392540904
2024-11-23 00:00:00,0,0.0,22.380357078152553,46.275734898441925,0.0
2024-11-23 01:00:00,1,104.39438716496265,17.2220710527788,28.577028756179295,0.37280786562497065
2024-11-23 02:00:00,2,419.0132425141046,21.11758845585706,55.29607236434367,0.9365768835866124
2024-11-23 03:00:00,3,358.0777189958259,16.56008513882697,0.0,1.7903885949791292
2024-11-23 04:00:00,4,528.8180829661942,25.00255109815464,15.013173997599171,2.2471285201985554
2024-11-23 05:00:00,5,652.0671325293829,16.651559817502292,24.951605565192573,2.4468295680019487
2024-11-23 06:00:00,6,627.0564313878883,16.4055652211565,74.71369362851036,0.792797051814356
2024-11-23 07:00:00,7,724.9457023384989,20.70174257085651,8.59034198253189,3.3133519365997706
2024-11-23 08:00:00,8,769.543614071789,19.292098424689332,0.0,3.847718070358945
2024-11-23 09:00:00,9,853.0018737994644,20.033290349175164,1.112289710034588,4.2175701086539545
2024-11-23 10:00:00,10,737.9234175436939,19.734674516869315,48.12431738411202,1.914014050166402
2024-11-23 11:00:00,11,1035.0114534373006,15.781556533970045,18.116154589222866,4.2375358925821835
2024-11-23 12:00:00,12,1164.3355073004855,23.892809917630814,26.818266712627732,4.260404527614071
2024-11-23 13:00:00,13,1003.2705204967324,21.73335974805969,45.25665283348968,2.746119320273907
2024-11-23 14:00:00,14,852.6243175418199,23.12958298419371,26.838307440841767,3.1189719094228363
2024-11-23 15:00:00,15,872.457421879291,17.46774046306109,34.08293209016111,2.875491756323009
2024-11-23 16:00:00,16,829.3152561824389,20.302303764537875,40.704302952193906,2.45874130938588
2024-11-23 17:00:00,17,711.9465581141653,19.644838517096435,21.38647216079569,2.798431528316681
2024-11-23 18:00:00,18,775.9213922581602,22.436741008996883,26.67365880140632,2.8447738376004845
2024-11-23 19:00:00,19,673.5822325587474,22.533477525881217,34.83910804642023,2.194560953880579
2024-11-23 20:00:00,20,407.5638564945871,19.631885539266705,47.3635854610644,1.0726350050768172
2024-11-23 21:00:00,21,440.68991592089054,14.498879734862607,14.152614716387017,1.8916038501331849
2024-11-23 22:00:00,22,380.96405818870227,24.39171879165543,0.0,1.9048202909435115
2024-11-23 23:00:00,23,282.7308486384168,20.72069543146278,43.59166298771294,0.7974188496882869
2024-11-24 00:00:00,0,229.216961846877,17.36668614128856,48.55431837500169,0.5896111421111909
2024-11-24 01:00:00,1,58.366780264595775,20.41162368026207,34.000683242603436,0.19260838093962096
2024-11-24 02:00:00,2,484.7566792141371,14.658716620104414,35.36586437913071,1.566591447372438
2024-11-24 03:00:00,3,354.3469212843867,22.358056467875116,18.71380211719659,1.440175698134241
2024-11-24 04:00:00,4,452.60276356955876,14.778362032624527,40.00366843069848,1.3577252736150716
2024-11-24 05:00:00,5,634.9272189989482,18.529493789350738,47.06333639368377,1.68054643033206
2024-11-24 06:00:00,6,660.5418744591066,19.925360614278635,31.129926828369687,2.2745783613462263
2024-11-24 07:00:00,7,825.2768715429575,22.308516401408266,79.82496660014533,0.8324994223753369
2024-11-24 08:00:00,8,760.4192287654544,19.511631294765106,0.0,3.8020961438272716
2024-11-24 09:00:00,9,904.7793243462119,21.096885886299635,33.25923341712694,3.019283284760006
2024-11-24 10:00:00,10,1068.7724050380027,19.107496540113328,6.512940753653709,4.995819457532389
2024-11-24 11:00:00,11,986.8799580593178,19.095439412629137,47.5969184791378,2.5857775446743747
2024-11-24 12:00:00,12,1011.3276629391906,19.44842901650688,0.0,5.056638314695954
2024-11-24 13:00:00,13,1029.465549751195,18.62482350290486,3.3215691456460306,4.97635569842802
2024-11-24 14:00:00,14,1059.5787566344814,14.132286536217679,17.336261189015907,4.379437079405002
2024-11-24 15:00:00,15,791.4615555361322,16.8870267843721,35.31664339710799,2.559719501711163
2024-11-24 16:00:00,16,912.7873279314335,19.926321788797082,18.090572226767655,3.7382943854760757
2024-11-24 17:00:00,17,771.9022091518942,18.44463425499583,18.291174748018136,3.153561135960544
2024-11-24 18:00:00,18,720.4378128114947,18.724570018916264,26.382190901478296,2.651852668545657
2024-11-24 19:00:00,19,693.5574425897108,18.22193625714584,25.155196818769877,2.595458514275211
2024-11-24 20:00:00,20,404.4650678870523,16.601202087266532,59.748987766370476,0.814006419779877
2024-11-24 21:00:00,21,301.6718770496427,17.712698882533104,43.718222393379364,0.8489314747139897
2024-11-24 22:00:00,22,103.98464832541654,18.2715020322962,23.508465204307118,0.3976972672800744
2024-11-24 23:00:00,23,86.59347687894987,19.207426687087533,71.94023822427228,0.12148961662776599
2024-11-25 00:00:00,0,106.43458755030531,20.513117470497953,39.83322349712019,0.3201913020657707
2024-11-25 01:00:00,1,120.87921714217401,18.791331564431598,10.620758893729029,0.5402046346843827
2024-11-25 02:00:00,2,151.60905345013796,16.244016670011558,35.13027479983688,0.49174188175836464
2024-11-25 03:00:00,3,343.82913279908604,15.138736317332466,40.71025089730629,1.0192771508927285
2024-11-25 04:00:00,4,380.97106372075007,27.12529405921449,16.247505618773033,1.595363843684109
2024-11-25 05:00:00,5,518.7465408702277,15.943537346295127,8.949821783879216,2.361598249761521
2024-11-25 06:00:00,6,738.2122940076446,17.77710743329567,31.72918180084884,2.5199178658287114
2024-11-25 07:00:00,7,699.4434741867531,20.88398334463062,22.79556457387929,2.700006926853635
2024-11-25 08:00:00,8,955.0361482007027,20.41556426578586,59.582557769108845,1.9300059174157351
2024-11-25 09:00:00,9,918.1899092448597,20.895579514773534,44.8231164816983,2.533142883504181
2024-11-25 10:00:00,10,972.7734026046304,18.00483122849229,17.184494518268387,4.028036052794325
2024-11-25 11:00:00,11,969.1750239651788,20.04865664900746,38.51876221897177,2.9793040049918442
2024-11-25 12:00:00,12,1061.8278270834978,19.517013429811406,55.342562854494794,2.370925472366484
2024-11-25 13:00:00,13,1054.0976523959712,18.396588334464955,2.1239110820070017,5.158547777707787
2024-11-25 14:00:00,14,992.7301744420422,20.069211662402836,9.544435180244957,4.489898432138444
2024-11-25 15:00:00,15,969.0626609838987,22.499079077340937,29.776627654409378,3.402542403424058
2024-11-25 16:00:00,16,849.0582301908047,19.266381766782843,30.712039358100686,2.941475661807058
2024-11-25 17:00:00,17,836.7295808439592,19.286340976158094,28.956049890742793,2.9722287298208974
2024-11-25 18:00:00,18,680.0765591486431,22.53746554171677,23.784456424246443,2.5916202314320977
2024-11-25 19:00:00,19,608.9399587817129,22.217063516545256,23.4787935509596,2.3298410150502806
2024-11-25 20:00:00,20,478.0285000506961,24.084791759979268,37.68516273643258,1.4894134094003177
2024-11-25 21:00:00,21,346.10594921955425,14.064291733650085,52.67885107278346,0.8189065583807085
2024-11-25 22:00:00,22,203.69010128477782,22.048339986596986,20.380945406231465,0.8108806647201484
2024-11-25 23:00:00,23,167.94140052876284,21.137722573295353,78.76798690341307,0.1782867007742921
2024-11-26 00:00:00,0,104.84847302507706,16.818689675064004,69.21382871480634,0.16139415247705147
2024-11-26 01:00:00,1,224.2143499536163,20.230410622320335,56.58511259160163,0.48671203792917417
2024-11-26 02:00:00,2,158.293818226886,22.629012111597795,42.449666691231236,0.4554930999837473
2024-11-26 03:00:00,3,485.81967647763963,16.9881701008676,70.15976212940312,0.7248487354154592
2024-11-26 04:00:00,4,474.54731987056556,20.80333415539222,24.19769270001183,1.7985890884607194
2024-11-26 05:00:00,5,656.8200702203679,22.089707895516852,13.34791176019531,2.845741534120502
2024-11-26 06:00:00,6,634.6095546227707,16.262588180729335,19.480558811920314,2.5549203355420813
2024-11-26 07:00:00,7,804.7117334011557,19.048789790988355,9.941143938198369,3.623570908480878
2024-11-26 08:00:00,8,891.123258416191,20.378551998251034,32.43602644626739,3.0103914132373775
2024-11-26 09:00:00,9,805.1111491577144,17.087252351694936,35.996609282554864,2.5764921725256222
2024-11-26 10:00:00,10,1014.5871995966036,16.83818727104316,34.01679677362214,3.347285669093215
2024-11-26 11:00:00,11,1099.1196620008755,19.070513062735476,29.751372956364005,3.860582360611337
2024-11-26 12:00:00,12,986.0281643454698,21.880566019034877,32.663090563432306,3.3198044602217993
2024-11-26 13:00:00,13,1100.2583118400512,21.40684887190013,64.72647617699778,1.9404993887073125
2024-11-26 14:00:00,14,950.7503468128759,16.891408680764773,42.40103735278168,2.7381116856452357
2024-11-26 15:00:00,15,991.8462949950163,21.43215052367086,48.45017593209643,2.5564751004697532
2024-11-26 16:00:00,16,688.5398065083507,16.967827539824274,33.81579873373576,2.2785228566891655
2024-11-26 17:00:00,17,986.8555626363125,14.645137474343496,0.0,4.934277813181563
2024-11-26 18:00:00,18,826.7434408059842,18.374216155182104,0.0,4.133717204029921
2024-11-26 19:00:00,19,585.9913886684265,22.844554983081007,71.6561998041703,0.8304611418447333
2024-11-26 20:00:00,20,342.2328778684945,21.44352852474792,19.363554495375574,1.3798221403066822
2024-11-26 21:00:00,21,405.72570182952904,19.47093144620422,17.664973116961356,1.6702718283636997
2024-11-26 22:00:00,22,143.30500133662048,18.225530417550626,34.913264827544985,0.4663627335442464
2024-11-26 23:00:00,23,166.11447522465104,18.306360459974506,41.00805956659855,0.4899707613789178
2024-11-27 00:00:00,0,32.925257533142556,19.9463030021994,43.53724274668825,0.09295254117983014
2024-11-27 01:00:00,1,55.21393869988958,16.414635827079522,65.48837065760009,0.09527614934722897
2024-11-27 02:00:00,2,348.49640699167105,18.57562624901312,60.01472765315883,0.6967361872728786
2024-11-27 03:00:00,3,447.1294085895837,18.973239900537703,13.78133550722357,1.9275450232019435
2024-11-27 04:00:00,4,578.065866983085,15.566724909262518,49.374691468435785,1.463238143379242
2024-11-27 05:00:00,5,609.4700453022323,17.104603531924283,22.31818163578403,2.367237067879924
2024-11-27 06:00:00,6,593.864855833451,20.851468659076154,27.249825111384467,2.1601886061043003
2024-11-27 07:00:00,7,871.5831220681264,19.648483804439994,8.12021588097275,4.004043454870361
2024-11-27 08:00:00,8,844.3956918535752,18.69366291103686,0.0,4.221978459267875
2024-11-27 09:00:00,9,812.697121055873,16.885665972003117,29.36876574735422,2.87009003668741
2024-11-27 10:00:00,10,1074.0889755670144,24.35049776138466,10.880361677775085,4.78612105142107
2024-11-27 11:00:00,11,1159.397463014011,17.106010640579054,48.55627357144073,2.9821862954629226
2024-11-27 12:00:00,12,996.7001496816638,20.37472670640222,24.378435129597573,3.7686012512745872
2024-11-27 13:00:00,13,1164.1745537420736,18.156341020395622,36.171804378997464,3.71535805766212
2024-11-27 14:00:00,14,973.2310045779765,19.728786162532014,57.35051507830863,2.075390052753548
2024-11-27 15:00:00,15,893.4430601779787,20.992777510438128,0.2940963643578378,4.454077383101939
2024-11-27 16:00:00,16,815.5887274496005,15.509178516993352,15.507652229006254,3.4455503198886936
2024-11-27 17:00:00,17,924.3199329306547,19.600099552156546,33.617672491316995,3.0679254255303308
2024-11-27 18:00:00,18,644.6952706755259,23.192134231556548,36.25049631646521,2.0549501766343448
2024-11-27 19:00:00,19,667.5829738067197,24.90445396509302,52.069950025446516,1.599864264835855
2024-11-27 20:00:00,20,455.2668931952632,19.229906364851615,47.34306258081196,1.1986480152005572
2024-11-27 21:00:00,21,345.8588913591409,19.744991906267735,31.938672514614787,1.1769807634263378
2024-11-27 22:00:00,22,341.2390206200864,26.253947370421606,36.0680934119451,1.0908030595241351
2024-11-27 23:00:00,23,100.1232445169037,23.024721129414605,36.621517819809796,0.3172829634218704
2024-11-28 00:00:00,0,0.0,17.913990218578842,0.6057527065248891,0.0
2024-11-28 01:00:00,1,221.15056799403612,17.90889357368613,26.87249045290077,0.8086095136165147
2024-11-28 02:00:00,2,386.61082856025064,22.635492311706304,34.969464359941846,1.2570754632759897
2024-11-28 03:00:00,3,434.2586166278285,16.73273253620731,39.17101717570213,1.3207754966078769
2024-11-28 04:00:00,4,447.61841795008394,23.029024180361056,11.512731198716814,1.98042656347771
2024-11-28 05:00:00,5,567.9127490649142,20.768743817597525,4.6240417494221795,2.7082611322393073
2024-11-28 06:00:00,6,713.5000022857505,21.319006218425717,25.30934814963839,2.66458901329786
2024-11-28 07:00:00,7,819.027745245288,18.99564251590434,69.34732222182987,1.2552696783192516
2024-11-28 08:00:00,8,786.9961309732568,17.87636951360527,13.615049745426624,3.3992310812333244
2024-11-28 09:00:00,9,981.7225676776757,24.151822418949457,53.47856494709619,2.2835571336093476
2024-11-28 10:00:00,10,972.7668926602363,19.025632084684073,61.694792860902396,1.8631018660703338
2024-11-28 11:00:00,11,854.1881958827598,18.533038696622913,30.909330524663872,2.950821715573472
2024-11-28 12:00:00,12,925.6858814031416,19.52543272270507,16.40304130693098,3.869226219520781
2024-11-28 13:00:00,13,951.1145674816771,20.344910324498326,40.25639127316451,2.841150828700934
2024-11-28 14:00:00,14,960.0972111817841,16.673368546186154,33.89980584198992,3.173130603483997
2024-11-28 15:00:00,15,1075.0218361516065,18.071229443723762,12.81792039619383,4.686131964759962
2024-11-28 16:00:00,16,885.079108275609,17.911747704626325,16.82394347256448,3.6808694970592133
2024-11-28 17:00:00,17,726.0915890993454,22.301684840165045,39.07159704290662,2.2119800462200594
2024-11-28 18:00:00,18,724.7572455311207,17.107956222344832,48.668808163370954,1.8601326602672408
2024-11-28 19:00:00,19,580.5944092124103,14.498540353070336,23.544195973692247,2.219490618475698
2024-11-28 20:00:00,20,525.9806591626832,13.864560237626037,28.617328702238936,1.8772952250994754
2024-11-28 21:00:00,21,429.12884732793907,15.354703522317347,43.3727714102216,1.215018866605366
2024-11-28 22:00:00,22,355.5574968804361,23.850458534888833,26.55026231652129,1.3057802438631165
2024-11-28 23:00:00,23,128.58327256644992,19.814463724796653,24.013460534082313,0.48852989577636996
2024-11-29 00:00:00,0,131.11684220798665,21.417037821900568,14.893183605455484,0.5579468508013792
2024-11-29 01:00:00,1,203.16800522294687,21.522753742842948,14.546307532519378,0.8680728118776598
2024-11-29 02:00:00,2,202.2238815175458,20.08184231665592,83.37765516446511,0.1680717546282498
2024-11-29 03:00:00,3,559.471885624967,19.688946671525034,26.075966798418364,2.0679209124145768
2024-11-29 04:00:00,4,526.1595610616077,23.046869850933383,57.30116643024448,1.1233199764452604
2024-11-29 05:00:00,5,541.9514686909417,20.35127830441688,63.679866750381414,0.9841874778840747
2024-11-29 06:00:00,6,839.3398252849813,24.1105829992692,26.328354210136816,3.09177731528604
2024-11-29 07:00:00,7,959.5755471071109,21.77578039734856,37.368596168695376,3.004978179875527
2024-11-29 08:00:00,8,863.3833826868737,18.059901741035876,32.04956964066064,2.9333636209337626
2024-11-29 09:00:00,9,883.5875116812389,18.42188848986915,0.0,4.417937558406194
2024-11-29 10:00:00,10,952.1358296927754,17.730896142116123,0.0,4.760679148463876
2024-11-29 11:00:00,11,1048.6233995752261,23.565934627331107,30.976969338085457,3.618958253084095
2024-11-29 12:00:00,12,1102.228532402441,18.698137702642303,21.501729227828076,4.326151689467024
2024-11-29 13:00:00,13,1037.0838478428961,17.51787217108006,67.8316067678718,1.6680660516049446
2024-11-29 14:00:00,14,974.0636829668101,20.87262468485942,25.26854122610763,3.6396599983389977
2024-11-29 15:00:00,15,1043.720474135641,19.62178924236145,69.0185799413625,1.6167971216498298
2024-11-29 16:00:00,16,840.998485940317,20.79699609920445,20.472172077289116,3.344139143656096
2024-11-29 17:00:00,17,875.8268873605879,25.582732273160488,68.24400841217867,1.3906375633705284
2024-11-29 18:00:00,18,684.0617573184454,22.652502979265538,40.12848993894693,2.0477905192836476
2024-11-29 19:00:00,19,643.2432656495921,19.99432222438468,41.265837915423944,1.8890177112237578
2024-11-29 20:00:00,20,490.9149948167638,15.688020408860933,19.764720865327014,1.9694350820259794
2024-11-29 21:00:00,21,378.21525775286506,18.413403069853054,41.538343608073774,1.1055545220465903
2024-11-29 22:00:00,22,228.62812370554425,22.04642886911487,63.854268661625014,0.4131965367928682
2024-11-29 23:00:00,23,238.11451471450755,16.40016744249351,27.103450118797248,0.8678863299662244
2024-11-30 00:00:00,0,0.0,26.485155387391288,23.21206369266764,0.0
2024-11-30 01:00:00,1,71.3076120161549,20.10549418630687,25.064749222798234,0.2671726894376987
2024-11-30 02:00:00,2,428.4985303701296,20.20878967802868,62.40223210012874,0.8055294145146035
2024-11-30 03:00:00,3,460.9112375374363,18.06230891952629,47.10702414002173,1.2189483480330165
2024-11-30 04:00:00,4,309.190904104557,21.552457768727383,58.95359980942237,0.6345586792581078
2024-11-30 05:00:00,5,563.5407298718883,16.58823907883353,36.27245420968539,1.795653383380904
2024-11-30 06:00:00,6,562.1476341815833,26.5569222657046,30.786387135556637,1.9454134362453417
2024-11-30 07:00:00,7,717.2980848180149,24.01429841235626,38.47888078141264,2.206449049567674
2024-11-30 08:00:00,8,614.9442304857153,23.015133833991364,51.403170688250796,1.4942169902579632
2024-11-30 09:00:00,9,912.9203662957711,15.890957481030798,25.057635148242703,3.4208205585768794
2024-11-30 10:00:00,10,874.5704807561634,20.678484309773477,57.373539867135726,1.863992186566627
2024-11-30 11:00:00,11,996.2372819175253,23.68950369244224,37.31661114131754,3.1223764468976554
2024-11-30 12:00:00,12,869.9902992893981,21.841560696473444,0.0,4.34995149644699
2024-11-30 13:00:00,13,998.0778096275734,17.055917184498902,47.66986854210389,2.6114771491509967
2024-11-30 14:00:00,14,932.7325240394423,18.11196323247426,4.55389973476035,4.451284100505933
2024-11-30 15:00:00,15,1044.0357697263744,18.706436084382254,47.183455213479746,2.7571180995241096
2024-11-30 16:00:00,16,978.9339527240887,18.251930994934405,48.03035996476332,2.5437422570671147
2024-11-30 17:00:00,17,856.180988532058,24.64858100553115,36.597851947624164,2.7141856897269516
2024-11-30 18:00:00,18,680.9776787336507,14.299205081930458,40.873617977533875,2.0131873190789014
2024-11-30 19:00:00,19,767.5918606295442,22.030001917376737,51.977415756879736,1.8430872395707856
2024-11-30 20:00:00,20,375.7571777728142,16.18533437361487,20.08744652378545,1.5013857781420736
2024-11-30 21:00:00,21,270.3987419999969,17.178490036047023,45.86859319404957,0.7318532151509534
2024-11-30 22:00:00,22,252.11639711139588,14.033044397794074,53.260466059140725,0.5891901449917621
2024-11-30 23:00:00,23,310.8492409337415,18.415081204923627,65.20165195076956,0.5408520038425714
2024-12-01 00:00:00,0,0.0,24.74485655345976,7.884394278805935,0.0
2024-12-01 01:00:00,1,115.86657276330902,21.007134326236454,38.170321299755365,0.35819964830269563
2024-12-01 02:00:00,2,143.46621661357608,16.617576957844825,10.770216018770707,0.6400729758516821
2024-12-01 03:00:00,3,458.35779918672006,23.264104621980056,9.921559645970042,2.06440778374227
2024-12-01 04:00:00,4,576.2541003463482,23.906574389548176,37.180555448119605,1.809998125225057
2024-12-01 05:00:00,5,671.8874451207134,20.524801041959375,31.549116295922772,2.2995644684093763
2024-12-01 06:00:00,6,656.7691273587585,26.31690907329989,52.9000295704397,1.5466903238822822
2024-12-01 07:00:00,7,736.8167988213949,22.677353972715963,23.076471008115817,2.8339274192922432
2024-12-01 08:00:00,8,762.5756237520409,22.26061912071988,27.31897127605978,2.771239040704936
2024-12-01 09:00:00,9,930.5893326521613,17.80252547734325,34.23008524676369,3.0602390539401854
2024-12-01 10:00:00,10,879.4932399467882,22.09485705570614,12.763422971270877,3.836198988643227
2024-12-01 11:00:00,11,897.2515409538671,20.863035431655597,15.538603099681382,3.789155925996353
2024-12-01 12:00:00,12,966.1047426471459,21.772148606855197,52.32197331545106,2.3030983849999953
2024-12-01 13:00:00,13,952.3123673590729,18.158904741418127,19.020899174377824,3.855869960692866
2024-12-01 14:00:00,14,922.8875439833121,20.596958251919077,53.64953132899371,2.1388135097130228
2024-12-01 15:00:00,15,961.1951002585078,17.762077098197246,42.14625161336589,2.7804369740410624
2024-12-01 16:00:00,16,872.349227956461,13.771265298944023,0.0,4.361746139782305
2024-12-01 17:00:00,17,770.3008578503459,23.20757530457727,40.60757383675576,2.287501841168018
2024-12-01 18:00:00,18,721.7478154514662,15.705494653773567,40.44959646188255,2.1490186831444764
2024-12-01 19:00:00,19,529.4392657203501,20.534220993189365,38.45857217022571,1.6291224180788813
2024-12-01 20:00:00,20,508.42228991277415,21.211667987189237,27.162465472339786,1.851611304807688
2024-12-01 21:00:00,21,394.7316317926606,21.192350646431283,11.198650892162963,1.752635071936312
2024-12-01 22:00:00,22,138.5752963539226,19.363424378047366,56.92425532225241,0.2984617042192389
2024-12-01 23:00:00,23,210.18169256968096,21.02629602468204,27.96840822554329,0.756986093882181
2024-12-02 00:00:00,0,0.0,21.777398500326974,12.33187679329264,0.0
2024-12-02 01:00:00,1,137.75097615656637,22.569391738227445,39.14937372176017,0.4191116584782973
2024-12-02 02:00:00,2,351.97198434534243,25.564821309124277,15.144400585334857,1.4933396854396583
2024-12-02 03:00:00,3,456.73757298219937,21.067079745466106,11.018279434297575,2.032064754547959
2024-12-02 04:00:00,4,502.7466710855067,20.556643826024594,22.490547755951226,1.948380954667829
2024-12-02 05:00:00,5,579.7615087781551,17.644310394921206,16.69204471363851,2.414937292502201
2024-12-02 06:00:00,6,782.9077338725929,21.6723362626695,11.755154960308513,3.4543785827981486
2024-12-02 07:00:00,7,847.328938515925,22.366646600393196,46.12823524523518,2.2823552622817247
2024-12-02 08:00:00,8,816.556202180908,19.787587738126607,27.72344371075201,2.950893515513148
2024-12-02 09:00:00,9,860.2880407511514,21.9983348035236,55.04559891031784,1.9336866818292044
2024-12-02 10:00:00,10,800.1374117533885,19.486948710323464,12.909810445401288,3.48420594296643
2024-12-02 11:00:00,11,1003.7674087084972,22.37747524723826,0.0,5.018837043542486
2024-12-02 12:00:00,12,993.3841803985281,23.10230423306072,32.975406984988325,3.3290585199381137
2024-12-02 13:00:00,13,1082.3401713452135,23.060380891162946,67.11957843612831,1.7793900554671875
2024-12-02 14:00:00,14,994.6502337674979,20.718030269395392,40.61973658724004,2.9531296442338646
2024-12-02 15:00:00,15,1030.617868045102,17.244592836120333,94.30748392425664,0.2933404390897546
2024-12-02 16:00:00,16,810.236265551145,18.528758133046026,36.64118241898177,2.566780587329022
2024-12-02 17:00:00,17,884.4053667686449,22.149969262625675,34.71104422576181,2.8870951438728483
2024-12-02 18:00:00,18,664.7934708581753,27.71093420819217,0.0,3.3239673542908763
2024-12-02 19:00:00,19,670.9691139521025,19.342334976375245,38.55894881177056,2.061252383802604
2024-12-02 20:00:00,20,383.2993285975444,21.73201032613591,33.373355200385824,1.2768974109199593
2024-12-02 21:00:00,21,401.494256314385,18.69633961853328,21.85157603590926,1.5688071680801934
2024-12-02 22:00:00,22,100.04400978684825,17.442596158224188,27.264422658818596,0.3638379405686606
2024-12-02 23:00:00,23,109.15519334471162,18.3355497002394,28.63798851315642,0.3894767080656971
2024-12-03 00:00:00,0,35.228319510233085,14.27029065248788,26.401416941358722,0.12963771997451215
2024-12-03 01:00:00,1,88.8487081215639,24.578011771319147,71.79429926251922,0.1253020036094305
2024-12-03 02:00:00,2,174.78403480204344,13.827315823852054,22.58275944389982,0.6765648833817791
2024-12-03 03:00:00,3,450.3729099087645,19.726221891393998,33.386274477077144,1.500050870181125
2024-12-03 04:00:00,4,491.72297681224603,16.983322896545733,21.921978332275863,1.9196378619032182
2024-12-03 05:00:00,5,569.5957772462668,17.864565936509283,45.668623732877606,1.5473461246865479
2024-12-03 06:00:00,6,710.4584548788897,24.647274561811898,33.53527399944414,2.3610213269151843
2024-12-03 07:00:00,7,1004.2868716468824,21.12090755269007,24.40178853659037,3.796114564634357
2024-12-03 08:00:00,8,958.305631766962,17.621518105050793,0.0,4.79152815883481
2024-12-03 09:00:00,9,1016.8854259663138,18.749155185106364,34.866164505775004,3.3116824025682403
2024-12-03 10:00:00,10,1000.7695318084575,18.221262921269638,23.808474528404982,3.812507863699016
2024-12-03 11:00:00,11,1004.763683179982,20.387069566359255,28.785186862257977,3.5777028972625926
2024-12-03 12:00:00,12,808.3134169335667,21.03638163695897,6.350841055093333,3.78489358298561
2024-12-03 13:00:00,13,937.1264336567597,26.204430902281576,58.66564345440391,1.93677590685357
2024-12-03 14:00:00,14,927.4798732328705,14.768804284602775,47.134863516877445,2.4515675041902454
2024-12-03 15:00:00,15,773.8881673874841,20.41326963832204,58.614119952812636,1.6014021432718037
2024-12-03 16:00:00,16,773.432140567204,19.57100350499233,52.939586015619085,1.8199018361959254
2024-12-03 17:00:00,17,634.8864226174246,23.357352165746242,41.84634604254923,1.846048266158878
2024-12-03 18:00:00,18,704.0408743307579,21.582160937131075,7.154349825471144,3.268356636334149
2024-12-03 19:00:00,19,674.262706676626,22.28879320694073,66.86774328143717,1.1169922546681497
2024-12-03 20:00:00,20,588.5419614899462,21.55296514064114,11.447296982249789,2.6058490764651694
2024-12-03 21:00:00,21,415.8661893314292,17.721733206745277,24.631847518500766,1.5671533184715596
2024-12-03 22:00:00,22,181.74733780663553,24.151503072074934,44.13804561253842,0.5076380747298422
2024-12-03 23:00:00,23,0.0,22.913221296442902,45.1308157437481,0.0
2024-12-04 00:00:00,0,0.0,23.41883344966991,41.44473453889116,0.0
2024-12-04 01:00:00,1,29.007586039691688,24.46439458601718,21.994230373418205,0.113137953701772
2024-12-04 02:00:00,2,187.71026925966686,21.925269376451563,17.861367452890505,0.7709132416019379
2024-12-04 03:00:00,3,369.90355252576285,25.11522128684816,80.69065137212273,0.35712983272051324
2024-12-04 04:00:00,4,418.86686254984244,21.805162789855608,29.21372123000333,1.4825013249983512
2024-12-04 05:00:00,5,635.8795005021815,20.015068310421857,26.76457230722328,2.3284453590173246
2024-12-04 06:00:00,6,688.5249009625898,20.65243234304559,15.72887018122493,2.901138565623883
2024-12-04 07:00:00,7,794.1969972305174,20.600712770087334,34.893406981419155,2.585373033763313
2024-12-04 08:00:00,8,957.2454479981349,19.114070108224055,33.96045601156141,3.160802643540271
2024-12-04 09:00:00,9,829.460993775257,25.567910619606344,29.675475825914095,2.9165724854104687
2024-12-04 10:00:00,10,999.4221925524579,21.561130171006685,37.634532935757726,3.1164715916451557
2024-12-04 11:00:00,11,990.3270030957243,20.956459501994402,65.27075004884708,1.71966570119438
2024-12-04 12:00:00,12,973.3210975224243,21.837066839274986,18.09894587418203,3.9858011944992318
2024-12-04 13:00:00,13,1062.265367043087,29.611807624707126,30.8616748440424,3.67216241742688
2024-12-04 14:00:00,14,1036.246958653629,17.277071508696707,17.043030948988886,4.298195343911674
2024-12-04 15:00:00,15,848.1602688322125,18.137128539346858,35.89396721651256,2.718609499970467
2024-12-04 16:00:00,16,851.4525570758047,16.530531022154694,18.63060997251162,3.4641087603301726
2024-12-04 17:00:00,17,815.8502748979605,19.974446359189226,19.491140171316207,3.2841587711476516
2024-12-04 18:00:00,18,685.2662413447409,21.408799404477765,0.8095325188874796,3.3985939414004864
2024-12-04 19:00:00,19,655.5631355917445,19.27627651947245,31.955895656393494,2.230360320101326
2024-12-04 20:00:00,20,522.4953614328219,19.053063680040374,38.595392438099545,1.6041811310847884
2024-12-04 21:00:00,21,529.2883315935709,21.09945867438008,67.20952706384591,0.867780735627057
2024-12-04 22:00:00,22,136.39671422813802,19.16592060000659,39.390049623796905,0.41334990404223
2024-12-04 23:00:00,23,120.7313130402602,21.602771556044196,21.006317534053608,0.4768505502999544
2024-12-05 00:00:00,0,0.0,24.170767014104644,2.8064182462782057,0.0
2024-12-05 01:00:00,1,178.8547886551751,22.859155383279248,5.5742598866904345,0.8444247895787236
2024-12-05 02:00:00,2,129.44529389887725,23.471104015372436,4.087433210560555,0.6207715198327342
2024-12-05 03:00:00,3,410.38844918308075,24.085819208396988,67.56084070898763,0.6656328137120748
2024-12-05 04:00:00,4,449.5961254921326,21.67654845423294,35.7562099385274,1.444187954928403
2024-12-05 05:00:00,5,550.0284797190395,20.352140895747528,18.340675614762144,2.2457477023248136
2024-12-05 06:00:00,6,591.3869249032925,18.511304761227244,10.802807896934713,2.6375026573920017
2024-12-05 07:00:00,7,756.1472645951549,19.654529482969668,12.877843192121567,3.2938590277953717
2024-12-05 08:00:00,8,952.7854462077125,19.257007375846147,17.81401210987243,3.915280657195843
2024-12-05 09:00:00,9,921.8644378289282,23.023080953739566,56.32510432510305,2.013116657428798
2024-12-05 10:00:00,10,1016.1402597190263,21.86841163765942,29.40113105884501,3.586917651086737
2024-12-05 11:00:00,11,1124.6162071311123,22.918337562019733,1.0506716545210182,5.564000917103181
2024-12-05 12:00:00,12,1021.1004467858061,17.347053405576375,76.20918549460742,1.2146405660427297
2024-12-05 13:00:00,13,946.7408956088229,25.123312426600066,7.196777212682054,4.393030312852526
2024-12-05 14:00:00,14,1003.3060035036917,19.54712285935654,18.18329380152265,4.104359625791502
2024-12-05 15:00:00,15,880.3358408061434,17.528014047652842,56.20288775267764,1.9278083817563785
2024-12-05 16:00:00,16,825.6715891206652,19.510410679411393,38.30299265218133,2.54707330504314
2024-12-05 17:00:00,17,671.7619163217165,28.279361951639356,20.60154000751581,2.666843081877216
2024-12-05 18:00:00,18,781.207380473299,19.664913374402126,5.372661478123305,3.69617876239177
2024-12-05 19:00:00,19,577.8812229567656,19.852774559464052,10.666197821499466,2.581216342714483
2024-12-05 20:00:00,20,514.5678596652689,20.251749931987803,11.870077618470681,2.267441276616491
2024-12-05 21:00:00,21,299.80647807655873,20.382202823582464,30.14063595699099,1.0472144947201358
2024-12-05 22:00:00,22,293.6948554797588,18.48363577647307,33.821236345626076,0.9718181213650232
2024-12-05 23:00:00,23,69.5708931692453,21.25770322349522,27.02690742737315,0.2538401613799835
2024-12-06 00:00:00,0,0.0,24.211904832535254,29.215723721513413,0.0
2024-12-06 01:00:00,1,200.75227471918163,21.92798805437638,8.985536096113584,0.9135680330526023
2024-12-06 02:00:00,2,322.0797900811232,17.651624211240303,35.862722124477784,1.032866049726143
2024-12-06 03:00:00,3,380.9210265637346,19.952082393139136,55.610372736739926,0.8454471192951285
2024-12-06 04:00:00,4,358.54951738346244,19.33053790763537,26.744166365008628,1.3132921897674688
2024-12-06 05:00:00,5,848.1862746135719,21.143938512644663,26.354265871410533,3.1232650435854943
2024-12-06 06:00:00,6,846.7754988083984,24.976475122627214,31.660021041056964,2.893430988575722
2024-12-06 07:00:00,7,851.1673262822992,20.538471719877613,52.364097195187824,2.027306201270773
2024-12-06 08:00:00,8,805.7691012571609,20.720655501329087,12.105540011227191,3.5411320015318473
2024-12-06 09:00:00,9,914.7921595751294,26.31805456439855,59.01694671464271,1.87454879104473
2024-12-06 10:00:00,10,922.4521919069471,23.613738082955244,38.424444788704754,2.840025293627327
2024-12-06 11:00:00,11,1092.5533365015212,22.70736395425987,30.573613913977354,3.792601487976342
2024-12-06 12:00:00,12,1021.0002312681468,26.85951495384559,54.264776733286396,2.3347836766207455
2024-12-06 13:00:00,13,928.7117527050236,22.4545538723223,6.358758522470886,4.3482860749035215
2024-12-06 14:00:00,14,928.265418359086,15.025538682007694,40.44091072489417,2.7643321461521126
2024-12-06 15:00:00,15,1013.5745839168792,23.483117381581344,38.60619129013235,3.111360205908829
2024-12-06 16:00:00,16,994.0332315300769,16.209094736584312,11.290898712124143,4.408989730965808
2024-12-06 17:00:00,17,915.619865370135,22.341136213687605,39.212762459076416,2.7829001126721438
2024-12-06 18:00:00,18,767.6693463908658,15.843889385552542,35.666103587609726,2.4693580104838655
2024-12-06 19:00:00,19,588.5514395045097,19.584553876740504,26.425237606201318,2.165126615903624
2024-12-06 20:00:00,20,240.67889397367026,19.89376651911065,47.25635110460665,0.6347141540139433
2024-12-06 21:00:00,21,406.45623426974765,18.674762786245,18.564914952846706,1.6549899002851278
2024-12-06 22:00:00,22,258.672744394993,19.93856411636666,35.40642491686738,0.8354298668518976
2024-12-06 23:00:00,23,141.72475992576028,24.082805269021918,27.366524350893624,0.5146980949471579
2024-12-07 00:00:00,0,4.31178776265651,19.001507201085264,17.70606353984665,0.01774169940848608
2024-12-07 01:00:00,1,24.425219264119008,22.778788576095547,40.05769370237543,0.0732051987258231
2024-12-07 02:00:00,2,303.41172965061565,18.246417018742022,25.84528505301697,1.124970516190624
2024-12-07 03:00:00,3,433.2607374876378,20.574867208387538,0.5398708258090643,2.1546084458312844
2024-12-07 04:00:00,4,554.5871025647726,22.114883736546275,0.0,2.772935512823863
2024-12-07 05:00:00,5,684.4875892945915,18.153780687708245,45.781149361664035,1.8556065183879054
2024-12-07 06:00:00,6,755.4309127802774,17.208204638831855,5.587997855463385,3.5660872478730403
2024-12-07 07:00:00,7,760.5509873681225,22.619000389300588,35.58768986801213,2.4494423034772552
2024-12-07 08:00:00,8,860.3584559511513,24.512607135585842,31.099037872563006,2.9639762694755225
2024-12-07 09:00:00,9,931.1695218915568,20.906170879101808,22.629364460582003,3.602258885184287
2024-12-07 10:00:00,10,974.5417822175979,19.771427217893812,69.1333691443068,1.5040410722579975
2024-12-07 11:00:00,11,1071.3022738515485,21.610392100629085,33.59348036920892,3.5570727739516994
2024-12-07 12:00:00,12,1051.4935002417992,21.309805693860067,45.112669653641305,2.8856835552410307
2024-12-07 13:00:00,13,1157.6323365394064,21.87207355969768,35.69632430679618,3.7220007170397884
2024-12-07 14:00:00,14,1142.4433446798423,13.558630636622782,25.36921153765038,4.263072379351025
2024-12-07 15:00:00,15,930.2514991204008,17.936053064066034,29.618224995281167,3.2736375854447224
2024-12-07 16:00:00,16,559.0929599076892,18.607675621253364,59.17085531320967,1.1413643676718452
2024-12-07 17:00:00,17,892.2999375814167,21.595968823098612,51.762105852008595,2.1521334968655856
2024-12-07 18:00:00,18,663.8766740675833,21.700999588430722,69.03972863377201,1.0276900991420634
2024-12-07 19:00:00,19,544.6427152622401,23.05190740361603,34.43284185945768,1.7855337520846832
2024-12-07 20:00:00,20,468.1243780008505,21.916111185195234,12.46125868598504,2.0489509414300304
2024-12-07 21:00:00,21,346.9519886199214,17.241160726401915,21.18966111280376,1.3671701900361328
2024-12-07 22:00:00,22,307.80062991095247,25.484379790319103,6.244436164028176,1.4429010803184321
2024-12-07 23:00:00,23,5.771329889953961,24.959120847831024,45.340882577505546,0.015772789906947277
2024-12-08 00:00:00,0,0.0,17.52816270101249,18.281673678455036,0.0
2024-12-08 01:00:00,1,157.9788765558449,22.300870454215815,0.0,0.7898943827792244
2024-12-08 02:00:00,2,308.65456753558544,19.51648141536422,79.27551396659861,0.31983536370183935
2024-12-08 03:00:00,3,434.0067639599707,21.71934653869491,18.58797723023369,1.7666684274870867
2024-12-08 04:00:00,4,437.037097685336,24.462685410018878,18.468181490283808,1.781621466524696
2024-12-08 05:00:00,5,530.5001770674214,27.69306737005614,63.43223385320733,0.9699603207916783
2024-12-08 06:00:00,6,666.575994483514,23.556587686521098,5.83497098404969,3.1384073930938015
2024-12-08 07:00:00,7,812.5431604740133,22.187558776423675,52.73211773066333,1.9203597224020195
2024-12-08 08:00:00,8,984.8635933262425,20.283291066168374,18.25115113151957,4.0255732523447785
2024-12-08 09:00:00,9,760.0845576496265,21.849159184126798,3.5240911080628194,3.666492426698687
2024-12-08 10:00:00,10,948.267525732399,25.382070251078208,64.11435522756273,1.7014595788835447
2024-12-08 11:00:00,11,884.830586091794,21.16862830081451,48.46193894125055,2.280122638632397
2024-12-08 12:00:00,12,867.8205858117208,18.644416617050318,48.40001969030085,2.2389762570118186
2024-12-08 13:00:00,13,1068.8013930013956,16.443684974543388,37.35311093577549,3.3478541149523524
2024-12-08 14:00:00,14,1009.4957922490156,22.84189817332402,41.9820326615536,2.928444695150123
2024-12-08 15:00:00,15,959.8342137870678,22.044618947976485,5.356839505039133,4.542087177200202
2024-12-08 16:00:00,16,939.7074709629181,19.365030051306377,32.23221714489321,3.18409459197683
2024-12-08 17:00:00,17,754.9758285499445,24.38079694821516,11.424739990983099,3.343609015716715
2024-12-08 18:00:00,18,672.4957798798654,20.037423977930377,2.221189618738908,3.2877918671535826
2024-12-08 19:00:00,19,783.6198783465267,20.89882229561888,38.21906661416063,2.4206383751973157
2024-12-08 20:00:00,20,480.27431565923393,21.252762171199436,53.16299111319089,1.1247306195318851
2024-12-08 21:00:00,21,441.4940014094172,20.249896344679,22.33262351543872,1.7144840411570315
2024-12-08 22:00:00,22,259.32956837958625,22.010349768341978,25.759742153309166,0.9626347011885763
2024-12-08 23:00:00,23,0.0,24.75730000889227,7.236987098339203,0.0
2024-12-09 00:00:00,0,0.0,18.03579308388101,30.144342921757957,0.0
2024-12-09 01:00:00,1,84.2074546248592,22.928799193658303,45.20152224776828,0.23072201644162044
2024-12-09 02:00:00,2,343.30714523611994,21.979714787055602,45.83055473455546,0.9298378806552008
2024-12-09 03:00:00,3,445.7467648959701,21.924530266870395,40.90352351261865,1.31710316055005
2024-12-09 04:00:00,4,573.1261731379226,24.07877248785855,17.631376656109293,2.3603806941861514
2024-12-09 05:00:00,5,529.7977346938154,21.611131053887753,16.99741913145697,2.198728965894716
2024-12-09 06:00:00,6,836.3765803963327,22.903926563953387,45.908089464818666,2.2620603580259666
2024-12-09 07:00:00,7,716.1618762763246,23.61083266694972,46.23997864433463,1.92504388813643
2024-12-09 08:00:00,8,883.051355678036,19.950143177094457,26.56010029136214,3.2425601499285834
2024-12-09 09:00:00,9,923.0513493186677,22.360789160677673,21.476561848686288,3.6240582769355534
2024-12-09 10:00:00,10,952.0159206639015,20.710875956604383,53.34494186891399,2.220817906014685
2024-12-09 11:00:00,11,1098.5322324374588,21.06519343907659,22.801026703735065,4.240278023851284
2024-12-09 12:00:00,12,943.5911583867231,20.497054588801284,44.91864449047563,2.598714002537151
2024-12-09 13:00:00,13,883.476440916856,22.87647999052694,27.26313650283803,3.213065264296392
2024-12-09 14:00:00,14,967.525465185582,21.70817290529104,9.049344379259999,4.399853769419507
2024-12-09 15:00:00,15,891.8933937683647,22.646870881186302,62.24624280047405,1.6836163318096016
2024-12-09 16:00:00,16,1136.2160373110505,21.41068668954903,32.401277914629524,3.840337606756532
2024-12-09 17:00:00,17,847.4739384064334,16.650875740825303,15.785120402238332,3.568495784256934
2024-12-09 18:00:00,18,674.3595351690577,21.557344026535404,2.1838866444959173,3.2981614367230794
2024-12-09 19:00:00,19,524.2725034737538,21.653852643706728,4.199984035263327,2.5112657101329035
2024-12-09 20:00:00,20,349.57692715449707,22.19102658969666,22.541771918107976,1.3538804677849994
2024-12-09 21:00:00,21,300.66590550609527,19.682051197179053,68.50257767067185,0.4735100502877677
2024-12-09 22:00:00,22,268.0143868432516,17.87682962823974,18.30676242651515,1.0947481488748814
2024-12-09 23:00:00,23,244.71248434763356,23.337058712919113,58.94909664692409,0.5022834272122902
2024-12-10 00:00:00,0,89.73513139103352,20.803951334456357,27.38472662793832,0.32580705485188866
2024-12-10 01:00:00,1,148.85377875176192,22.138503147113852,6.376992177966354,0.6968069246207735
2024-12-10 02:00:00,2,232.96563184632205,20.780390764393978,20.535776230992077,0.9256216549762227
2024-12-10 03:00:00,3,404.1884208780621,21.60658552673808,4.380241525251137,1.9324199591325217
2024-12-10 04:00:00,4,458.50896020123383,20.27691496025144,12.880630960722918,1.9972505655793251
2024-12-10 05:00:00,5,746.2305486698307,18.72052023659738,12.285038762481651,3.272779182541312
2024-12-10 06:00:00,6,691.9715666845411,23.045965986364834,0.0,3.459857833422706
2024-12-10 07:00:00,7,786.4463116314972,19.815410739380503,60.25592137629452,1.5628292021402705
2024-12-10 08:00:00,8,688.759609782785,22.116625446743296,34.22034060444563,2.2653186268463266
2024-12-10 09:00:00,9,908.2447447894655,22.856151669765097,16.274431887637963,3.8021653621282634
2024-12-10 10:00:00,10,1032.8445573262636,19.864332857249618,34.435154928667785,3.38591466919326
2024-12-10 11:00:00,11,906.0270552107266,18.01311410093991,13.290392127158764,3.9280625339753596
2024-12-10 12:00:00,12,939.942373240575,28.903027845618023,0.0,4.6997118662028745
2024-12-10 13:00:00,13,1054.8617427925035,20.041455376222586,89.13383266453098,0.5731152106483909
2024-12-10 14:00:00,14,847.7932484076242,23.49502247986234,33.79199753354119,2.806534874080956
2024-12-10 15:00:00,15,1008.5036131146403,27.443161652769234,18.219739213704703,4.123784424221817
2024-12-10 16:00:00,16,823.4538925705906,23.994494244620544,0.0,4.117269462852954
2024-12-10 17:00:00,17,762.2678826519391,20.72344257757621,0.11700409714880067,3.806879989989935
2024-12-10 18:00:00,18,617.1965087765002,21.423421841453532,63.08983859109811,1.1390411379975678
2024-12-10 19:00:00,19,639.0051298429514,19.12694934484232,60.03877097596934,1.2767715170592313
2024-12-10 20:00:00,20,696.7897588023503,24.26986028493209,45.06430071997896,1.9139316325482154
2024-12-10 21:00:00,21,445.2032115219405,23.32358312823493,7.698459231803724,2.0546471189212148
2024-12-10 22:00:00,22,189.67622414727816,20.081493549273635,60.19947975954021,0.37746061991538665
2024-12-10 23:00:00,23,221.3758390593701,18.49824658276353,38.99565235888705,0.6752444322660442
2024-12-11 00:00:00,0,0.0,17.823602170085273,43.09848896703069,0.0
2024-12-11 01:00:00,1,240.48499073425631,24.74684539448895,38.92341888886493,0.7344000521295686
2024-12-11 02:00:00,2,323.35315727566984,22.148422769943032,0.0,1.6167657863783491
2024-12-11 03:00:00,3,147.23210712735113,22.432256992074603,6.036780985062251,0.6917201364019036
2024-12-11 04:00:00,4,419.6736293635977,19.318457505489278,19.795636671832764,1.6829828124364294
2024-12-11 05:00:00,5,684.3122468355518,17.39679407316313,42.872794150662266,1.9546423295098692
2024-12-11 06:00:00,6,719.239362958149,24.675144107211246,2.3913583551370756,3.510198861793073
2024-12-11 07:00:00,7,711.4528644746073,21.913420494068042,26.493071701116186,2.614835734848523
2024-12-11 08:00:00,8,815.3382425449335,24.50900736324921,26.467809796738983,2.9976803365403306
2024-12-11 09:00:00,9,771.3806029041361,20.629504003529657,45.854793786551554,2.088328090664932
2024-12-11 10:00:00,10,958.8559632869567,21.076849853965776,43.49343071215325,2.709083046326973
2024-12-11 11:00:00,11,1168.3000394550713,23.927197912938247,9.79548141895734,5.269297130862893
2024-12-11 12:00:00,12,1064.394671258586,23.984347622027922,58.933723389746035,2.1855362996192707
2024-12-11 13:00:00,13,1166.6782214688842,24.18000025113421,6.7352034249941966,5.440500349689253
2024-12-11 14:00:00,14,1036.517593472267,20.90169962376826,51.844788838015,2.495686179338477
2024-12-11 15:00:00,15,1006.0778799795021,23.630945096028952,18.997102033032036,4.074761192940152
2024-12-11 16:00:00,16,1023.9516988040406,25.114601779506504,33.27851906866744,3.4159786873179683
2024-12-11 17:00:00,17,823.5344010386134,21.472987348031747,34.5197492020861,2.6962619560359107
2024-12-11 18:00:00,18,692.1285954659973,20.246838291754187,33.95414881417591,2.2856111108800348
2024-12-11 19:00:00,19,691.3740303384817,25.81554619302665,43.489983968691405,1.9534778769029018
2024-12-11 20:00:00,20,616.3072189697507,19.823966182422428,37.82918995867065,1.9158159518834168
2024-12-11 21:00:00,21,344.2862609481132,23.67573287441978,45.672982597410765,0.935202284500026
2024-12-11 22:00:00,22,201.0935185153187,21.612036451516765,39.292399206902715,0.6103952522053642
2024-12-11 23:00:00,23,141.6346748145224,16.262606533622666,4.710894821483123,0.674812071266303
2024-12-12 00:00:00,0,66.51990935453297,25.336569955872847,35.39598149115975,0.21487267275733124
2024-12-12 01:00:00,1,194.3734761129765,13.677226864795001,18.72260194989334,0.7899085194208646
2024-12-12 02:00:00,2,144.8856370875129,15.998403553164279,7.814750441854329,0.6678159306151651
2024-12-12 03:00:00,3,535.6119177301555,23.53277799187912,24.203202146454004,2.029883412807135
2024-12-12 04:00:00,4,448.7068056482519,23.53200134947145,33.66471198070182,1.488254759444802
2024-12-12 05:00:00,5,587.5562292576343,20.0380481798045,34.993500559755695,1.909748684417423
2024-12-12 06:00:00,6,634.894432387522,22.39425402434684,51.12049490280536,1.551666282203319
2024-12-12 07:00:00,7,1009.2196471662023,14.356497616103091,56.14618237943155,2.2129067172960535
2024-12-12 08:00:00,8,885.3910574074758,24.0717141468489,36.72561661514712,2.8011286605960457
2024-12-12 09:00:00,9,855.8015260567614,22.699964214597895,40.34212754018819,2.5527649146203295
2024-12-12 10:00:00,10,1035.039710286064,21.813859193435718,31.906180663513105,3.5239903519154487
2024-12-12 11:00:00,11,1052.975723718613,22.01331219985042,45.344509272991694,2.877545245173376
2024-12-12 12:00:00,12,984.9818381136093,23.4305502820162,39.73976277674129,2.967761961266375
2024-12-12 13:00:00,13,1058.693398396481,21.86408318294352,28.91023812284392,3.7631130796461485
2024-12-12 14:00:00,14,899.9024694225993,16.328621245243443,73.03965134008601,1.2130842167775433
2024-12-12 15:00:00,15,884.4460705153466,28.53978445700467,19.076332731163625,3.578630976380685
2024-12-12 16:00:00,16,705.2080714191536,25.55319021172246,59.08913913416675,1.4425334645645798
2024-12-12 17:00:00,17,687.4372535536703,18.09595376757262,2.9141414734612567,3.3370217972191996
2024-12-12 18:00:00,18,851.7172456402025,20.915376062007333,46.2723307290291,2.288039124306954
2024-12-12 19:00:00,19,740.0757192265058,21.242685182968984,58.731367034536746,1.5270956611704956
2024-12-12 20:00:00,20,505.2630918919169,25.187336452963997,0.0,2.5263154594595845
2024-12-12 21:00:00,21,515.7179481402769,15.4729809474778,32.77901146110188,1.7333535140620806
2024-12-12 22:00:00,22,246.01308617385666,20.45376296014774,44.308280824880875,0.6850445854299404
2024-12-12 23:00:00,23,111.05336801461937,16.668878423424594,35.039272082561325,0.36070538119564377
2024-12-13 00:00:00,0,4.520851877244509,21.259889123708888,37.56311871213927,0.014113394598975888
2024-12-13 01:00:00,1,120.53246459416634,20.69767299193919,32.724463247533265,0.4054443125835117
2024-12-13 02:00:00,2,241.60333921770638,22.35425787334204,8.11504347276816,1.10998561604265
2024-12-13 03:00:00,3,474.15528093705404,20.300552474166352,77.36091184310884,0.5367221602594732
2024-12-13 04:00:00,4,512.0108523164961,19.86210549702233,19.929242733684017,2.0498548336776863
2024-12-13 05:00:00,5,665.759970163425,23.974145746483348,38.683224775578104,2.041112722196428
2024-12-13 06:00:00,6,789.617223208734,23.479193894021645,17.063206458291454,3.274416030911998
2024-12-13 07:00:00,7,824.408203943614,23.76937069952863,0.0,4.12204101971807
2024-12-13 08:00:00,8,788.4036977117794,21.584475399721374,11.509742525020624,3.4883023102370587
2024-12-13 09:00:00,9,815.6502613941635,20.399959924518335,1.047866154497239,4.035516691829729
2024-12-13 10:00:00,10,977.8282770736528,21.758618225131592,51.831350784489786,2.3550333635683756
2024-12-13 11:00:00,11,977.7443569878154,23.61866188139926,17.8626396791109,4.015467027581211
2024-12-13 12:00:00,12,1006.9913143136098,15.584836568278359,19.718173216400743,4.042155113415709
2024-12-13 13:00:00,13,990.1605382339234,23.297511462306478,8.713385747925276,4.5194201550693425
2024-12-13 14:00:00,14,1172.6117191023939,23.042590233198297,31.88070797430205,3.993874006314583
2024-12-13 15:00:00,15,817.4614320599798,22.301628389451086,15.670829672774385,3.4467922170061898
2024-12-13 16:00:00,16,706.8297021987487,21.66723540557888,49.84709462493577,1.7724781585329337
2024-12-13 17:00:00,17,819.9434869728041,14.416817513396662,36.04078646178322,2.6221470286281825
2024-12-13 18:00:00,18,676.992976819492,20.795615881892687,18.56348428551104,2.7565974597679612
2024-12-13 19:00:00,19,634.0468585871168,27.483491804426023,47.00466103674039,1.6800764094707092
2024-12-13 20:00:00,20,546.71064178272,22.15387955789882,30.15881046046476,1.9091460778013951
2024-12-13 21:00:00,21,485.4118079794017,21.193306155169747,30.42993811379902,1.6885064760709845
2024-12-13 22:00:00,22,138.24097947180599,22.16589425796424,0.7473019253614837,0.6860395098528731
2024-12-13 23:00:00,23,85.98876039147896,23.17949427707793,28.578277344293724,0.3070732698094096
2024-12-14 00:00:00,0,34.30090071046111,24.25687915872734,36.43089278635997,0.10902388173938618
2024-12-14 01:00:00,1,192.1632798750297,21.593777935185123,56.67133644396691,0.4163089050764493
2024-12-14 02:00:00,2,434.29500912559166,23.55517723184,14.962127401933545,1.8465761827999085
2024-12-14 03:00:00,3,459.13975005419917,27.310370832943025,75.56217246771023,0.5610189012521576
2024-12-14 04:00:00,4,495.4569123290977,25.299170822957095,41.13736633657972,1.458194936321851
2024-12-14 05:00:00,5,537.5265687733076,29.301319072229887,0.0,2.6876328438665382
2024-12-14 06:00:00,6,661.963592969026,20.310107349603797,13.096037718288873,2.8763629557623105
2024-12-14 07:00:00,7,745.9371144546668,27.308986947164993,58.41998328433638,1.5508038843929464
2024-12-14 08:00:00,8,918.4440940655393,19.908397504891163,54.86458285924789,2.072717865305414
2024-12-14 09:00:00,9,944.439328158153,23.341116864880338,30.361869631210052,3.288449452984492
2024-12-14 10:00:00,10,860.0338606216941,24.477848012373244,32.99835406115704,2.8811842112395483
2024-12-14 11:00:00,11,956.5727438465756,20.74808684894553,6.707794525480576,4.4620390485129775
2024-12-14 12:00:00,12,1070.2038042761137,22.544311257081773,56.42885480470684,2.3315002672334826
2024-12-14 13:00:00,13,1019.5778497717349,25.01180173201447,10.244658264510655,4.575627916609874
2024-12-14 14:00:00,14,1011.4173955700901,20.149605729723223,46.89482222246835,2.6855750299518846
2024-12-14 15:00:00,15,954.5132693158679,27.28856880330189,57.04084737330276,2.050254061037407
2024-12-14 16:00:00,16,996.1398625531474,18.1266285504769,30.963111084390178,3.438519851774623
2024-12-14 17:00:00,17,812.2367853971849,28.0994927528441,49.35222732244397,2.0568992033572737
2024-12-14 18:00:00,18,676.2249573568919,25.284396829057723,66.95279416051389,1.1173672679785465
2024-12-14 19:00:00,19,535.5010257180359,22.01124169567561,35.35937598421476,1.7307560231753447
2024-12-14 20:00:00,20,519.9687566567768,21.07241379094875,26.493963671361076,1.9110421158285122
2024-12-14 21:00:00,21,187.42711118308318,20.759333636285877,28.662942848969667,0.6685249271060062
2024-12-14 22:00:00,22,244.0759249559041,21.8730315038879,15.14024194655823,1.0356111969214015
2024-12-14 23:00:00,23,114.05900342634447,22.13493084001247,14.688324145262534,0.4865282364311345
2024-12-15 00:00:00,0,0.0,26.212145788741864,38.84813527651406,0.0
2024-12-15 01:00:00,1,56.2649251275719,28.352429349991873,26.721003557014306,0.2061518624144099
2024-12-15 02:00:00,2,323.5916475143801,23.044606810800143,36.551383537025316,1.0265721166881
2024-12-15 03:00:00,3,401.1403722910868,19.909581584869905,0.2012770029485722,2.0016648448606125
2024-12-15 04:00:00,4,508.14306669658606,20.809288926929536,28.147623496257197,1.8255643473024796
2024-12-15 05:00:00,5,633.2692317232824,21.897194695004266,50.60235700180927,1.5641003715202613
2024-12-15 06:00:00,6,714.5169882224615,19.356100732947795,7.621514460479638,3.3002998632125147
2024-12-15 07:00:00,7,892.7823453199005,18.909642842515982,30.330528282691024,3.109983717848879
2024-12-15 08:00:00,8,875.8997383207304,28.7378486859572,0.0,4.3794986916036525
2024-12-15 09:00:00,9,807.2224834057865,23.35430762667688,3.8907595545365226,3.879076987531544
2024-12-15 10:00:00,10,1096.336223479021,19.94706764779708,46.153217753560995,2.951708894727907
2024-12-15 11:00:00,11,1021.0720827601178,24.896277759911257,23.814314133741007,3.889553847198457
2024-12-15 12:00:00,12,952.8597015363946,18.911428674417582,66.44145731077084,1.5988291485427624
2024-12-15 13:00:00,13,891.1727239102088,19.15843090522496,38.64886220848625,2.7337230290326935
2024-12-15 14:00:00,14,997.5989639657121,20.037339845645384,40.61191329778649,2.962274688301705
2024-12-15 15:00:00,15,914.5057721133368,27.41000689143322,8.470359002102015,4.185219250601961
2024-12-15 16:00:00,16,991.9571466670315,21.687826851502997,22.29789246311094,3.853858044115366
2024-12-15 17:00:00,17,765.6807578378891,15.12134608813066,15.347276359047752,3.2408480795222854
2024-12-15 18:00:00,18,640.1163180119503,26.0766648483649,8.691165208988284,2.922413756419194
2024-12-15 19:00:00,19,680.425126467595,21.527322956351046,43.27786252192271,1.9297583783516528
2024-12-15 20:00:00,20,574.0225514173464,16.898243031202902,47.290317315373585,1.5128273269513992
2024-12-15 21:00:00,21,396.17554177390554,21.49641658494789,37.97874388334897,1.2285652371756188
2024-12-15 22:00:00,22,312.9276089165137,24.009478738652827,13.438656135480262,1.3543717180062145
2024-12-15 23:00:00,23,127.51122256067296,23.65861454843703,36.61460070194925,0.4041174878495436
2024-12-16 00:00:00,0,18.70920808073976,28.008517277434958,0.0,0.0935460404036988
2024-12-16 01:00:00,1,223.7254628251654,20.05496875223071,56.4601853741608,0.48704825892438913
2024-12-16 02:00:00,2,308.84451182424107,22.753432700735416,4.036996487251265,1.4818823486541406
2024-12-16 03:00:00,3,369.1414772984798,20.514564504205236,7.590820351230732,1.705603054574365
2024-12-16 04:00:00,4,608.189003674092,17.986693657378833,32.30584539140385,2.058542022298102
2024-12-16 05:00:00,5,419.5729991853996,25.269854456858365,34.083191204840915,1.3828456581457713
2024-12-16 06:00:00,6,871.2726461003024,24.003081047383063,28.54502803096431,3.112838125224233
2024-12-16 07:00:00,7,656.8766126999765,23.46430768903706,7.797441180354067,3.028285225985968
2024-12-16 08:00:00,8,815.8579778026548,23.893642919716434,52.666959872065846,1.9308519201014136
2024-12-16 09:00:00,9,920.606129695681,20.55685378187524,0.0,4.603030648478405
2024-12-16 10:00:00,10,954.2073726308155,19.59618707798592,0.3346201910311031,4.755072010488427
2024-12-16 11:00:00,11,1071.9577445759346,22.72621445644858,27.860344560910374,3.866533116948578
2024-12-16 12:00:00,12,915.3730705111813,26.096906547175344,4.7153203631122445,4.361051488594608
2024-12-16 13:00:00,13,1012.3062067724553,27.437503746301143,54.452505525518504,2.305400567972587
2024-12-16 14:00:00,14,919.6688584314882,24.9995704603628,6.4357072917417035,4.302408313247676
2024-12-16 15:00:00,15,947.4908108582802,22.70079562024479,61.14054304420625,1.840948919027873
2024-12-16 16:00:00,16,860.8436230006085,23.42262412814031,50.702443315431466,2.1218743650710925
2024-12-16 17:00:00,17,800.7881925058736,22.648053917916616,54.70111471015167,1.8137406236894273
2024-12-16 18:00:00,18,663.1127945894,19.535442320842215,67.74211965906491,1.0695306590203966
2024-12-16 19:00:00,19,567.9563130010341,22.68721447457213,31.62455848191531,1.9417131832214605
2024-12-16 20:00:00,20,522.981801122194,18.608791887175023,9.740508083600847,2.360203582540627
2024-12-16 21:00:00,21,458.1806728255735,22.24104066163138,27.939842484627164,1.6508285727155163
2024-12-16 22:00:00,22,210.95669836669322,27.521587671729456,18.666687891820747,0.8578903494784645
2024-12-16 23:00:00,23,61.02478865421922,25.081850008290555,15.816174549725552,0.256865007810334
2024-12-17 00:00:00,0,49.07681325374696,20.011427317248742,33.01706873613665,0.16436544044125953
2024-12-17 01:00:00,1,127.92588077543641,22.563497661031484,23.765915715845072,0.48761561885796867
2024-12-17 02:00:00,2,325.258895821397,20.277655934694117,14.95580631366007,1.3830690267219974
2024-12-17 03:00:00,3,310.21965529539796,22.5932435654267,25.091952148254833,1.161897439170978
2024-12-17 04:00:00,4,357.64488596612546,25.90410831953202,40.9795692840741,1.0554177606534463
2024-12-17 05:00:00,5,566.1211024626139,24.739808684888043,49.12834413185392,1.4399758952086779
2024-12-17 06:00:00,6,645.7985724453463,30.23321711219434,0.0,3.2289928622267317
2024-12-17 07:00:00,7,787.0502682848113,26.358217077481047,23.935978273429157,2.9933104353359647
2024-12-17 08:00:00,8,815.0777866428073,23.392786013191404,27.17313589050591,2.9679779603251464
2024-12-17 09:00:00,9,983.1608886182025,24.81223479235821,6.349599555447362,4.603670546025844
2024-12-17 10:00:00,10,942.8738052952671,22.173455347408325,27.60588533918602,3.412925718561178
2024-12-17 11:00:00,11,1003.4828212757224,19.398272128698842,32.95991219080055,3.363678822667381
2024-12-17 12:00:00,12,1012.6107646752755,26.698114604820894,40.37669090561981,3.0187602307265315
2024-12-17 13:00:00,13,1007.0412687667853,25.807759300753276,31.543160512633406,3.4469431246560918
2024-12-17 14:00:00,14,963.9954974526706,22.057622226176438,12.381011800048888,4.223215505805578
2024-12-17 15:00:00,15,964.7275877441119,23.602592080752345,70.24060055143693,1.4354856821362854
2024-12-17 16:00:00,16,802.3729930783741,26.50360243211275,46.58253543243196,2.1430365463868783
2024-12-17 17:00:00,17,905.306774423546,25.319839148576392,41.05439489299734,2.668192781293234
2024-12-17 18:00:00,18,688.1837905170648,18.391481116209235,50.09662514021872,1.717134683529914
2024-12-17 19:00:00,19,503.83749797682617,23.511644934427803,34.89218343620954,1.6401879698117172
2024-12-17 20:00:00,20,515.0458685593418,22.27789029349324,55.726017710439095,1.1401565831453906
2024-12-17 21:00:00,21,314.5889937692911,26.119786967374374,31.137439005715287,1.0831701885784233
2024-12-17 22:00:00,22,312.04580786323106,25.873913086306317,30.03494920548368,1.091615039868342
2024-12-17 23:00:00,23,307.2946383034422,26.736608354492468,42.70456957582408,0.8803289284318588
2024-12-18 00:00:00,0,0.0,19.595271985153182,61.52715092581847,0.0
2024-12-18 01:00:00,1,157.11597887797035,20.59662039914509,60.240972305786144,0.3123389277706371
2024-12-18 02:00:00,2,118.37859800615061,26.29120230972012,41.85695196519991,0.3441446255081952
2024-12-18 03:00:00,3,418.9958507203976,21.17401755528647,40.33223717153599,1.2500272523447593
2024-12-18 04:00:00,4,429.1428960160247,18.384656058570883,43.920848221929724,1.203298480008164
2024-12-18 05:00:00,5,558.774659533962,24.546744464156003,49.712418266731945,1.4049713180896575
2024-12-18 06:00:00,6,619.0038619993613,21.307299680515886,55.97463878826484,1.3625934307990473
2024-12-18 07:00:00,7,851.9254383756141,28.318327312239006,25.268318319923004,3.183291033792323
2024-12-18 08:00:00,8,946.6097523822995,23.837508663279195,56.36122579674783,2.065444462140381
2024-12-18 09:00:00,9,925.7503496839672,23.4297328612388,36.859902281426116,2.9225983771024815
2024-12-18 10:00:00,10,896.7716898622108,21.841223326466533,43.018632449999,2.554963863423707
2024-12-18 11:00:00,11,1118.6067042621191,27.72146100309472,57.63898643067989,2.369265688899003
2024-12-18 12:00:00,12,939.9671897796275,24.02461838098327,44.94124500181357,2.587671160420516
2024-12-18 13:00:00,13,818.4822773796151,21.723456446845187,48.31991126305681,2.1149618362296927
2024-12-18 14:00:00,14,1002.5969470856339,20.566703881497464,22.211629334351578,3.899519147407239
2024-12-18 15:00:00,15,835.4975586199655,22.728535837621152,59.966230874993606,1.6724058183149098
2024-12-18 16:00:00,16,945.1141072643727,20.01601448984939,43.9137342215225,2.650396050550905
2024-12-18 17:00:00,17,762.8623245573618,26.035587326350637,32.52131435680995,2.5738473493919716
2024-12-18 18:00:00,18,755.4038404300834,17.5239288392411,52.02148773786205,1.8121576210470427
2024-12-18 19:00:00,19,720.8814567328934,22.530412916314592,81.75660995520998,0.6575660795617297
2024-12-18 20:00:00,20,403.2912908303421,24.77935563657761,6.621509963561305,1.8829365891291803
2024-12-18 21:00:00,21,337.40846189369745,23.97531326164278,13.925347541534357,1.4521158047022726
2024-12-18 22:00:00,22,252.76535928995597,20.7971060822668,83.7061061767177,0.20592659632371726
2024-12-18 23:00:00,23,253.53029774279946,24.929731121433452,38.53389684608749,0.7791759716850533
2024-12-19 00:00:00,0,0.0,20.459614736409836,33.81739357263136,0.0
2024-12-19 01:00:00,1,82.965896544131,23.05057893207713,27.692285166756697,0.2999537194098695
2024-12-19 02:00:00,2,297.0702911469855,25.073257617508627,54.1687200194288,0.6807555843733647
2024-12-19 03:00:00,3,336.5051343082441,24.5064712400469,82.22494617620575,0.29906984371560763
2024-12-19 04:00:00,4,512.2020706318092,21.092615867309156,16.696229185333088,2.1334181951355036
2024-12-19 05:00:00,5,484.63843533127044,26.71021645126065,28.062465456213324,1.7431847091444994
2024-12-19 06:00:00,6,884.2531765910753,23.377816616024162,22.985457428642682,3.405017695621565
2024-12-19 07:00:00,7,685.536601866483,25.346719134385015,44.657299536385565,1.8969723406970436
2024-12-19 08:00:00,8,840.2851874652218,27.705035921587303,54.44786875301149,1.9138390572158068
2024-12-19 09:00:00,9,921.281049643919,26.47029454789138,62.418655706662335,1.731149015879781
2024-12-19 10:00:00,10,1118.940877037612,26.478121120560694,45.33436565240561,3.0583806420357336
2024-12-19 11:00:00,11,885.457198899191,23.695772691115977,80.38665582487235,0.8683388397177147
2024-12-19 12:00:00,12,1158.6963308383001,25.49953826429909,18.504940335851742,4.721401330714847
2024-12-19 13:00:00,13,1052.019007061972,23.758522625260508,13.309188951345917,4.560019048040105
2024-12-19 14:00:00,14,999.2934522429282,19.48975949823232,59.38688586632418,2.0292209514488486
2024-12-19 15:00:00,15,845.1088375498504,24.025964279082686,32.45664639192673,2.8540742525968645
2024-12-19 16:00:00,16,911.7167031474846,23.886815852782956,2.4811935316943803,4.44547623640806
2024-12-19 17:00:00,17,735.4744104976513,24.86892098613302,23.678740567251015,2.8066166644869686
2024-12-19 18:00:00,18,808.4396814424207,22.733741975927376,35.113173081945476,2.6228542841720746
2024-12-19 19:00:00,19,531.076466680102,20.83336623127601,17.0750352418529,2.2019748641664374
2024-12-19 20:00:00,20,490.94732044351315,25.08725115109324,9.706786258108227,2.216460567040758
2024-12-19 21:00:00,21,338.2615853240362,19.177916039810817,25.84741726948248,1.2541485095148304
2024-12-19 22:00:00,22,179.81720810836146,27.494190309136968,8.709331592765771,0.8207816559667528
2024-12-19 23:00:00,23,189.83177757268516,22.423478717952584,42.702620779604636,0.5438431673831943
2024-12-20 00:00:00,0,42.83669979277068,24.023653074353728,0.0,0.2141834989638534
2024-12-20 01:00:00,1,227.24700813213133,24.96274301802994,31.808498559308447,0.774815734121754
2024-12-20 02:00:00,2,116.42903644586744,25.059132692717796,40.39019776216605,0.34701559186398595
2024-12-20 03:00:00,3,467.8170885523733,19.06011565833002,28.189175205032473,1.6797165491063144
2024-12-20 04:00:00,4,700.4359124285513,25.759328299818012,51.86445794141746,1.685793116102308
2024-12-20 05:00:00,5,572.6301418745649,24.19653004331404,2.588775315917289,2.7890301705510696
2024-12-20 06:00:00,6,858.7186701552652,21.381284404509394,15.97820997247771,3.607553989824943
2024-12-20 07:00:00,7,772.3004385264492,21.03806770534748,23.39930707498221,2.9579374368710556
2024-12-20 08:00:00,8,756.2326247795339,22.284909312014687,44.25449138818613,2.1078286148591054
2024-12-20 09:00:00,9,899.428937118743,19.390843498353746,34.370151720922415,2.9514692340457556
2024-12-20 10:00:00,10,1049.7821437030905,28.4538707311463,72.86731965484836,1.4241701668572
2024-12-20 11:00:00,11,924.3907427872878,27.745522533615254,13.884282060522139,3.980228623586725
2024-12-20 12:00:00,12,951.972907279481,24.64216916111304,2.1002220283869732,4.659896812882607
2024-12-20 13:00:00,13,1038.9280159572654,22.61687330915895,65.78177965866122,1.7775133884407817
2024-12-20 14:00:00,14,966.1706356281543,22.695744594373036,1.382828321352342,4.764050772230491
2024-12-20 15:00:00,15,970.6493687102261,25.561265676707126,43.6612542279809,2.7342584008768127
2024-12-20 16:00:00,16,885.0517670451056,28.560549256691075,10.426599159560613,3.9638548347035214
2024-12-20 17:00:00,17,831.7233658553612,21.575878339394993,0.0,4.158616829276806
2024-12-20 18:00:00,18,672.5226863217844,19.93431043031525,22.504324123735362,2.6058800059313896
2024-12-20 19:00:00,19,627.2999043711521,27.929990878971036,47.9899992495432,1.6312934248552549
2024-12-20 20:00:00,20,425.8101595443252,17.925652795431866,5.564578230538526,2.0105781005145014
2024-12-20 21:00:00,21,485.758122165361,20.261476133427283,41.52189456289662,1.4203107342457661
2024-12-20 22:00:00,22,208.07706775713595,22.546494880652663,45.257271223729035,0.5695353242395325
2024-12-20 23:00:00,23,220.83399122400317,18.60576815477013,4.566197169613918,1.0537513788359365
2024-12-21 00:00:00,0,0.0,26.793358981776983,25.44477422575259,0.0
2024-12-21 01:00:00,1,146.68611308063726,26.02762760487249,61.54149644654328,0.28206642005772214
2024-12-21 02:00:00,2,219.22188103126476,21.732532111711237,43.01185239927486,0.6246524456759163
2024-12-21 03:00:00,3,301.4037978716475,27.29575415089043,24.77015070847959,1.133728114488796
2024-12-21 04:00:00,4,360.41916899157576,27.804789078568668,38.30590962507839,1.111786639231021
2024-12-21 05:00:00,5,524.3354963213238,23.117399848487,16.294733830591042,2.194482114082278
2024-12-21 06:00:00,6,681.1940729292738,22.104907260653167,52.2739135677005,1.6255363600896329
2024-12-21 07:00:00,7,810.3036745975461,30.235717876584623,52.26520129204279,1.9339841399615962
2024-12-21 08:00:00,8,946.8557488470996,25.620397259609653,32.418118301721094,3.199514660195998
2024-12-21 09:00:00,9,888.2189357275387,24.22588575226375,34.614123129153874,2.9038486982917417
2024-12-21 10:00:00,10,895.3689651476944,27.547549633276027,10.024062499886547,4.028083102383511
2024-12-21 11:00:00,11,876.0276784935933,24.362703698366253,2.959271458643414,4.25051820717058
2024-12-21 12:00:00,12,1038.4050894323284,21.940050035599626,22.467905121169384,4.025486095826394
2024-12-21 13:00:00,13,1102.1004226001578,23.69739107481985,28.251965806176436,3.953676940287176
2024-12-21 14:00:00,14,1067.2322477255716,26.572874655316394,51.252549947759775,2.601242534507118
2024-12-21 15:00:00,15,980.6741523630658,17.480355094309548,48.448555012366214,2.527758480816949
2024-12-21 16:00:00,16,917.1088691658466,22.592819575039528,33.696657767181854,3.0403691608527987
2024-12-21 17:00:00,17,929.1632426679826,27.606083989102004,53.810779687455735,2.145866286095474
2024-12-21 18:00:00,18,733.6732980998925,21.921306590076636,11.130276423711933,3.2600671598720514
2024-12-21 19:00:00,19,660.4518030906545,28.09523747465142,51.5467377455674,1.6000522210782184
2024-12-21 20:00:00,20,474.33729105183994,27.701143251436626,14.191425713010648,2.0351103338155547
2024-12-21 21:00:00,21,273.71996269670933,23.260324446890337,54.79389060128485,0.6186907289139835
2024-12-21 22:00:00,22,204.11113306255493,21.751293878690188,29.733070704600376,0.7171131277655226
2024-12-21 23:00:00,23,129.79346913727957,22.594835170908286,0.0,0.6489673456863978
2024-12-22 00:00:00,0,4.862829800104228,31.62105575487165,44.60314328062884,0.01346927428435311
2024-12-22 01:00:00,1,284.62906060848303,29.250485619667078,46.1909151900156,0.7657814630834026
2024-12-22 02:00:00,2,265.32121850980633,24.003385194287564,20.868398910228358,1.0497646411885067
2024-12-22 03:00:00,3,476.9909078871413,21.80275162400612,22.574808432119667,1.846555620964954
2024-12-22 04:00:00,4,465.1938206738946,23.978335385611135,26.809094402307924,1.7023978506786357
2024-12-22 05:00:00,5,583.8273581475019,24.35869305871764,0.0,2.919136790737509
2024-12-22 06:00:00,6,600.7861702086717,19.897136066039284,0.0,3.003930851043359
2024-12-22 07:00:00,7,733.9670992611095,23.867336086513127,56.03251276260778,1.613534453471431
2024-12-22 08:00:00,8,908.1839150935388,27.59442525330254,13.518646651788465,3.9270487033183232
2024-12-22 09:00:00,9,924.4843469428173,18.229142235217928,67.10528219152727,1.520532585551709
2024-12-22 10:00:00,10,1041.360915880847,26.106964174279092,57.40803602277828,2.2176803308241824
2024-12-22 11:00:00,11,1005.9451772414143,27.751606189031687,61.34390628539478,1.9442955521599634
2024-12-22 12:00:00,12,971.8037014689806,21.945540243584244,16.994020950656903,4.033275884210413
2024-12-22 13:00:00,13,1163.308610476767,28.709739553440517,0.0,5.816543052383834
2024-12-22 14:00:00,14,958.4135407920247,21.55620109152231,8.262353868112903,4.396130112659385
2024-12-22 15:00:00,15,1016.9196100877111,24.95046026444856,21.070905456941766,4.013227202365144
2024-12-22 16:00:00,16,833.9286672608645,22.706894224876457,0.0,4.169643336304322
2024-12-22 17:00:00,17,850.1212986419207,22.706223207379537,20.49148621751666,3.379594049492689
2024-12-22 18:00:00,18,781.3480339186826,21.775315069593212,25.966439449777784,2.8922988489957935
2024-12-22 19:00:00,19,625.4407866547672,25.722938721453406,4.11158056826611,2.998626424023296
2024-12-22 20:00:00,20,311.6413661842717,26.173628652061694,9.190298035083352,1.415002979156658
2024-12-22 21:00:00,21,384.14362923357896,23.433945680135782,25.588029576383963,1.42924421884748
2024-12-22 22:00:00,22,357.2558489233191,19.547307637850523,37.12573096620603,1.1231100179550608
2024-12-22 23:00:00,23,172.72465886227042,24.836722778770515,12.183546639995114,0.7584033474550662
2024-12-23 00:00:00,0,35.66711001833973,25.063962629238553,35.84505219152538,0.11441107908528536
2024-12-23 01:00:00,1,0.0,23.14777451684719,32.736920159757105,0.0
2024-12-23 02:00:00,2,201.1826394485161,29.3996134125489,30.93771718036782,0.6947066171996755
2024-12-23 03:00:00,3,415.59204285720494,19.10613175630451,16.95971752286846,1.725544031705523
2024-12-23 04:00:00,4,532.8306621429513,17.14606842024577,3.332408079292346,2.575372850543763
2024-12-23 05:00:00,5,705.9347714193528,21.60541485191346,63.929039598014796,1.2731872593125977
2024-12-23 06:00:00,6,695.51744077486,25.92919315328082,42.606118329148515,1.9959222847922886
2024-12-23 07:00:00,7,825.8192672251405,20.63038563870495,50.11463306121476,2.0598148585322438
2024-12-23 08:00:00,8,867.335343138942,20.855006795428245,28.327406303221554,3.108208682382666
2024-12-23 09:00:00,9,844.924113591162,26.650983559540936,26.719491154797243,3.0958234489771126
2024-12-23 10:00:00,10,785.4625198014885,25.185563319399723,39.81319361450775,2.363724030117653
2024-12-23 11:00:00,11,1025.9256367442163,24.929102279891673,0.0,5.129628183721081
2024-12-23 12:00:00,12,1013.9157766730249,26.142206309403058,7.707130612937107,4.678859817298296
2024-12-23 13:00:00,13,941.9908580057967,22.52234069118782,14.04450243943254,4.048464644869705
2024-12-23 14:00:00,14,836.3919817677993,22.660967328831898,20.90867154916475,3.307567647182101
2024-12-23 15:00:00,15,974.2586936639858,26.227257368690747,12.406086410596917,4.266956591326395
2024-12-23 16:00:00,16,844.7517978487946,19.763259208662873,36.65614250501493,2.6754918750783245
2024-12-23 17:00:00,17,837.903318080687,17.369760011810833,31.628944689256716,2.8644167052774985
2024-12-23 18:00:00,18,856.2306636194883,22.49806703012291,57.857293795027545,1.8041938650302347
2024-12-23 19:00:00,19,437.44695858314435,26.590539418203548,79.47518314225124,0.4489259354949123
2024-12-23 20:00:00,20,444.03193530381077,24.564598647966882,4.742995197031341,2.1148576096953287
2024-12-23 21:00:00,21,365.9333833001368,26.36979406337552,32.94610427936891,1.2268629462252552
2024-12-23 22:00:00,22,375.2051390342531,17.749036619736977,32.91051756413948,1.2586159292541563
2024-12-23 23:00:00,23,0.0,24.744409975976946,29.716038604706753,0.0
2024-12-24 00:00:00,0,154.86888205444836,25.93057653945278,8.303508580689968,0.7100466557211932
2024-12-24 01:00:00,1,141.3946643453548,19.91659075769359,11.656051087148992,0.624568150173787
2024-12-24 02:00:00,2,251.13899216381216,26.55515579716528,34.80811223832238,0.8186112494862037
2024-12-24 03:00:00,3,366.83865130757727,23.634426336008268,11.092998533855273,1.6307262254820662
2024-12-24 04:00:00,4,465.0989574255976,33.18299313034365,33.18543944334016,1.5537691227875974
2024-12-24 05:00:00,5,692.610769750253,17.43727481883544,25.0810043090879,2.5944851637199253
2024-12-24 06:00:00,6,621.6251208599524,28.076326128549898,32.83315806242564,2.087629811861299
2024-12-24 07:00:00,7,820.9864748227436,22.786508735947425,10.933990591311318,3.6560994545484315
2024-12-24 08:00:00,8,835.2908705278804,19.117527882205515,33.14938484669073,2.791985426336601
2024-12-24 09:00:00,9,862.9088566301588,22.388117594830668,12.380948330468193,3.7803627847587253
2024-12-24 10:00:00,10,1172.80384034378,24.801420749538043,33.21391217313837,3.9163490142440156
2024-12-24 11:00:00,11,1024.968920154087,27.081383034220774,56.78792244878314,2.2145518232642702
2024-12-24 12:00:00,12,1049.0612435728915,29.13487588992217,35.21967700032141,3.3979263102548205
2024-12-24 13:00:00,13,1082.4670038273032,28.234662291638674,36.437407647661146,3.440220444956625
2024-12-24 14:00:00,14,852.2178306635847,21.07283696341216,46.34413034995096,2.2863244417766437
2024-12-24 15:00:00,15,1064.0628852410493,27.359477102323996,1.9288331105347432,5.217694439968043
2024-12-24 16:00:00,16,665.3088295048326,25.142837896888267,64.37843147446026,1.1849672030426517
2024-12-24 17:00:00,17,731.8520274881537,22.00517396273868,8.888200147752599,3.334017772498106
2024-12-24 18:00:00,18,670.3842473322356,23.3332512450932,47.59321994737874,1.7566339900341263
2024-12-24 19:00:00,19,655.2992982063612,21.839455047191475,44.938199745126454,1.804097953249874
2024-12-24 20:00:00,20,517.4974612913189,24.080260051335014,11.956672769904792,2.278109916260756
2024-12-24 21:00:00,21,369.33825310921844,21.780009378643285,50.177722735335244,0.9200636425427206
2024-12-24 22:00:00,22,257.85925753230316,20.88500080587333,39.95625532826618,0.7741417710256232
2024-12-24 23:00:00,23,52.28435033824654,25.406340408873962,67.79957288804515,0.084178920608131
2024-12-25 00:00:00,0,0.0,26.026543657404446,33.86757502682586,0.0
2024-12-25 01:00:00,1,188.6471220069364,23.5775610123507,27.82913336954805,0.6807413141290602
2024-12-25 02:00:00,2,314.3155341054156,28.24330592443345,19.70474944163591,1.2619022282690189
2024-12-25 03:00:00,3,509.4429823776545,23.359060253140196,0.0,2.5472149118882728
2024-12-25 04:00:00,4,436.79863225478323,23.23202837724892,23.635448704976806,1.6677965779208184
2024-12-25 05:00:00,5,664.1866458327944,26.121818959662626,24.482032114822463,2.5079012894882378
2024-12-25 06:00:00,6,684.410242917369,23.743075257795525,35.241163651148696,2.2160805458281736
2024-12-25 07:00:00,7,888.5913391067139,24.394745199703966,1.5379377823506886,4.37462678585948
2024-12-25 08:00:00,8,947.7824259186898,16.57903660076834,25.219755776262417,3.543770064058305
2024-12-25 09:00:00,9,940.7762844492431,24.190474166839458,41.52502784044231,2.7505933520770807
2024-12-25 10:00:00,10,938.7634137557894,18.658764200211756,43.51019350985034,2.6515281791548424
2024-12-25 11:00:00,11,1068.319435662471,20.47750029962892,0.0,5.341597178312355
2024-12-25 12:00:00,12,1051.7523618605253,20.134384396359017,44.128132173064486,2.9381684474269263
2024-12-25 13:00:00,13,936.6896292069156,21.012602552024056,25.068521737570165,3.5093769294780723
2024-12-25 14:00:00,14,859.701932410714,22.493790433728776,26.29978245002892,3.168010972340008
2024-12-25 15:00:00,15,900.7969004567431,22.680874165989078,0.0,4.503984502283716
2024-12-25 16:00:00,16,987.2585090122955,26.13317762539691,59.871423251157594,1.980863942492381
2024-12-25 17:00:00,17,885.0723129898784,24.807515455029627,33.5359777002259,2.941273297373596
2024-12-25 18:00:00,18,618.1205836129012,18.43712872617158,0.0,3.0906029180645063
2024-12-25 19:00:00,19,515.3408357367271,24.39023592526596,37.50403149832933,1.6103362318913568
2024-12-25 20:00:00,20,601.9747079743588,25.095117752375817,36.88956881694049,1.899544169077906
2024-12-25 21:00:00,21,291.8325599844636,23.15465246386666,54.450883058659784,0.6646357701011508
2024-12-25 22:00:00,22,299.5626709938817,23.957694081905426,23.80622461418244,1.1412405433841692
2024-12-25 23:00:00,23,81.2404949931461,24.711282388816706,30.239921378771726,0.2833671658974687
2024-12-26 00:00:00,0,129.3635939617346,26.605774524883536,17.143843995241845,0.5359285061314836
2024-12-26 01:00:00,1,68.89220828902126,19.58733576958859,41.95897227985476,0.19992872855025512
2024-12-26 02:00:00,2,350.2879675189871,23.579024616057847,14.330193166499008,1.500455125672565
2024-12-26 03:00:00,3,397.472124689919,28.83698402614998,12.140189658395403,1.7460912745665447
2024-12-26 04:00:00,4,520.1755883387428,28.561959656870663,28.64404924440159,1.8558811832881887
2024-12-26 05:00:00,5,451.13674250060853,26.864786515304132,5.482724573923427,2.13201078728765
2024-12-26 06:00:00,6,530.87371293009,25.922449783843824,62.04262437078469,1.0075286466681823
2024-12-26 07:00:00,7,775.7080650698502,29.27587997718306,68.54533455483751,1.2199818834943237
2024-12-26 08:00:00,8,885.7778888577674,30.06551973679679,20.92819829156369,3.502002679273936
2024-12-26 09:00:00,9,833.8637062922687,23.924735767836236,2.2680998688566945,4.074754223317051
2024-12-26 10:00:00,10,878.830353450961,21.403678402111833,36.73184077804123,2.7800989365612847
2024-12-26 11:00:00,11,1036.3626717599009,23.50109877910331,20.35794964062152,4.1269024047441025
2024-12-26 12:00:00,12,1045.0283584365704,33.60206227329296,53.49362265056064,2.430024158915816
2024-12-26 13:00:00,13,980.4255765427761,19.60390670380121,14.257068089401928,4.203228172645806
2024-12-26 14:00:00,14,1028.3419639839544,22.900358313388544,40.89026444856886,3.0392510773765435
2024-12-26 15:00:00,15,829.943348853675,20.0739022744989,32.27987178783386,2.81019349966027
2024-12-26 16:00:00,16,837.550610417481,24.686267320608952,16.474769787731802,3.497830377477293
2024-12-26 17:00:00,17,925.1835487539292,20.703902645292192,34.80099656983883,3.0160522684368054
2024-12-26 18:00:00,18,712.572551581733,23.98572266347594,47.57065116949699,1.867985743696014
2024-12-26 19:00:00,19,618.8664301756806,18.461690251920515,31.736970381107938,2.112284872661024
2024-12-26 20:00:00,20,684.475726877419,26.164837727230747,31.94569330252517,2.3290760521946443
2024-12-26 21:00:00,21,270.7360590971882,27.979011501380718,12.544331442926506,1.1838701525425979
2024-12-26 22:00:00,22,322.53347443388986,23.160144865786418,52.88409595808272,0.7598228115866668
2024-12-26 23:00:00,23,263.6450946046999,23.906585710749688,50.89093156286367,0.6473682497028745
2024-12-27 00:00:00,0,0.0,23.99358163557352,21.788816226270068,0.0
2024-12-27 01:00:00,1,199.29665516843926,25.026535353442533,27.514230810340088,0.7223085673405364
2024-12-27 02:00:00,2,180.25748532564842,24.369294566868174,58.284413453806536,0.37597733648506426
2024-12-27 03:00:00,3,327.7448407197017,26.78815418505954,7.328583579050893,1.5186289307076557
2024-12-27 04:00:00,4,530.7973132838106,28.182920728120294,42.08576782717563,1.5370359419115
2024-12-27 05:00:00,5,672.6467628575679,22.04158966029091,18.827724537377435,2.7300134161857925
2024-12-27 06:00:00,6,796.7817021790472,23.555817849444566,65.56155753503282,1.3719960403815865
2024-12-27 07:00:00,7,918.9236272463947,27.18866167454169,31.26893457330674,3.1579299973203123
2024-12-27 08:00:00,8,860.629679100024,20.21879618359036,55.20757036280085,1.9274847172386553
2024-12-27 09:00:00,9,1019.3684729250937,18.571639482230747,14.773453030777429,4.343862751834759
2024-12-27 10:00:00,10,938.5414388131364,25.162751186462895,5.029426353514644,4.456690941754065
2024-12-27 11:00:00,11,1063.6121663008716,25.972842560978933,25.31481085597776,3.9718037908031927
2024-12-27 12:00:00,12,1016.5991038281745,22.316902763906683,35.25366915893673,3.2910530954593713
2024-12-27 13:00:00,13,1027.0990939403641,22.747850165406092,19.785366359671734,4.1194188766369715
2024-12-27 14:00:00,14,999.8064562108315,22.20322636254476,45.166148525499345,2.7411619361555792
2024-12-27 15:00:00,15,795.5031317274618,21.883027609734153,25.800928643791416,2.9512796817566667
2024-12-27 16:00:00,16,776.0956550755768,26.564290789581257,0.0,3.8804782753778837
2024-12-27 17:00:00,17,801.5566554766372,20.94230786677454,41.05623958386001,2.362338173018868
2024-12-27 18:00:00,18,572.1244548152542,23.68723474346741,12.349258817056853,2.507356625672215
2024-12-27 19:00:00,19,675.2583172647012,21.7677948252229,22.768052366469632,2.6075757499046617
2024-12-27 20:00:00,20,569.7244773030512,20.11793640006381,61.06262407078711,1.109178807441161
2024-12-27 21:00:00,21,408.8570765953131,27.09433785200777,65.4562344824218,0.7061731492055502
2024-12-27 22:00:00,22,169.12832408188729,22.924327661246842,18.490131298143773,0.6892813744839811
2024-12-27 23:00:00,23,240.93730732953318,25.049123569029728,41.555732612636795,0.7040702206579271
2024-12-28 00:00:00,0,162.97685117746863,20.131556244369513,18.954510191547108,0.6604269365558639
2024-12-28 01:00:00,1,142.2923384157295,22.429965522503114,24.26254042202794,0.5388430114508217
2024-12-28 02:00:00,2,299.6618753786197,26.92404752585756,17.884491702028946,1.2303443607119307
2024-12-28 03:00:00,3,398.82252474877333,32.417598251308476,0.0,1.9941126237438667
2024-12-28 04:00:00,4,542.4295351199038,18.727135690601607,31.901104474674188,1.846942612099069
2024-12-28 05:00:00,5,599.1967284786089,24.052460497904264,35.76330773892333,1.9245207925562156
2024-12-28 06:00:00,6,704.3416419990433,25.892625678203043,16.579965093777233,2.9378102180733223
2024-12-28 07:00:00,7,865.8107483310246,22.80748342405469,51.75583422874218,2.0885158634509366
2024-12-28 08:00:00,8,1053.6753367361537,27.204349844754915,21.27839565809561,4.147350648168318
2024-12-28 09:00:00,9,811.8738337591475,22.055585871791603,17.255763502819704,3.3588940253219675
2024-12-28 10:00:00,10,957.620827536831,25.117326864422466,40.53006236216213,2.847482544715502
2024-12-28 11:00:00,11,897.0080225552437,23.089568170277463,0.0,4.485040112776218
2024-12-28 12:00:00,12,1127.3619918860866,28.31407713263686,48.133580634056116,2.9236114924194796
2024-12-28 13:00:00,13,944.4258238282183,22.626690374665728,21.956616852112745,3.6853093211892354
2024-12-28 14:00:00,14,850.4697627862049,23.600162494912993,49.78572152788179,2.1352862750331405
2024-12-28 15:00:00,15,974.9344924191727,27.492850996264007,55.762610516583116,2.1564278430982147
2024-12-28 16:00:00,16,1005.5702929638876,21.57166790649395,42.803068847142825,2.875776740800695
2024-12-28 17:00:00,17,846.4411697760963,24.86203405406326,13.760534145433777,3.649831717940237
2024-12-28 18:00:00,18,723.4906113691011,19.188180852712737,4.983365870311907,3.4371821358361117
2024-12-28 19:00:00,19,641.4927028308002,21.391983507885318,1.3185467332952783,3.165171608766485
2024-12-28 20:00:00,20,613.1872530260442,25.802177711444955,52.05821403402622,1.4698646020819013
2024-12-28 21:00:00,21,312.7474907639579,21.683691355163845,27.303997755996335,1.13677461451916
2024-12-28 22:00:00,22,249.871276775616,23.02206508830117,18.01556410938303,1.0242777835858548
2024-12-28 23:00:00,23,94.31098033928933,26.135043089916355,27.358356969222164,0.3425452283844681
2024-12-29 00:00:00,0,0.0,23.090308015000854,51.61242417908336,0.0
2024-12-29 01:00:00,1,104.25617146670737,27.29639265809072,45.574795707191,0.28370817154308364
2024-12-29 02:00:00,2,347.4367327811167,25.474854800899838,38.770123114177096,1.0636754186900164
2024-12-29 03:00:00,3,428.0116042365078,26.134915774215155,42.7577211485281,1.2250179800686007
2024-12-29 04:00:00,4,551.5448400086559,28.550763234657243,33.603447109938976,1.8310338070437482
2024-12-29 05:00:00,5,620.479477940986,25.78733562628384,36.0422611459285,1.98422322072301
2024-12-29 06:00:00,6,748.9726838048347,29.444408309849678,34.42050462302094,2.4558625327531383
2024-12-29 07:00:00,7,729.3061129033869,27.561653287555117,29.998775087448927,2.5526160619724174
2024-12-29 08:00:00,8,841.2646129102601,23.257509148938276,45.06747767662563,2.310639356427888
2024-12-29 09:00:00,9,939.2398714687807,28.70731066350546,37.2256421240079,2.9480089911491034
2024-12-29 10:00:00,10,988.1270949996195,25.619464501150482,12.385699377860842,4.328703217708886
2024-12-29 11:00:00,11,1017.0598897675601,23.643827312460136,40.57748771045307,3.021812689945904
2024-12-29 12:00:00,12,988.9331774386898,25.663023524404295,34.944941327586086,3.216755294068534
2024-12-29 13:00:00,13,961.2509892833839,28.164846911612436,42.22826937830198,2.7766566606360197
2024-12-29 14:00:00,14,1218.5475289326123,26.19300172116831,27.91586172769943,4.39189742834743
2024-12-29 15:00:00,15,996.4225143458787,30.295044936095838,46.23480627534316,2.6786424757707916
2024-12-29 16:00:00,16,899.0772018606485,28.087458112138112,28.771828982676862,3.2019812345953316
2024-12-29 17:00:00,17,774.6966604347238,26.397346538648133,44.477593732010895,2.1506511357555564
2024-12-29 18:00:00,18,671.0092750310375,21.749662190218174,20.87056968098978,2.654829083598903
2024-12-29 19:00:00,19,598.2973815105643,24.288668896411284,22.254918918020948,2.3257339218337285
2024-12-29 20:00:00,20,523.4263074869345,25.0428588576942,42.04105046420249,1.5168619470672033
2024-12-29 21:00:00,21,232.2485888400434,26.917760942094887,23.364532125105114,0.8899239634520408
2024-12-29 22:00:00,22,133.26787747254633,26.739865562258224,74.11565389496323,0.17247759325915113
2024-12-29 23:00:00,23,79.5756011049354,25.336487669096506,41.328899735580535,0.23343940355145565
2024-12-30 00:00:00,0,16.57115494228548,25.36104974613152,30.498469723084014,0.057586031347236014
2024-12-30 01:00:00,1,111.38434044790345,27.161370685228217,46.39801553517698,0.29852108431565394
2024-12-30 02:00:00,2,377.06874319047955,22.42424132311005,20.386391800469664,1.500990159232808
2024-12-30 03:00:00,3,264.09168940542827,30.086547457749575,48.46029638466035,0.6805603699615054
2024-12-30 04:00:00,4,439.89236243173025,18.858499344509593,47.90470433327065,1.1458161341208526
2024-12-30 05:00:00,5,730.3687682880087,29.366228446516097,55.070681155591004,1.6407485632205108
2024-12-30 06:00:00,6,717.5963271605593,24.86444341472452,21.183809373028453,2.8279104457350646
2024-12-30 07:00:00,7,864.140746915328,28.00773944281479,5.5453349172451,4.081106241712448
2024-12-30 08:00:00,8,1030.1251592459955,26.091521302877844,17.796907215949034,4.233973702234192
2024-12-30 09:00:00,9,868.3751790791408,26.038103232732414,24.36738968054506,3.283874076518978
2024-12-30 10:00:00,10,957.9806792657058,26.662763428079572,63.3442320170351,1.7557758755663415
2024-12-30 11:00:00,11,969.6507092993405,27.42716286726334,73.90024058255497,1.2653825115833854
2024-12-30 12:00:00,12,843.6325596413379,24.01350752023829,36.89324609287965,2.661945616465997
2024-12-30 13:00:00,13,966.6131170733327,28.104397391578715,30.187812160371987,3.374068824868592
2024-12-30 14:00:00,14,1036.4108012795218,21.746588129263657,23.001843390515777,3.9900860594340832
2024-12-30 15:00:00,15,967.1266958562661,24.984008280021634,46.493807004217345,2.5873633819929482
2024-12-30 16:00:00,16,915.5520573354795,27.507909772816838,73.77162783983036,1.2006720045901966
2024-12-30 17:00:00,17,763.3126218400754,27.985052738847674,65.71701782376543,1.3084316504719091
2024-12-30 18:00:00,18,654.6190023060964,26.38236654478421,52.75953225211667,1.5462253932796355
2024-12-30 19:00:00,19,710.3018827606104,23.8198226861328,52.46605062227713,1.688172686902205
2024-12-30 20:00:00,20,460.2146282913863,27.69012333510612,46.64619772508229,1.2277100140941688
2024-12-30 21:00:00,21,406.20999546854705,22.991901282643745,29.054187085829305,1.4409449171188833
2024-12-30 22:00:00,22,271.88581955672413,30.25422722124674,15.269035549184085,1.1518573855770873
2024-12-30 23:00:00,23,247.46355352062147,24.745987307501014,29.583718213441173,0.8712731658305631
2024-12-31 00:00:00,0,77.71298861378878,20.553256478940458,38.44679204262707,0.2391741874566748
2024-12-31 01:00:00,1,26.905502566681903,21.588083157508684,0.9273220256340977,0.13328000957636757
2024-12-31 02:00:00,2,163.8147917605176,25.303064472197104,26.940985412675822,0.5984073630425564
2024-12-31 03:00:00,3,428.9962178106205,25.5916093755365,13.481352908174529,1.8558086186242486
2024-12-31 04:00:00,4,494.8529882096666,31.081103616411625,50.27682322136283,1.2302831306093054
2024-12-31 05:00:00,5,572.3476862924194,22.05663554871566,19.005831956865787,2.3178412341333643
2024-12-31 06:00:00,6,788.3570119061052,25.29052015947013,36.56440663961975,2.500494741504007
2024-12-31 07:00:00,7,808.3500908583482,21.99386934031217,15.999594141288469,3.3950867854013795
2024-12-31 08:00:00,8,870.221994735594,23.69416900191813,61.95398651921831,1.6554238871491571
2024-12-31 09:00:00,9,986.2658237716905,30.224049651766354,0.0,4.931329118858453
2024-12-31 10:00:00,10,935.9171066935833,21.763124892090367,39.516807536879334,2.8303627246837517
2024-12-31 11:00:00,11,1116.9263802116145,26.933260833761842,4.454846631201352,5.335845114948791
2024-12-31 12:00:00,12,936.9561901413593,26.350855638601516,19.813346990302982,3.756569045207644
2024-12-31 13:00:00,13,1043.9991866811772,25.099619282483715,34.123734073690095,3.438738402433025
2024-12-31 14:00:00,14,1080.632453381856,26.73044343113355,35.10714062633675,3.5062664915962745
2024-12-31 15:00:00,15,813.6958933695188,21.692072415728475,34.58533682190826,2.6613821397081763
2024-12-31 16:00:00,16,838.5585897162428,30.141101084969012,33.034982819510006,2.8077045183597824
2024-12-31 17:00:00,17,884.72993172208,30.9466700469289,17.163114762531148,3.6644135910107796
2024-12-31 18:00:00,18,799.6863450050297,25.31344765483628,26.71893353822378,2.930093409844424
2024-12-31 19:00:00,19,595.0417809776616,32.441451953399,30.6326803235783,2.0638226720952377
2024-12-31 20:00:00,20,441.2263125058511,23.97504976690858,33.90720793517766,1.4580939462988771
2024-12-31 21:00:00,21,459.15829815155087,26.37342954312718,28.686390543860234,1.6372117776462738
2024-12-31 22:00:00,22,353.5029733090494,29.467800752881878,44.59180841968909,0.9793480234658675
2024-12-31 23:00:00,23,37.353124339060415,23.79512018088961,31.86773940301885,0.12724764007901518
